t_s,v_volt
-5.000000e-06,-0.160804
-4.997600e-06,-0.080402
-4.995200e-06,-0.080402
-4.992800e-06,-0.080402
-4.990400e-06,-0.080402
-4.988000e-06,-0.160804
-4.985600e-06,-0.080402
-4.983200e-06,-0.160804
-4.980800e-06,-0.080402
-4.978400e-06,-0.080402
-4.976000e-06,-0.160804
-4.973600e-06,-0.080402
-4.971200e-06,-0.160804
-4.968800e-06,-0.160804
-4.966400e-06,-0.160804
-4.964000e-06,-0.160804
-4.961600e-06,-0.160804
-4.959200e-06,-0.080402
-4.956800e-06,-0.160804
-4.954400e-06,-0.080402
-4.952000e-06,-0.080402
-4.949600e-06,-0.080402
-4.947200e-06,-0.080402
-4.944800e-06,-0.080402
-4.942400e-06,-0.080402
-4.940000e-06,-0.160804
-4.937600e-06,-0.080402
-4.935200e-06,-0.080402
-4.932800e-06,-0.080402
-4.930400e-06,-0.080402
-4.928000e-06,-0.160804
-4.925600e-06,-0.080402
-4.923200e-06,-0.160804
-4.920800e-06,-0.160804
-4.918400e-06,-0.080402
-4.916000e-06,-0.080402
-4.913600e-06,-0.080402
-4.911200e-06,-0.080402
-4.908800e-06,-0.080402
-4.906400e-06,-0.080402
-4.904000e-06,-0.160804
-4.901600e-06,-0.080402
-4.899200e-06,-0.080402
-4.896800e-06,-0.080402
-4.894400e-06,-0.080402
-4.892000e-06,-0.080402
-4.889600e-06,-0.080402
-4.887200e-06,-0.160804
-4.884800e-06,-0.080402
-4.882400e-06,-0.080402
-4.880000e-06,-0.080402
-4.877600e-06,-0.080402
-4.875200e-06,-0.080402
-4.872800e-06,-0.080402
-4.870400e-06,-0.080402
-4.868000e-06,-0.080402
-4.865600e-06,-0.080402
-4.863200e-06,-0.080402
-4.860800e-06,-0.080402
-4.858400e-06,-0.080402
-4.856000e-06,-0.080402
-4.853600e-06,-0.080402
-4.851200e-06,-0.080402
-4.848800e-06,-0.080402
-4.846400e-06,-0.080402
-4.844000e-06,-0.080402
-4.841600e-06,-0.080402
-4.839200e-06,-0.080402
-4.836800e-06,-0.080402
-4.834400e-06,-0.080402
-4.832000e-06,-0.080402
-4.829600e-06,-0.080402
-4.827200e-06,-0.080402
-4.824800e-06,-0.080402
-4.822400e-06,-0.080402
-4.820000e-06,-0.080402
-4.817600e-06,-0.080402
-4.815200e-06,-0.080402
-4.812800e-06,-0.080402
-4.810400e-06,-0.080402
-4.808000e-06,-0.080402
-4.805600e-06,-0.080402
-4.803200e-06,-0.160804
-4.800800e-06,-0.080402
-4.798400e-06,-0.080402
-4.796000e-06,-0.080402
-4.793600e-06,-0.080402
-4.791200e-06,-0.080402
-4.788800e-06,-0.080402
-4.786400e-06,-0.080402
-4.784000e-06,-0.160804
-4.781600e-06,-0.080402
-4.779200e-06,-0.080402
-4.776800e-06,-0.080402
-4.774400e-06,-0.080402
-4.772000e-06,-0.160804
-4.769600e-06,-0.080402
-4.767200e-06,-0.080402
-4.764800e-06,-0.080402
-4.762400e-06,-0.080402
-4.760000e-06,-0.080402
-4.757600e-06,-0.080402
-4.755200e-06,-0.080402
-4.752800e-06,-0.080402
-4.750400e-06,-0.080402
-4.748000e-06,-0.080402
-4.745600e-06,-0.080402
-4.743200e-06,-0.080402
-4.740800e-06,-0.080402
-4.738400e-06,-0.080402
-4.736000e-06,-0.080402
-4.733600e-06,-0.080402
-4.731200e-06,-0.080402
-4.728800e-06,-0.080402
-4.726400e-06,-0.080402
-4.724000e-06,-0.080402
-4.721600e-06,-0.080402
-4.719200e-06,-0.080402
-4.716800e-06,-0.080402
-4.714400e-06,-0.080402
-4.712000e-06,-0.080402
-4.709600e-06,-0.080402
-4.707200e-06,-0.080402
-4.704800e-06,-0.080402
-4.702400e-06,-0.080402
-4.700000e-06,-0.080402
-4.697600e-06,-0.080402
-4.695200e-06,-0.080402
-4.692800e-06,-0.080402
-4.690400e-06,-0.080402
-4.688000e-06,-0.080402
-4.685600e-06,-0.080402
-4.683200e-06,-0.080402
-4.680800e-06,-0.080402
-4.678400e-06,-0.080402
-4.676000e-06,-0.080402
-4.673600e-06,-0.080402
-4.671200e-06,-0.080402
-4.668800e-06,-0.080402
-4.666400e-06,-0.080402
-4.664000e-06,-0.080402
-4.661600e-06,-0.080402
-4.659200e-06,-0.080402
-4.656800e-06,-0.080402
-4.654400e-06,-0.080402
-4.652000e-06,-0.080402
-4.649600e-06,-0.080402
-4.647200e-06,-0.080402
-4.644800e-06,-0.080402
-4.642400e-06,-0.080402
-4.640000e-06,-0.080402
-4.637600e-06,-0.080402
-4.635200e-06,-0.080402
-4.632800e-06,-0.080402
-4.630400e-06,-0.080402
-4.628000e-06,-0.080402
-4.625600e-06,-0.080402
-4.623200e-06,-0.080402
-4.620800e-06,-0.080402
-4.618400e-06,-0.080402
-4.616000e-06,-0.080402
-4.613600e-06,-0.080402
-4.611200e-06,-0.080402
-4.608800e-06,-0.080402
-4.606400e-06,-0.080402
-4.604000e-06,-0.080402
-4.601600e-06,-0.080402
-4.599200e-06,-0.080402
-4.596800e-06,-0.080402
-4.594400e-06,-0.080402
-4.592000e-06,-0.080402
-4.589600e-06,-0.080402
-4.587200e-06,-0.080402
-4.584800e-06,-0.080402
-4.582400e-06,-0.080402
-4.580000e-06,-0.080402
-4.577600e-06,-0.080402
-4.575200e-06,-0.080402
-4.572800e-06,-0.080402
-4.570400e-06,-0.080402
-4.568000e-06,-0.080402
-4.565600e-06,-0.080402
-4.563200e-06,-0.080402
-4.560800e-06,-0.080402
-4.558400e-06,-0.080402
-4.556000e-06,-0.080402
-4.553600e-06,-0.080402
-4.551200e-06,-0.080402
-4.548800e-06,-0.080402
-4.546400e-06,-0.080402
-4.544000e-06,-0.080402
-4.541600e-06,-0.080402
-4.539200e-06,-0.080402
-4.536800e-06,-0.080402
-4.534400e-06,-0.080402
-4.532000e-06,-0.080402
-4.529600e-06,-0.080402
-4.527200e-06,-0.080402
-4.524800e-06,-0.080402
-4.522400e-06,-0.080402
-4.520000e-06,-0.080402
-4.517600e-06,-0.080402
-4.515200e-06,-0.080402
-4.512800e-06,-0.080402
-4.510400e-06,-0.080402
-4.508000e-06,-0.080402
-4.505600e-06,-0.080402
-4.503200e-06,-0.080402
-4.500800e-06,-0.080402
-4.498400e-06,-0.080402
-4.496000e-06,-0.080402
-4.493600e-06,-0.080402
-4.491200e-06,-0.080402
-4.488800e-06,-0.080402
-4.486400e-06,-0.080402
-4.484000e-06,-0.080402
-4.481600e-06,-0.080402
-4.479200e-06,-0.080402
-4.476800e-06,-0.080402
-4.474400e-06,-0.080402
-4.472000e-06,-0.080402
-4.469600e-06,-0.080402
-4.467200e-06,-0.080402
-4.464800e-06,-0.080402
-4.462400e-06,-0.080402
-4.460000e-06,-0.080402
-4.457600e-06,-0.080402
-4.455200e-06,-0.080402
-4.452800e-06,-0.080402
-4.450400e-06,-0.160804
-4.448000e-06,-0.080402
-4.445600e-06,-0.080402
-4.443200e-06,-0.080402
-4.440800e-06,-0.080402
-4.438400e-06,-0.080402
-4.436000e-06,-0.080402
-4.433600e-06,-0.080402
-4.431200e-06,-0.080402
-4.428800e-06,-0.080402
-4.426400e-06,-0.080402
-4.424000e-06,-0.080402
-4.421600e-06,-0.080402
-4.419200e-06,-0.080402
-4.416800e-06,-0.080402
-4.414400e-06,-0.080402
-4.412000e-06,-0.080402
-4.409600e-06,-0.080402
-4.407200e-06,-0.080402
-4.404800e-06,-0.080402
-4.402400e-06,-0.080402
-4.400000e-06,-0.080402
-4.397600e-06,-0.080402
-4.395200e-06,-0.080402
-4.392800e-06,-0.080402
-4.390400e-06,-0.080402
-4.388000e-06,-0.080402
-4.385600e-06,-0.080402
-4.383200e-06,-0.080402
-4.380800e-06,-0.080402
-4.378400e-06,-0.080402
-4.376000e-06,-0.080402
-4.373600e-06,-0.080402
-4.371200e-06,-0.080402
-4.368800e-06,-0.080402
-4.366400e-06,-0.080402
-4.364000e-06,-0.160804
-4.361600e-06,-0.080402
-4.359200e-06,-0.080402
-4.356800e-06,-0.080402
-4.354400e-06,-0.080402
-4.352000e-06,-0.080402
-4.349600e-06,-0.080402
-4.347200e-06,-0.080402
-4.344800e-06,-0.080402
-4.342400e-06,-0.080402
-4.340000e-06,-0.080402
-4.337600e-06,-0.080402
-4.335200e-06,-0.080402
-4.332800e-06,-0.080402
-4.330400e-06,-0.080402
-4.328000e-06,-0.080402
-4.325600e-06,-0.080402
-4.323200e-06,-0.080402
-4.320800e-06,-0.080402
-4.318400e-06,-0.080402
-4.316000e-06,-0.080402
-4.313600e-06,-0.080402
-4.311200e-06,-0.080402
-4.308800e-06,-0.080402
-4.306400e-06,-0.080402
-4.304000e-06,-0.080402
-4.301600e-06,-0.080402
-4.299200e-06,-0.080402
-4.296800e-06,-0.080402
-4.294400e-06,-0.080402
-4.292000e-06,-0.080402
-4.289600e-06,-0.080402
-4.287200e-06,-0.080402
-4.284800e-06,-0.080402
-4.282400e-06,-0.080402
-4.280000e-06,-0.080402
-4.277600e-06,-0.080402
-4.275200e-06,-0.160804
-4.272800e-06,-0.080402
-4.270400e-06,-0.080402
-4.268000e-06,-0.080402
-4.265600e-06,-0.080402
-4.263200e-06,-0.080402
-4.260800e-06,-0.080402
-4.258400e-06,-0.080402
-4.256000e-06,-0.080402
-4.253600e-06,-0.080402
-4.251200e-06,-0.080402
-4.248800e-06,-0.080402
-4.246400e-06,-0.080402
-4.244000e-06,-0.080402
-4.241600e-06,-0.080402
-4.239200e-06,-0.080402
-4.236800e-06,-0.080402
-4.234400e-06,-0.080402
-4.232000e-06,-0.080402
-4.229600e-06,-0.080402
-4.227200e-06,-0.080402
-4.224800e-06,-0.080402
-4.222400e-06,-0.080402
-4.220000e-06,-0.080402
-4.217600e-06,-0.080402
-4.215200e-06,-0.080402
-4.212800e-06,-0.160804
-4.210400e-06,-0.080402
-4.208000e-06,-0.080402
-4.205600e-06,-0.080402
-4.203200e-06,-0.080402
-4.200800e-06,-0.080402
-4.198400e-06,-0.080402
-4.196000e-06,-0.160804
-4.193600e-06,-0.080402
-4.191200e-06,-0.080402
-4.188800e-06,-0.080402
-4.186400e-06,-0.080402
-4.184000e-06,-0.080402
-4.181600e-06,-0.160804
-4.179200e-06,-0.080402
-4.176800e-06,-0.080402
-4.174400e-06,-0.080402
-4.172000e-06,-0.080402
-4.169600e-06,-0.080402
-4.167200e-06,-0.080402
-4.164800e-06,-0.080402
-4.162400e-06,-0.080402
-4.160000e-06,-0.160804
-4.157600e-06,-0.160804
-4.155200e-06,-0.160804
-4.152800e-06,-0.080402
-4.150400e-06,-0.080402
-4.148000e-06,-0.080402
-4.145600e-06,-0.080402
-4.143200e-06,-0.160804
-4.140800e-06,-0.080402
-4.138400e-06,-0.160804
-4.136000e-06,-0.080402
-4.133600e-06,-0.080402
-4.131200e-06,-0.080402
-4.128800e-06,-0.080402
-4.126400e-06,-0.080402
-4.124000e-06,-0.080402
-4.121600e-06,-0.080402
-4.119200e-06,-0.080402
-4.116800e-06,-0.080402
-4.114400e-06,-0.080402
-4.112000e-06,-0.080402
-4.109600e-06,-0.080402
-4.107200e-06,-0.080402
-4.104800e-06,-0.080402
-4.102400e-06,-0.080402
-4.100000e-06,-0.080402
-4.097600e-06,-0.080402
-4.095200e-06,-0.080402
-4.092800e-06,-0.160804
-4.090400e-06,-0.160804
-4.088000e-06,-0.160804
-4.085600e-06,-0.080402
-4.083200e-06,-0.080402
-4.080800e-06,-0.080402
-4.078400e-06,-0.160804
-4.076000e-06,-0.160804
-4.073600e-06,-0.160804
-4.071200e-06,-0.080402
-4.068800e-06,-0.080402
-4.066400e-06,-0.080402
-4.064000e-06,-0.080402
-4.061600e-06,-0.080402
-4.059200e-06,-0.160804
-4.056800e-06,-0.080402
-4.054400e-06,-0.080402
-4.052000e-06,-0.160804
-4.049600e-06,-0.160804
-4.047200e-06,-0.160804
-4.044800e-06,-0.080402
-4.042400e-06,-0.080402
-4.040000e-06,-0.080402
-4.037600e-06,-0.080402
-4.035200e-06,-0.080402
-4.032800e-06,-0.080402
-4.030400e-06,-0.080402
-4.028000e-06,-0.080402
-4.025600e-06,-0.080402
-4.023200e-06,-0.080402
-4.020800e-06,-0.080402
-4.018400e-06,-0.080402
-4.016000e-06,-0.080402
-4.013600e-06,-0.080402
-4.011200e-06,-0.160804
-4.008800e-06,-0.080402
-4.006400e-06,-0.080402
-4.004000e-06,-0.080402
-4.001600e-06,-0.080402
-3.999200e-06,-0.160804
-3.996800e-06,-0.160804
-3.994400e-06,-0.160804
-3.992000e-06,-0.160804
-3.989600e-06,-0.160804
-3.987200e-06,-0.080402
-3.984800e-06,-0.080402
-3.982400e-06,-0.080402
-3.980000e-06,-0.080402
-3.977600e-06,-0.160804
-3.975200e-06,-0.160804
-3.972800e-06,-0.080402
-3.970400e-06,-0.080402
-3.968000e-06,-0.080402
-3.965600e-06,-0.080402
-3.963200e-06,-0.160804
-3.960800e-06,-0.160804
-3.958400e-06,-0.160804
-3.956000e-06,-0.080402
-3.953600e-06,-0.080402
-3.951200e-06,-0.160804
-3.948800e-06,-0.160804
-3.946400e-06,-0.160804
-3.944000e-06,-0.160804
-3.941600e-06,-0.080402
-3.939200e-06,-0.080402
-3.936800e-06,-0.080402
-3.934400e-06,-0.080402
-3.932000e-06,-0.080402
-3.929600e-06,-0.080402
-3.927200e-06,-0.080402
-3.924800e-06,-0.080402
-3.922400e-06,-0.080402
-3.920000e-06,-0.080402
-3.917600e-06,-0.080402
-3.915200e-06,-0.080402
-3.912800e-06,-0.080402
-3.910400e-06,-0.160804
-3.908000e-06,-0.080402
-3.905600e-06,-0.160804
-3.903200e-06,-0.160804
-3.900800e-06,-0.080402
-3.898400e-06,-0.080402
-3.896000e-06,-0.080402
-3.893600e-06,-0.080402
-3.891200e-06,-0.080402
-3.888800e-06,-0.080402
-3.886400e-06,-0.080402
-3.884000e-06,-0.080402
-3.881600e-06,-0.080402
-3.879200e-06,-0.080402
-3.876800e-06,-0.080402
-3.874400e-06,-0.080402
-3.872000e-06,-0.080402
-3.869600e-06,-0.160804
-3.867200e-06,-0.080402
-3.864800e-06,-0.080402
-3.862400e-06,-0.080402
-3.860000e-06,-0.080402
-3.857600e-06,-0.080402
-3.855200e-06,-0.080402
-3.852800e-06,-0.080402
-3.850400e-06,-0.080402
-3.848000e-06,-0.080402
-3.845600e-06,-0.080402
-3.843200e-06,-0.080402
-3.840800e-06,-0.080402
-3.838400e-06,-0.080402
-3.836000e-06,-0.080402
-3.833600e-06,-0.080402
-3.831200e-06,-0.080402
-3.828800e-06,-0.080402
-3.826400e-06,-0.080402
-3.824000e-06,-0.080402
-3.821600e-06,-0.080402
-3.819200e-06,-0.080402
-3.816800e-06,-0.080402
-3.814400e-06,-0.080402
-3.812000e-06,-0.080402
-3.809600e-06,-0.080402
-3.807200e-06,-0.080402
-3.804800e-06,-0.080402
-3.802400e-06,-0.080402
-3.800000e-06,-0.080402
-3.797600e-06,-0.080402
-3.795200e-06,-0.080402
-3.792800e-06,-0.080402
-3.790400e-06,-0.080402
-3.788000e-06,-0.080402
-3.785600e-06,-0.080402
-3.783200e-06,-0.080402
-3.780800e-06,-0.080402
-3.778400e-06,-0.080402
-3.776000e-06,-0.080402
-3.773600e-06,-0.080402
-3.771200e-06,-0.080402
-3.768800e-06,-0.080402
-3.766400e-06,-0.080402
-3.764000e-06,-0.080402
-3.761600e-06,-0.080402
-3.759200e-06,-0.080402
-3.756800e-06,-0.080402
-3.754400e-06,-0.080402
-3.752000e-06,-0.080402
-3.749600e-06,-0.080402
-3.747200e-06,-0.080402
-3.744800e-06,-0.080402
-3.742400e-06,-0.080402
-3.740000e-06,-0.080402
-3.737600e-06,-0.080402
-3.735200e-06,-0.080402
-3.732800e-06,-0.080402
-3.730400e-06,-0.080402
-3.728000e-06,-0.080402
-3.725600e-06,-0.080402
-3.723200e-06,-0.080402
-3.720800e-06,-0.080402
-3.718400e-06,-0.080402
-3.716000e-06,-0.080402
-3.713600e-06,-0.080402
-3.711200e-06,-0.080402
-3.708800e-06,-0.080402
-3.706400e-06,-0.080402
-3.704000e-06,-0.080402
-3.701600e-06,-0.160804
-3.699200e-06,-0.080402
-3.696800e-06,-0.080402
-3.694400e-06,-0.080402
-3.692000e-06,-0.080402
-3.689600e-06,-0.080402
-3.687200e-06,-0.080402
-3.684800e-06,-0.080402
-3.682400e-06,-0.080402
-3.680000e-06,-0.080402
-3.677600e-06,-0.080402
-3.675200e-06,-0.080402
-3.672800e-06,-0.080402
-3.670400e-06,-0.160804
-3.668000e-06,-0.080402
-3.665600e-06,-0.080402
-3.663200e-06,-0.080402
-3.660800e-06,-0.080402
-3.658400e-06,-0.080402
-3.656000e-06,-0.080402
-3.653600e-06,-0.080402
-3.651200e-06,-0.080402
-3.648800e-06,-0.080402
-3.646400e-06,-0.080402
-3.644000e-06,-0.080402
-3.641600e-06,-0.080402
-3.639200e-06,-0.080402
-3.636800e-06,-0.080402
-3.634400e-06,-0.080402
-3.632000e-06,-0.080402
-3.629600e-06,-0.080402
-3.627200e-06,-0.080402
-3.624800e-06,-0.080402
-3.622400e-06,-0.080402
-3.620000e-06,-0.080402
-3.617600e-06,-0.080402
-3.615200e-06,-0.080402
-3.612800e-06,-0.080402
-3.610400e-06,-0.080402
-3.608000e-06,-0.080402
-3.605600e-06,-0.080402
-3.603200e-06,-0.080402
-3.600800e-06,-0.080402
-3.598400e-06,-0.080402
-3.596000e-06,-0.080402
-3.593600e-06,-0.080402
-3.591200e-06,-0.080402
-3.588800e-06,-0.080402
-3.586400e-06,-0.080402
-3.584000e-06,-0.080402
-3.581600e-06,-0.080402
-3.579200e-06,-0.080402
-3.576800e-06,-0.080402
-3.574400e-06,-0.080402
-3.572000e-06,-0.080402
-3.569600e-06,-0.080402
-3.567200e-06,-0.080402
-3.564800e-06,-0.080402
-3.562400e-06,-0.080402
-3.560000e-06,-0.080402
-3.557600e-06,-0.080402
-3.555200e-06,-0.080402
-3.552800e-06,-0.080402
-3.550400e-06,-0.080402
-3.548000e-06,-0.080402
-3.545600e-06,-0.080402
-3.543200e-06,-0.080402
-3.540800e-06,-0.160804
-3.538400e-06,-0.080402
-3.536000e-06,-0.080402
-3.533600e-06,-0.080402
-3.531200e-06,-0.080402
-3.528800e-06,-0.080402
-3.526400e-06,-0.080402
-3.524000e-06,-0.080402
-3.521600e-06,-0.080402
-3.519200e-06,-0.080402
-3.516800e-06,-0.080402
-3.514400e-06,-0.080402
-3.512000e-06,-0.080402
-3.509600e-06,-0.080402
-3.507200e-06,-0.080402
-3.504800e-06,-0.080402
-3.502400e-06,-0.080402
-3.500000e-06,-0.080402
-3.497600e-06,-0.080402
-3.495200e-06,-0.080402
-3.492800e-06,-0.080402
-3.490400e-06,-0.080402
-3.488000e-06,-0.080402
-3.485600e-06,-0.080402
-3.483200e-06,-0.080402
-3.480800e-06,-0.080402
-3.478400e-06,-0.080402
-3.476000e-06,-0.080402
-3.473600e-06,-0.080402
-3.471200e-06,-0.080402
-3.468800e-06,-0.080402
-3.466400e-06,-0.080402
-3.464000e-06,-0.080402
-3.461600e-06,-0.080402
-3.459200e-06,-0.080402
-3.456800e-06,-0.080402
-3.454400e-06,-0.080402
-3.452000e-06,-0.080402
-3.449600e-06,-0.080402
-3.447200e-06,-0.080402
-3.444800e-06,-0.160804
-3.442400e-06,-0.080402
-3.440000e-06,-0.080402
-3.437600e-06,-0.080402
-3.435200e-06,-0.080402
-3.432800e-06,-0.080402
-3.430400e-06,-0.080402
-3.428000e-06,-0.080402
-3.425600e-06,-0.080402
-3.423200e-06,-0.080402
-3.420800e-06,-0.080402
-3.418400e-06,-0.080402
-3.416000e-06,-0.080402
-3.413600e-06,-0.080402
-3.411200e-06,-0.080402
-3.408800e-06,-0.080402
-3.406400e-06,-0.080402
-3.404000e-06,-0.080402
-3.401600e-06,-0.080402
-3.399200e-06,-0.080402
-3.396800e-06,-0.080402
-3.394400e-06,-0.080402
-3.392000e-06,-0.080402
-3.389600e-06,-0.080402
-3.387200e-06,-0.080402
-3.384800e-06,-0.080402
-3.382400e-06,-0.080402
-3.380000e-06,-0.080402
-3.377600e-06,-0.080402
-3.375200e-06,-0.080402
-3.372800e-06,-0.080402
-3.370400e-06,-0.160804
-3.368000e-06,-0.160804
-3.365600e-06,-0.080402
-3.363200e-06,-0.080402
-3.360800e-06,-0.080402
-3.358400e-06,-0.080402
-3.356000e-06,-0.080402
-3.353600e-06,-0.080402
-3.351200e-06,-0.080402
-3.348800e-06,-0.080402
-3.346400e-06,-0.080402
-3.344000e-06,-0.080402
-3.341600e-06,-0.080402
-3.339200e-06,-0.080402
-3.336800e-06,-0.080402
-3.334400e-06,-0.080402
-3.332000e-06,-0.080402
-3.329600e-06,-0.080402
-3.327200e-06,-0.080402
-3.324800e-06,-0.080402
-3.322400e-06,-0.080402
-3.320000e-06,-0.080402
-3.317600e-06,-0.080402
-3.315200e-06,-0.160804
-3.312800e-06,-0.080402
-3.310400e-06,-0.080402
-3.308000e-06,-0.080402
-3.305600e-06,-0.080402
-3.303200e-06,-0.080402
-3.300800e-06,-0.080402
-3.298400e-06,-0.080402
-3.296000e-06,-0.080402
-3.293600e-06,-0.160804
-3.291200e-06,-0.080402
-3.288800e-06,-0.080402
-3.286400e-06,-0.080402
-3.284000e-06,-0.080402
-3.281600e-06,-0.080402
-3.279200e-06,-0.160804
-3.276800e-06,-0.080402
-3.274400e-06,-0.080402
-3.272000e-06,-0.080402
-3.269600e-06,-0.080402
-3.267200e-06,-0.160804
-3.264800e-06,-0.080402
-3.262400e-06,-0.160804
-3.260000e-06,-0.080402
-3.257600e-06,-0.080402
-3.255200e-06,-0.080402
-3.252800e-06,-0.080402
-3.250400e-06,-0.080402
-3.248000e-06,-0.080402
-3.245600e-06,-0.080402
-3.243200e-06,-0.080402
-3.240800e-06,-0.080402
-3.238400e-06,-0.080402
-3.236000e-06,-0.080402
-3.233600e-06,-0.080402
-3.231200e-06,-0.080402
-3.228800e-06,-0.080402
-3.226400e-06,-0.080402
-3.224000e-06,-0.080402
-3.221600e-06,-0.080402
-3.219200e-06,-0.080402
-3.216800e-06,-0.080402
-3.214400e-06,-0.080402
-3.212000e-06,-0.080402
-3.209600e-06,-0.080402
-3.207200e-06,-0.080402
-3.204800e-06,-0.080402
-3.202400e-06,-0.080402
-3.200000e-06,-0.080402
-3.197600e-06,-0.080402
-3.195200e-06,-0.080402
-3.192800e-06,-0.080402
-3.190400e-06,-0.080402
-3.188000e-06,-0.080402
-3.185600e-06,-0.080402
-3.183200e-06,-0.080402
-3.180800e-06,-0.080402
-3.178400e-06,-0.080402
-3.176000e-06,-0.080402
-3.173600e-06,-0.080402
-3.171200e-06,-0.080402
-3.168800e-06,-0.080402
-3.166400e-06,-0.080402
-3.164000e-06,-0.080402
-3.161600e-06,-0.080402
-3.159200e-06,-0.080402
-3.156800e-06,-0.160804
-3.154400e-06,-0.160804
-3.152000e-06,-0.080402
-3.149600e-06,-0.080402
-3.147200e-06,-0.080402
-3.144800e-06,-0.080402
-3.142400e-06,-0.080402
-3.140000e-06,-0.080402
-3.137600e-06,-0.080402
-3.135200e-06,-0.080402
-3.132800e-06,-0.080402
-3.130400e-06,-0.080402
-3.128000e-06,-0.080402
-3.125600e-06,-0.080402
-3.123200e-06,-0.080402
-3.120800e-06,-0.080402
-3.118400e-06,-0.080402
-3.116000e-06,-0.080402
-3.113600e-06,-0.080402
-3.111200e-06,-0.080402
-3.108800e-06,-0.080402
-3.106400e-06,-0.080402
-3.104000e-06,-0.080402
-3.101600e-06,-0.080402
-3.099200e-06,-0.080402
-3.096800e-06,-0.080402
-3.094400e-06,-0.080402
-3.092000e-06,-0.080402
-3.089600e-06,-0.080402
-3.087200e-06,-0.080402
-3.084800e-06,-0.080402
-3.082400e-06,-0.080402
-3.080000e-06,-0.080402
-3.077600e-06,-0.080402
-3.075200e-06,-0.080402
-3.072800e-06,-0.080402
-3.070400e-06,-0.080402
-3.068000e-06,-0.080402
-3.065600e-06,-0.080402
-3.063200e-06,-0.080402
-3.060800e-06,-0.160804
-3.058400e-06,-0.080402
-3.056000e-06,-0.080402
-3.053600e-06,-0.080402
-3.051200e-06,-0.080402
-3.048800e-06,-0.080402
-3.046400e-06,-0.080402
-3.044000e-06,-0.080402
-3.041600e-06,-0.080402
-3.039200e-06,-0.080402
-3.036800e-06,-0.080402
-3.034400e-06,-0.080402
-3.032000e-06,-0.080402
-3.029600e-06,-0.080402
-3.027200e-06,-0.080402
-3.024800e-06,-0.080402
-3.022400e-06,-0.080402
-3.020000e-06,-0.080402
-3.017600e-06,-0.080402
-3.015200e-06,-0.080402
-3.012800e-06,-0.080402
-3.010400e-06,-0.080402
-3.008000e-06,-0.080402
-3.005600e-06,-0.080402
-3.003200e-06,-0.080402
-3.000800e-06,-0.080402
-2.998400e-06,-0.080402
-2.996000e-06,-0.080402
-2.993600e-06,-0.080402
-2.991200e-06,-0.080402
-2.988800e-06,-0.080402
-2.986400e-06,-0.080402
-2.984000e-06,-0.080402
-2.981600e-06,-0.080402
-2.979200e-06,-0.080402
-2.976800e-06,-0.080402
-2.974400e-06,-0.080402
-2.972000e-06,-0.080402
-2.969600e-06,-0.080402
-2.967200e-06,-0.080402
-2.964800e-06,-0.080402
-2.962400e-06,-0.080402
-2.960000e-06,-0.080402
-2.957600e-06,-0.080402
-2.955200e-06,-0.080402
-2.952800e-06,-0.080402
-2.950400e-06,-0.080402
-2.948000e-06,-0.080402
-2.945600e-06,-0.080402
-2.943200e-06,-0.080402
-2.940800e-06,-0.080402
-2.938400e-06,-0.080402
-2.936000e-06,-0.080402
-2.933600e-06,-0.080402
-2.931200e-06,-0.080402
-2.928800e-06,-0.160804
-2.926400e-06,-0.160804
-2.924000e-06,-0.080402
-2.921600e-06,-0.080402
-2.919200e-06,-0.080402
-2.916800e-06,-0.080402
-2.914400e-06,-0.080402
-2.912000e-06,-0.080402
-2.909600e-06,-0.080402
-2.907200e-06,-0.080402
-2.904800e-06,-0.080402
-2.902400e-06,-0.080402
-2.900000e-06,-0.080402
-2.897600e-06,-0.080402
-2.895200e-06,-0.080402
-2.892800e-06,-0.080402
-2.890400e-06,-0.080402
-2.888000e-06,-0.080402
-2.885600e-06,-0.080402
-2.883200e-06,-0.080402
-2.880800e-06,-0.160804
-2.878400e-06,-0.080402
-2.876000e-06,-0.080402
-2.873600e-06,-0.080402
-2.871200e-06,-0.080402
-2.868800e-06,-0.080402
-2.866400e-06,-0.080402
-2.864000e-06,-0.080402
-2.861600e-06,-0.080402
-2.859200e-06,-0.080402
-2.856800e-06,-0.080402
-2.854400e-06,-0.080402
-2.852000e-06,-0.080402
-2.849600e-06,-0.080402
-2.847200e-06,-0.080402
-2.844800e-06,-0.080402
-2.842400e-06,-0.080402
-2.840000e-06,-0.080402
-2.837600e-06,-0.080402
-2.835200e-06,-0.080402
-2.832800e-06,-0.080402
-2.830400e-06,-0.080402
-2.828000e-06,-0.080402
-2.825600e-06,-0.080402
-2.823200e-06,-0.080402
-2.820800e-06,-0.080402
-2.818400e-06,-0.080402
-2.816000e-06,-0.080402
-2.813600e-06,-0.080402
-2.811200e-06,-0.080402
-2.808800e-06,-0.080402
-2.806400e-06,-0.080402
-2.804000e-06,-0.080402
-2.801600e-06,-0.080402
-2.799200e-06,-0.080402
-2.796800e-06,-0.080402
-2.794400e-06,-0.080402
-2.792000e-06,-0.080402
-2.789600e-06,-0.080402
-2.787200e-06,-0.080402
-2.784800e-06,-0.080402
-2.782400e-06,-0.080402
-2.780000e-06,-0.080402
-2.777600e-06,-0.080402
-2.775200e-06,-0.080402
-2.772800e-06,-0.080402
-2.770400e-06,-0.080402
-2.768000e-06,-0.080402
-2.765600e-06,-0.080402
-2.763200e-06,-0.080402
-2.760800e-06,-0.080402
-2.758400e-06,-0.080402
-2.756000e-06,-0.080402
-2.753600e-06,-0.080402
-2.751200e-06,-0.080402
-2.748800e-06,-0.080402
-2.746400e-06,-0.080402
-2.744000e-06,-0.160804
-2.741600e-06,-0.160804
-2.739200e-06,-0.080402
-2.736800e-06,-0.080402
-2.734400e-06,-0.080402
-2.732000e-06,-0.080402
-2.729600e-06,-0.080402
-2.727200e-06,-0.080402
-2.724800e-06,-0.080402
-2.722400e-06,-0.080402
-2.720000e-06,-0.080402
-2.717600e-06,-0.080402
-2.715200e-06,-0.080402
-2.712800e-06,-0.080402
-2.710400e-06,-0.080402
-2.708000e-06,-0.080402
-2.705600e-06,-0.080402
-2.703200e-06,-0.080402
-2.700800e-06,-0.080402
-2.698400e-06,-0.080402
-2.696000e-06,-0.080402
-2.693600e-06,-0.080402
-2.691200e-06,-0.080402
-2.688800e-06,-0.080402
-2.686400e-06,-0.080402
-2.684000e-06,-0.080402
-2.681600e-06,-0.080402
-2.679200e-06,-0.080402
-2.676800e-06,-0.080402
-2.674400e-06,-0.160804
-2.672000e-06,-0.080402
-2.669600e-06,-0.080402
-2.667200e-06,-0.080402
-2.664800e-06,-0.080402
-2.662400e-06,-0.080402
-2.660000e-06,-0.080402
-2.657600e-06,-0.080402
-2.655200e-06,-0.080402
-2.652800e-06,-0.080402
-2.650400e-06,-0.080402
-2.648000e-06,-0.080402
-2.645600e-06,-0.080402
-2.643200e-06,-0.080402
-2.640800e-06,-0.080402
-2.638400e-06,-0.080402
-2.636000e-06,-0.080402
-2.633600e-06,-0.080402
-2.631200e-06,-0.080402
-2.628800e-06,-0.080402
-2.626400e-06,-0.080402
-2.624000e-06,-0.080402
-2.621600e-06,-0.080402
-2.619200e-06,-0.080402
-2.616800e-06,-0.080402
-2.614400e-06,-0.080402
-2.612000e-06,-0.080402
-2.609600e-06,-0.080402
-2.607200e-06,-0.080402
-2.604800e-06,-0.080402
-2.602400e-06,-0.080402
-2.600000e-06,-0.080402
-2.597600e-06,-0.080402
-2.595200e-06,-0.080402
-2.592800e-06,-0.080402
-2.590400e-06,-0.080402
-2.588000e-06,-0.080402
-2.585600e-06,-0.080402
-2.583200e-06,-0.080402
-2.580800e-06,-0.160804
-2.578400e-06,-0.080402
-2.576000e-06,-0.080402
-2.573600e-06,-0.080402
-2.571200e-06,-0.080402
-2.568800e-06,-0.080402
-2.566400e-06,-0.080402
-2.564000e-06,-0.080402
-2.561600e-06,-0.160804
-2.559200e-06,-0.160804
-2.556800e-06,-0.160804
-2.554400e-06,-0.160804
-2.552000e-06,-0.160804
-2.549600e-06,-0.160804
-2.547200e-06,-0.080402
-2.544800e-06,-0.160804
-2.542400e-06,-0.160804
-2.540000e-06,-0.160804
-2.537600e-06,-0.160804
-2.535200e-06,-0.080402
-2.532800e-06,-0.080402
-2.530400e-06,-0.080402
-2.528000e-06,-0.080402
-2.525600e-06,-0.160804
-2.523200e-06,-0.160804
-2.520800e-06,-0.080402
-2.518400e-06,-0.160804
-2.516000e-06,-0.160804
-2.513600e-06,-0.160804
-2.511200e-06,-0.160804
-2.508800e-06,-0.160804
-2.506400e-06,-0.080402
-2.504000e-06,-0.080402
-2.501600e-06,-0.080402
-2.499200e-06,-0.160804
-2.496800e-06,-0.160804
-2.494400e-06,-0.160804
-2.492000e-06,-0.160804
-2.489600e-06,-0.160804
-2.487200e-06,-0.160804
-2.484800e-06,-0.160804
-2.482400e-06,-0.160804
-2.480000e-06,-0.160804
-2.477600e-06,-0.160804
-2.475200e-06,-0.160804
-2.472800e-06,-0.080402
-2.470400e-06,-0.160804
-2.468000e-06,-0.160804
-2.465600e-06,-0.160804
-2.463200e-06,-0.080402
-2.460800e-06,-0.160804
-2.458400e-06,-0.080402
-2.456000e-06,-0.080402
-2.453600e-06,-0.160804
-2.451200e-06,-0.160804
-2.448800e-06,-0.160804
-2.446400e-06,-0.080402
-2.444000e-06,-0.080402
-2.441600e-06,-0.080402
-2.439200e-06,-0.160804
-2.436800e-06,-0.080402
-2.434400e-06,-0.160804
-2.432000e-06,-0.160804
-2.429600e-06,-0.160804
-2.427200e-06,-0.160804
-2.424800e-06,-0.080402
-2.422400e-06,-0.080402
-2.420000e-06,-0.080402
-2.417600e-06,-0.160804
-2.415200e-06,-0.160804
-2.412800e-06,-0.160804
-2.410400e-06,-0.080402
-2.408000e-06,-0.160804
-2.405600e-06,-0.160804
-2.403200e-06,-0.160804
-2.400800e-06,-0.080402
-2.398400e-06,-0.080402
-2.396000e-06,-0.080402
-2.393600e-06,-0.080402
-2.391200e-06,-0.080402
-2.388800e-06,-0.080402
-2.386400e-06,-0.160804
-2.384000e-06,-0.080402
-2.381600e-06,-0.080402
-2.379200e-06,-0.080402
-2.376800e-06,-0.160804
-2.374400e-06,-0.160804
-2.372000e-06,-0.160804
-2.369600e-06,-0.160804
-2.367200e-06,-0.080402
-2.364800e-06,-0.160804
-2.362400e-06,-0.080402
-2.360000e-06,-0.080402
-2.357600e-06,-0.080402
-2.355200e-06,-0.080402
-2.352800e-06,-0.160804
-2.350400e-06,-0.080402
-2.348000e-06,-0.160804
-2.345600e-06,-0.080402
-2.343200e-06,-0.080402
-2.340800e-06,-0.080402
-2.338400e-06,-0.160804
-2.336000e-06,-0.160804
-2.333600e-06,-0.080402
-2.331200e-06,-0.160804
-2.328800e-06,-0.160804
-2.326400e-06,-0.160804
-2.324000e-06,-0.080402
-2.321600e-06,-0.080402
-2.319200e-06,-0.160804
-2.316800e-06,-0.080402
-2.314400e-06,-0.160804
-2.312000e-06,-0.080402
-2.309600e-06,-0.080402
-2.307200e-06,-0.080402
-2.304800e-06,-0.080402
-2.302400e-06,-0.080402
-2.300000e-06,-0.160804
-2.297600e-06,-0.160804
-2.295200e-06,-0.160804
-2.292800e-06,-0.080402
-2.290400e-06,-0.080402
-2.288000e-06,-0.080402
-2.285600e-06,-0.080402
-2.283200e-06,-0.080402
-2.280800e-06,-0.080402
-2.278400e-06,-0.080402
-2.276000e-06,-0.080402
-2.273600e-06,-0.080402
-2.271200e-06,-0.080402
-2.268800e-06,-0.080402
-2.266400e-06,-0.080402
-2.264000e-06,-0.080402
-2.261600e-06,-0.080402
-2.259200e-06,-0.080402
-2.256800e-06,-0.080402
-2.254400e-06,-0.080402
-2.252000e-06,-0.080402
-2.249600e-06,-0.080402
-2.247200e-06,-0.160804
-2.244800e-06,-0.080402
-2.242400e-06,-0.080402
-2.240000e-06,-0.160804
-2.237600e-06,-0.160804
-2.235200e-06,-0.160804
-2.232800e-06,-0.160804
-2.230400e-06,-0.080402
-2.228000e-06,-0.080402
-2.225600e-06,-0.080402
-2.223200e-06,-0.080402
-2.220800e-06,-0.160804
-2.218400e-06,-0.160804
-2.216000e-06,-0.160804
-2.213600e-06,-0.160804
-2.211200e-06,-0.160804
-2.208800e-06,-0.080402
-2.206400e-06,-0.160804
-2.204000e-06,-0.080402
-2.201600e-06,-0.080402
-2.199200e-06,-0.080402
-2.196800e-06,-0.080402
-2.194400e-06,-0.080402
-2.192000e-06,-0.080402
-2.189600e-06,-0.080402
-2.187200e-06,-0.080402
-2.184800e-06,-0.080402
-2.182400e-06,-0.080402
-2.180000e-06,-0.080402
-2.177600e-06,-0.080402
-2.175200e-06,-0.080402
-2.172800e-06,-0.080402
-2.170400e-06,-0.160804
-2.168000e-06,-0.080402
-2.165600e-06,-0.080402
-2.163200e-06,-0.080402
-2.160800e-06,-0.080402
-2.158400e-06,-0.080402
-2.156000e-06,-0.080402
-2.153600e-06,-0.080402
-2.151200e-06,-0.080402
-2.148800e-06,-0.080402
-2.146400e-06,-0.160804
-2.144000e-06,-0.160804
-2.141600e-06,-0.080402
-2.139200e-06,-0.080402
-2.136800e-06,-0.080402
-2.134400e-06,-0.080402
-2.132000e-06,-0.080402
-2.129600e-06,-0.080402
-2.127200e-06,-0.080402
-2.124800e-06,-0.080402
-2.122400e-06,-0.080402
-2.120000e-06,-0.080402
-2.117600e-06,-0.080402
-2.115200e-06,-0.080402
-2.112800e-06,-0.080402
-2.110400e-06,-0.080402
-2.108000e-06,-0.080402
-2.105600e-06,-0.080402
-2.103200e-06,-0.080402
-2.100800e-06,-0.080402
-2.098400e-06,-0.080402
-2.096000e-06,-0.080402
-2.093600e-06,-0.080402
-2.091200e-06,-0.080402
-2.088800e-06,-0.080402
-2.086400e-06,-0.080402
-2.084000e-06,-0.080402
-2.081600e-06,-0.080402
-2.079200e-06,-0.080402
-2.076800e-06,-0.080402
-2.074400e-06,-0.080402
-2.072000e-06,-0.080402
-2.069600e-06,-0.080402
-2.067200e-06,-0.080402
-2.064800e-06,-0.080402
-2.062400e-06,-0.080402
-2.060000e-06,0.000000
-2.057600e-06,-0.080402
-2.055200e-06,-0.080402
-2.052800e-06,-0.080402
-2.050400e-06,-0.080402
-2.048000e-06,-0.080402
-2.045600e-06,-0.080402
-2.043200e-06,-0.080402
-2.040800e-06,-0.080402
-2.038400e-06,-0.080402
-2.036000e-06,-0.080402
-2.033600e-06,-0.080402
-2.031200e-06,-0.080402
-2.028800e-06,-0.080402
-2.026400e-06,-0.080402
-2.024000e-06,-0.080402
-2.021600e-06,-0.080402
-2.019200e-06,-0.080402
-2.016800e-06,-0.080402
-2.014400e-06,-0.080402
-2.012000e-06,-0.080402
-2.009600e-06,-0.080402
-2.007200e-06,-0.080402
-2.004800e-06,-0.080402
-2.002400e-06,-0.080402
-2.000000e-06,-0.080402
-1.997600e-06,-0.080402
-1.995200e-06,-0.080402
-1.992800e-06,-0.080402
-1.990400e-06,-0.080402
-1.988000e-06,-0.080402
-1.985600e-06,-0.080402
-1.983200e-06,-0.080402
-1.980800e-06,-0.080402
-1.978400e-06,0.000000
-1.976000e-06,-0.080402
-1.973600e-06,-0.080402
-1.971200e-06,-0.080402
-1.968800e-06,-0.080402
-1.966400e-06,-0.080402
-1.964000e-06,-0.080402
-1.961600e-06,-0.080402
-1.959200e-06,-0.080402
-1.956800e-06,-0.080402
-1.954400e-06,-0.080402
-1.952000e-06,-0.080402
-1.949600e-06,-0.080402
-1.947200e-06,-0.080402
-1.944800e-06,-0.080402
-1.942400e-06,-0.080402
-1.940000e-06,-0.080402
-1.937600e-06,-0.080402
-1.935200e-06,-0.080402
-1.932800e-06,-0.080402
-1.930400e-06,-0.080402
-1.928000e-06,-0.080402
-1.925600e-06,-0.080402
-1.923200e-06,-0.080402
-1.920800e-06,-0.080402
-1.918400e-06,-0.080402
-1.916000e-06,-0.080402
-1.913600e-06,-0.080402
-1.911200e-06,-0.080402
-1.908800e-06,-0.080402
-1.906400e-06,-0.080402
-1.904000e-06,-0.080402
-1.901600e-06,-0.080402
-1.899200e-06,-0.080402
-1.896800e-06,-0.080402
-1.894400e-06,-0.080402
-1.892000e-06,-0.080402
-1.889600e-06,-0.080402
-1.887200e-06,-0.080402
-1.884800e-06,-0.080402
-1.882400e-06,-0.080402
-1.880000e-06,-0.080402
-1.877600e-06,-0.080402
-1.875200e-06,-0.080402
-1.872800e-06,-0.080402
-1.870400e-06,-0.080402
-1.868000e-06,-0.080402
-1.865600e-06,-0.080402
-1.863200e-06,-0.080402
-1.860800e-06,-0.080402
-1.858400e-06,-0.080402
-1.856000e-06,-0.080402
-1.853600e-06,-0.080402
-1.851200e-06,-0.080402
-1.848800e-06,-0.080402
-1.846400e-06,-0.080402
-1.844000e-06,-0.080402
-1.841600e-06,-0.080402
-1.839200e-06,-0.080402
-1.836800e-06,-0.080402
-1.834400e-06,-0.080402
-1.832000e-06,-0.080402
-1.829600e-06,-0.080402
-1.827200e-06,-0.080402
-1.824800e-06,-0.080402
-1.822400e-06,-0.080402
-1.820000e-06,-0.080402
-1.817600e-06,-0.080402
-1.815200e-06,-0.080402
-1.812800e-06,-0.080402
-1.810400e-06,-0.080402
-1.808000e-06,-0.080402
-1.805600e-06,-0.080402
-1.803200e-06,-0.080402
-1.800800e-06,-0.080402
-1.798400e-06,-0.080402
-1.796000e-06,-0.080402
-1.793600e-06,-0.080402
-1.791200e-06,-0.080402
-1.788800e-06,-0.080402
-1.786400e-06,-0.080402
-1.784000e-06,-0.080402
-1.781600e-06,-0.080402
-1.779200e-06,-0.080402
-1.776800e-06,-0.080402
-1.774400e-06,-0.080402
-1.772000e-06,-0.080402
-1.769600e-06,-0.160804
-1.767200e-06,-0.080402
-1.764800e-06,-0.080402
-1.762400e-06,-0.080402
-1.760000e-06,-0.080402
-1.757600e-06,-0.160804
-1.755200e-06,-0.080402
-1.752800e-06,-0.080402
-1.750400e-06,-0.160804
-1.748000e-06,-0.160804
-1.745600e-06,-0.160804
-1.743200e-06,-0.160804
-1.740800e-06,-0.080402
-1.738400e-06,-0.080402
-1.736000e-06,-0.160804
-1.733600e-06,-0.080402
-1.731200e-06,-0.080402
-1.728800e-06,-0.080402
-1.726400e-06,-0.080402
-1.724000e-06,-0.080402
-1.721600e-06,-0.080402
-1.719200e-06,-0.080402
-1.716800e-06,-0.160804
-1.714400e-06,-0.080402
-1.712000e-06,-0.080402
-1.709600e-06,-0.080402
-1.707200e-06,-0.080402
-1.704800e-06,-0.080402
-1.702400e-06,-0.080402
-1.700000e-06,-0.160804
-1.697600e-06,-0.080402
-1.695200e-06,-0.160804
-1.692800e-06,-0.080402
-1.690400e-06,-0.080402
-1.688000e-06,-0.160804
-1.685600e-06,-0.080402
-1.683200e-06,-0.080402
-1.680800e-06,-0.160804
-1.678400e-06,-0.080402
-1.676000e-06,-0.160804
-1.673600e-06,-0.080402
-1.671200e-06,-0.080402
-1.668800e-06,-0.080402
-1.666400e-06,-0.080402
-1.664000e-06,-0.080402
-1.661600e-06,-0.080402
-1.659200e-06,-0.080402
-1.656800e-06,-0.080402
-1.654400e-06,-0.080402
-1.652000e-06,-0.080402
-1.649600e-06,-0.080402
-1.647200e-06,-0.080402
-1.644800e-06,-0.080402
-1.642400e-06,-0.080402
-1.640000e-06,-0.080402
-1.637600e-06,-0.080402
-1.635200e-06,-0.160804
-1.632800e-06,-0.080402
-1.630400e-06,-0.080402
-1.628000e-06,-0.080402
-1.625600e-06,-0.080402
-1.623200e-06,-0.160804
-1.620800e-06,-0.080402
-1.618400e-06,-0.080402
-1.616000e-06,-0.160804
-1.613600e-06,-0.160804
-1.611200e-06,-0.160804
-1.608800e-06,-0.160804
-1.606400e-06,-0.080402
-1.604000e-06,-0.160804
-1.601600e-06,-0.160804
-1.599200e-06,-0.160804
-1.596800e-06,-0.080402
-1.594400e-06,-0.080402
-1.592000e-06,-0.080402
-1.589600e-06,-0.080402
-1.587200e-06,-0.160804
-1.584800e-06,-0.160804
-1.582400e-06,-0.160804
-1.580000e-06,-0.160804
-1.577600e-06,-0.160804
-1.575200e-06,-0.080402
-1.572800e-06,-0.160804
-1.570400e-06,-0.080402
-1.568000e-06,-0.080402
-1.565600e-06,-0.080402
-1.563200e-06,-0.160804
-1.560800e-06,-0.080402
-1.558400e-06,-0.080402
-1.556000e-06,-0.080402
-1.553600e-06,-0.080402
-1.551200e-06,-0.160804
-1.548800e-06,-0.080402
-1.546400e-06,-0.080402
-1.544000e-06,-0.080402
-1.541600e-06,-0.080402
-1.539200e-06,-0.160804
-1.536800e-06,-0.160804
-1.534400e-06,-0.080402
-1.532000e-06,-0.160804
-1.529600e-06,-0.080402
-1.527200e-06,-0.080402
-1.524800e-06,-0.160804
-1.522400e-06,-0.080402
-1.520000e-06,-0.080402
-1.517600e-06,-0.160804
-1.515200e-06,-0.160804
-1.512800e-06,-0.160804
-1.510400e-06,-0.080402
-1.508000e-06,-0.080402
-1.505600e-06,-0.160804
-1.503200e-06,-0.080402
-1.500800e-06,-0.080402
-1.498400e-06,-0.080402
-1.496000e-06,-0.080402
-1.493600e-06,-0.080402
-1.491200e-06,-0.080402
-1.488800e-06,-0.080402
-1.486400e-06,-0.160804
-1.484000e-06,-0.160804
-1.481600e-06,-0.160804
-1.479200e-06,-0.080402
-1.476800e-06,-0.080402
-1.474400e-06,-0.080402
-1.472000e-06,-0.160804
-1.469600e-06,-0.160804
-1.467200e-06,-0.160804
-1.464800e-06,-0.160804
-1.462400e-06,-0.160804
-1.460000e-06,-0.160804
-1.457600e-06,-0.160804
-1.455200e-06,-0.080402
-1.452800e-06,-0.160804
-1.450400e-06,-0.160804
-1.448000e-06,-0.160804
-1.445600e-06,-0.160804
-1.443200e-06,-0.160804
-1.440800e-06,-0.160804
-1.438400e-06,-0.160804
-1.436000e-06,-0.160804
-1.433600e-06,-0.160804
-1.431200e-06,-0.080402
-1.428800e-06,-0.160804
-1.426400e-06,-0.160804
-1.424000e-06,-0.080402
-1.421600e-06,-0.160804
-1.419200e-06,-0.160804
-1.416800e-06,-0.160804
-1.414400e-06,-0.160804
-1.412000e-06,-0.160804
-1.409600e-06,-0.080402
-1.407200e-06,-0.160804
-1.404800e-06,-0.160804
-1.402400e-06,-0.160804
-1.400000e-06,-0.160804
-1.397600e-06,-0.160804
-1.395200e-06,-0.160804
-1.392800e-06,-0.160804
-1.390400e-06,-0.160804
-1.388000e-06,-0.160804
-1.385600e-06,-0.080402
-1.383200e-06,-0.080402
-1.380800e-06,-0.080402
-1.378400e-06,-0.080402
-1.376000e-06,-0.160804
-1.373600e-06,-0.160804
-1.371200e-06,-0.160804
-1.368800e-06,-0.160804
-1.366400e-06,-0.160804
-1.364000e-06,-0.080402
-1.361600e-06,-0.160804
-1.359200e-06,-0.160804
-1.356800e-06,-0.080402
-1.354400e-06,-0.080402
-1.352000e-06,-0.080402
-1.349600e-06,-0.080402
-1.347200e-06,-0.160804
-1.344800e-06,-0.080402
-1.342400e-06,-0.080402
-1.340000e-06,-0.080402
-1.337600e-06,-0.080402
-1.335200e-06,-0.080402
-1.332800e-06,-0.080402
-1.330400e-06,-0.080402
-1.328000e-06,-0.160804
-1.325600e-06,-0.160804
-1.323200e-06,-0.160804
-1.320800e-06,-0.080402
-1.318400e-06,-0.080402
-1.316000e-06,-0.080402
-1.313600e-06,-0.080402
-1.311200e-06,-0.160804
-1.308800e-06,-0.080402
-1.306400e-06,-0.080402
-1.304000e-06,-0.080402
-1.301600e-06,-0.080402
-1.299200e-06,-0.080402
-1.296800e-06,-0.160804
-1.294400e-06,-0.080402
-1.292000e-06,-0.080402
-1.289600e-06,-0.080402
-1.287200e-06,-0.080402
-1.284800e-06,-0.080402
-1.282400e-06,-0.080402
-1.280000e-06,-0.080402
-1.277600e-06,-0.080402
-1.275200e-06,-0.080402
-1.272800e-06,-0.080402
-1.270400e-06,-0.080402
-1.268000e-06,-0.080402
-1.265600e-06,-0.080402
-1.263200e-06,-0.080402
-1.260800e-06,-0.080402
-1.258400e-06,-0.080402
-1.256000e-06,-0.080402
-1.253600e-06,-0.080402
-1.251200e-06,-0.080402
-1.248800e-06,-0.080402
-1.246400e-06,-0.080402
-1.244000e-06,-0.080402
-1.241600e-06,-0.080402
-1.239200e-06,-0.080402
-1.236800e-06,-0.080402
-1.234400e-06,-0.080402
-1.232000e-06,-0.080402
-1.229600e-06,-0.080402
-1.227200e-06,-0.080402
-1.224800e-06,-0.080402
-1.222400e-06,-0.080402
-1.220000e-06,-0.080402
-1.217600e-06,-0.080402
-1.215200e-06,-0.080402
-1.212800e-06,-0.080402
-1.210400e-06,-0.080402
-1.208000e-06,-0.080402
-1.205600e-06,-0.080402
-1.203200e-06,-0.080402
-1.200800e-06,-0.080402
-1.198400e-06,-0.080402
-1.196000e-06,-0.080402
-1.193600e-06,-0.080402
-1.191200e-06,-0.080402
-1.188800e-06,-0.080402
-1.186400e-06,-0.080402
-1.184000e-06,-0.080402
-1.181600e-06,-0.080402
-1.179200e-06,-0.080402
-1.176800e-06,-0.080402
-1.174400e-06,-0.080402
-1.172000e-06,-0.080402
-1.169600e-06,-0.080402
-1.167200e-06,-0.080402
-1.164800e-06,-0.080402
-1.162400e-06,-0.080402
-1.160000e-06,-0.080402
-1.157600e-06,-0.080402
-1.155200e-06,-0.080402
-1.152800e-06,-0.080402
-1.150400e-06,-0.080402
-1.148000e-06,-0.080402
-1.145600e-06,-0.080402
-1.143200e-06,-0.080402
-1.140800e-06,-0.080402
-1.138400e-06,-0.080402
-1.136000e-06,-0.080402
-1.133600e-06,-0.080402
-1.131200e-06,-0.080402
-1.128800e-06,-0.080402
-1.126400e-06,-0.080402
-1.124000e-06,-0.080402
-1.121600e-06,-0.080402
-1.119200e-06,-0.080402
-1.116800e-06,-0.080402
-1.114400e-06,-0.080402
-1.112000e-06,-0.080402
-1.109600e-06,-0.080402
-1.107200e-06,-0.080402
-1.104800e-06,-0.080402
-1.102400e-06,-0.080402
-1.100000e-06,-0.080402
-1.097600e-06,-0.080402
-1.095200e-06,-0.080402
-1.092800e-06,-0.080402
-1.090400e-06,-0.080402
-1.088000e-06,-0.080402
-1.085600e-06,-0.080402
-1.083200e-06,-0.080402
-1.080800e-06,-0.080402
-1.078400e-06,-0.080402
-1.076000e-06,-0.080402
-1.073600e-06,-0.080402
-1.071200e-06,-0.080402
-1.068800e-06,-0.080402
-1.066400e-06,-0.080402
-1.064000e-06,-0.080402
-1.061600e-06,-0.080402
-1.059200e-06,-0.080402
-1.056800e-06,-0.080402
-1.054400e-06,-0.080402
-1.052000e-06,-0.080402
-1.049600e-06,-0.080402
-1.047200e-06,-0.080402
-1.044800e-06,-0.080402
-1.042400e-06,-0.080402
-1.040000e-06,-0.080402
-1.037600e-06,-0.080402
-1.035200e-06,0.000000
-1.032800e-06,0.000000
-1.030400e-06,-0.080402
-1.028000e-06,-0.080402
-1.025600e-06,-0.080402
-1.023200e-06,-0.080402
-1.020800e-06,-0.080402
-1.018400e-06,-0.080402
-1.016000e-06,-0.080402
-1.013600e-06,-0.080402
-1.011200e-06,-0.080402
-1.008800e-06,-0.080402
-1.006400e-06,-0.080402
-1.004000e-06,-0.080402
-1.001600e-06,-0.080402
-9.992000e-07,-0.080402
-9.968000e-07,-0.080402
-9.944000e-07,-0.080402
-9.920000e-07,-0.080402
-9.896000e-07,-0.080402
-9.872000e-07,-0.080402
-9.848000e-07,-0.080402
-9.824000e-07,-0.080402
-9.800000e-07,-0.080402
-9.776000e-07,-0.080402
-9.752000e-07,-0.080402
-9.728000e-07,-0.080402
-9.704000e-07,-0.080402
-9.680000e-07,-0.080402
-9.656000e-07,0.000000
-9.632000e-07,-0.080402
-9.608000e-07,-0.080402
-9.584000e-07,-0.080402
-9.560000e-07,0.000000
-9.536000e-07,-0.080402
-9.512000e-07,0.000000
-9.488000e-07,0.000000
-9.464000e-07,-0.080402
-9.440000e-07,-0.080402
-9.416000e-07,-0.080402
-9.392000e-07,-0.080402
-9.368000e-07,-0.080402
-9.344000e-07,-0.080402
-9.320000e-07,-0.080402
-9.296000e-07,-0.080402
-9.272000e-07,-0.080402
-9.248000e-07,-0.080402
-9.224000e-07,-0.080402
-9.200000e-07,-0.080402
-9.176000e-07,-0.080402
-9.152000e-07,-0.080402
-9.128000e-07,0.000000
-9.104000e-07,-0.080402
-9.080000e-07,-0.080402
-9.056000e-07,-0.080402
-9.032000e-07,-0.080402
-9.008000e-07,-0.080402
-8.984000e-07,-0.080402
-8.960000e-07,-0.080402
-8.936000e-07,-0.080402
-8.912000e-07,-0.080402
-8.888000e-07,-0.080402
-8.864000e-07,-0.080402
-8.840000e-07,-0.080402
-8.816000e-07,-0.080402
-8.792000e-07,-0.080402
-8.768000e-07,-0.080402
-8.744000e-07,-0.080402
-8.720000e-07,-0.080402
-8.696000e-07,-0.080402
-8.672000e-07,-0.080402
-8.648000e-07,-0.080402
-8.624000e-07,-0.080402
-8.600000e-07,-0.080402
-8.576000e-07,-0.080402
-8.552000e-07,-0.080402
-8.528000e-07,-0.080402
-8.504000e-07,-0.080402
-8.480000e-07,-0.080402
-8.456000e-07,-0.080402
-8.432000e-07,-0.080402
-8.408000e-07,-0.080402
-8.384000e-07,-0.080402
-8.360000e-07,-0.080402
-8.336000e-07,-0.080402
-8.312000e-07,-0.080402
-8.288000e-07,-0.080402
-8.264000e-07,-0.080402
-8.240000e-07,-0.080402
-8.216000e-07,-0.080402
-8.192000e-07,-0.080402
-8.168000e-07,-0.080402
-8.144000e-07,-0.080402
-8.120000e-07,-0.080402
-8.096000e-07,-0.080402
-8.072000e-07,-0.080402
-8.048000e-07,-0.080402
-8.024000e-07,-0.080402
-8.000000e-07,-0.080402
-7.976000e-07,-0.080402
-7.952000e-07,-0.080402
-7.928000e-07,-0.080402
-7.904000e-07,-0.080402
-7.880000e-07,-0.080402
-7.856000e-07,-0.080402
-7.832000e-07,-0.080402
-7.808000e-07,-0.080402
-7.784000e-07,-0.080402
-7.760000e-07,-0.080402
-7.736000e-07,-0.080402
-7.712000e-07,-0.080402
-7.688000e-07,-0.080402
-7.664000e-07,-0.080402
-7.640000e-07,-0.080402
-7.616000e-07,-0.080402
-7.592000e-07,-0.080402
-7.568000e-07,-0.080402
-7.544000e-07,-0.080402
-7.520000e-07,-0.160804
-7.496000e-07,-0.080402
-7.472000e-07,-0.080402
-7.448000e-07,-0.080402
-7.424000e-07,-0.080402
-7.400000e-07,-0.080402
-7.376000e-07,-0.080402
-7.352000e-07,-0.080402
-7.328000e-07,-0.080402
-7.304000e-07,-0.080402
-7.280000e-07,-0.080402
-7.256000e-07,-0.080402
-7.232000e-07,-0.080402
-7.208000e-07,-0.160804
-7.184000e-07,-0.160804
-7.160000e-07,-0.160804
-7.136000e-07,-0.080402
-7.112000e-07,-0.080402
-7.088000e-07,-0.160804
-7.064000e-07,-0.160804
-7.040000e-07,-0.160804
-7.016000e-07,-0.160804
-6.992000e-07,-0.160804
-6.968000e-07,-0.160804
-6.944000e-07,-0.160804
-6.920000e-07,-0.080402
-6.896000e-07,-0.160804
-6.872000e-07,-0.080402
-6.848000e-07,-0.080402
-6.824000e-07,-0.080402
-6.800000e-07,-0.080402
-6.776000e-07,-0.080402
-6.752000e-07,-0.160804
-6.728000e-07,-0.080402
-6.704000e-07,-0.080402
-6.680000e-07,-0.160804
-6.656000e-07,-0.160804
-6.632000e-07,-0.160804
-6.608000e-07,-0.160804
-6.584000e-07,-0.080402
-6.560000e-07,-0.160804
-6.536000e-07,-0.160804
-6.512000e-07,-0.160804
-6.488000e-07,-0.160804
-6.464000e-07,-0.080402
-6.440000e-07,-0.160804
-6.416000e-07,-0.160804
-6.392000e-07,-0.080402
-6.368000e-07,-0.160804
-6.344000e-07,-0.160804
-6.320000e-07,-0.080402
-6.296000e-07,-0.080402
-6.272000e-07,-0.080402
-6.248000e-07,-0.080402
-6.224000e-07,-0.160804
-6.200000e-07,-0.160804
-6.176000e-07,-0.080402
-6.152000e-07,-0.160804
-6.128000e-07,-0.080402
-6.104000e-07,-0.160804
-6.080000e-07,-0.160804
-6.056000e-07,-0.160804
-6.032000e-07,-0.080402
-6.008000e-07,-0.080402
-5.984000e-07,-0.160804
-5.960000e-07,-0.080402
-5.936000e-07,-0.080402
-5.912000e-07,-0.080402
-5.888000e-07,-0.080402
-5.864000e-07,-0.160804
-5.840000e-07,-0.160804
-5.816000e-07,-0.160804
-5.792000e-07,-0.160804
-5.768000e-07,-0.080402
-5.744000e-07,-0.160804
-5.720000e-07,-0.160804
-5.696000e-07,-0.080402
-5.672000e-07,-0.080402
-5.648000e-07,-0.160804
-5.624000e-07,-0.160804
-5.600000e-07,-0.160804
-5.576000e-07,-0.160804
-5.552000e-07,-0.160804
-5.528000e-07,-0.160804
-5.504000e-07,-0.080402
-5.480000e-07,-0.080402
-5.456000e-07,-0.160804
-5.432000e-07,-0.160804
-5.408000e-07,-0.160804
-5.384000e-07,-0.160804
-5.360000e-07,-0.160804
-5.336000e-07,-0.160804
-5.312000e-07,-0.160804
-5.288000e-07,-0.080402
-5.264000e-07,-0.080402
-5.240000e-07,-0.080402
-5.216000e-07,-0.160804
-5.192000e-07,-0.080402
-5.168000e-07,-0.080402
-5.144000e-07,-0.080402
-5.120000e-07,-0.080402
-5.096000e-07,-0.160804
-5.072000e-07,-0.160804
-5.048000e-07,-0.160804
-5.024000e-07,-0.080402
-5.000000e-07,-0.080402
-4.976000e-07,-0.160804
-4.952000e-07,-0.160804
-4.928000e-07,-0.160804
-4.904000e-07,-0.080402
-4.880000e-07,-0.080402
-4.856000e-07,-0.080402
-4.832000e-07,-0.160804
-4.808000e-07,-0.160804
-4.784000e-07,-0.160804
-4.760000e-07,-0.160804
-4.736000e-07,-0.080402
-4.712000e-07,-0.080402
-4.688000e-07,-0.080402
-4.664000e-07,-0.160804
-4.640000e-07,-0.160804
-4.616000e-07,-0.160804
-4.592000e-07,-0.160804
-4.568000e-07,-0.160804
-4.544000e-07,-0.160804
-4.520000e-07,-0.160804
-4.496000e-07,-0.080402
-4.472000e-07,-0.080402
-4.448000e-07,-0.160804
-4.424000e-07,-0.080402
-4.400000e-07,-0.080402
-4.376000e-07,-0.160804
-4.352000e-07,-0.160804
-4.328000e-07,-0.160804
-4.304000e-07,-0.160804
-4.280000e-07,-0.160804
-4.256000e-07,-0.160804
-4.232000e-07,-0.080402
-4.208000e-07,-0.160804
-4.184000e-07,-0.160804
-4.160000e-07,-0.080402
-4.136000e-07,-0.080402
-4.112000e-07,-0.080402
-4.088000e-07,-0.080402
-4.064000e-07,-0.160804
-4.040000e-07,-0.080402
-4.016000e-07,-0.160804
-3.992000e-07,-0.160804
-3.968000e-07,-0.080402
-3.944000e-07,-0.080402
-3.920000e-07,-0.160804
-3.896000e-07,-0.160804
-3.872000e-07,-0.160804
-3.848000e-07,-0.160804
-3.824000e-07,-0.080402
-3.800000e-07,-0.080402
-3.776000e-07,-0.080402
-3.752000e-07,-0.080402
-3.728000e-07,-0.080402
-3.704000e-07,-0.080402
-3.680000e-07,-0.080402
-3.656000e-07,-0.080402
-3.632000e-07,-0.080402
-3.608000e-07,-0.080402
-3.584000e-07,-0.080402
-3.560000e-07,-0.160804
-3.536000e-07,-0.080402
-3.512000e-07,-0.160804
-3.488000e-07,-0.160804
-3.464000e-07,-0.160804
-3.440000e-07,-0.160804
-3.416000e-07,-0.160804
-3.392000e-07,-0.160804
-3.368000e-07,-0.160804
-3.344000e-07,-0.160804
-3.320000e-07,-0.080402
-3.296000e-07,-0.160804
-3.272000e-07,-0.080402
-3.248000e-07,-0.160804
-3.224000e-07,-0.160804
-3.200000e-07,-0.080402
-3.176000e-07,-0.080402
-3.152000e-07,-0.080402
-3.128000e-07,-0.080402
-3.104000e-07,-0.080402
-3.080000e-07,-0.080402
-3.056000e-07,-0.080402
-3.032000e-07,-0.080402
-3.008000e-07,-0.080402
-2.984000e-07,-0.080402
-2.960000e-07,-0.080402
-2.936000e-07,-0.080402
-2.912000e-07,-0.080402
-2.888000e-07,-0.080402
-2.864000e-07,-0.080402
-2.840000e-07,-0.080402
-2.816000e-07,-0.080402
-2.792000e-07,-0.080402
-2.768000e-07,-0.160804
-2.744000e-07,-0.080402
-2.720000e-07,-0.080402
-2.696000e-07,-0.160804
-2.672000e-07,-0.080402
-2.648000e-07,-0.080402
-2.624000e-07,-0.080402
-2.600000e-07,-0.080402
-2.576000e-07,-0.080402
-2.552000e-07,-0.080402
-2.528000e-07,-0.080402
-2.504000e-07,-0.080402
-2.480000e-07,-0.080402
-2.456000e-07,-0.080402
-2.432000e-07,-0.080402
-2.408000e-07,-0.080402
-2.384000e-07,-0.080402
-2.360000e-07,-0.080402
-2.336000e-07,-0.080402
-2.312000e-07,-0.160804
-2.288000e-07,-0.160804
-2.264000e-07,-0.080402
-2.240000e-07,-0.080402
-2.216000e-07,-0.080402
-2.192000e-07,-0.080402
-2.168000e-07,-0.080402
-2.144000e-07,-0.080402
-2.120000e-07,-0.080402
-2.096000e-07,-0.160804
-2.072000e-07,-0.160804
-2.048000e-07,-0.160804
-2.024000e-07,-0.241206
-2.000000e-07,-0.321608
-1.976000e-07,-0.321608
-1.952000e-07,-0.402010
-1.928000e-07,-0.482412
-1.904000e-07,-0.482412
-1.880000e-07,-0.562814
-1.856000e-07,-0.643216
-1.832000e-07,-0.643216
-1.808000e-07,-0.723618
-1.784000e-07,-0.804020
-1.760000e-07,-0.884422
-1.736000e-07,-0.964824
-1.712000e-07,-0.964824
-1.688000e-07,-1.045226
-1.664000e-07,-1.125628
-1.640000e-07,-1.206030
-1.616000e-07,-1.206030
-1.592000e-07,-1.286432
-1.568000e-07,-1.286432
-1.544000e-07,-1.366834
-1.520000e-07,-1.366834
-1.496000e-07,-1.447236
-1.472000e-07,-1.447236
-1.448000e-07,-1.527638
-1.424000e-07,-1.527638
-1.400000e-07,-1.608040
-1.376000e-07,-1.608040
-1.352000e-07,-1.688442
-1.328000e-07,-1.688442
-1.304000e-07,-1.688442
-1.280000e-07,-1.768844
-1.256000e-07,-1.768844
-1.232000e-07,-1.849246
-1.208000e-07,-1.849246
-1.184000e-07,-1.849246
-1.160000e-07,-1.849246
-1.136000e-07,-1.849246
-1.112000e-07,-1.849246
-1.088000e-07,-1.849246
-1.064000e-07,-1.849246
-1.040000e-07,-1.929648
-1.016000e-07,-1.849246
-9.920000e-08,-1.849246
-9.680000e-08,-1.849246
-9.440000e-08,-1.849246
-9.200000e-08,-1.849246
-8.960000e-08,-1.849246
-8.720000e-08,-1.849246
-8.480000e-08,-1.849246
-8.240000e-08,-1.849246
-8.000000e-08,-1.768844
-7.760000e-08,-1.768844
-7.520000e-08,-1.768844
-7.280000e-08,-1.768844
-7.040000e-08,-1.768844
-6.800000e-08,-1.688442
-6.560000e-08,-1.688442
-6.320000e-08,-1.608040
-6.080000e-08,-1.608040
-5.840000e-08,-1.527638
-5.600000e-08,-1.527638
-5.360000e-08,-1.527638
-5.120000e-08,-1.447236
-4.880000e-08,-1.447236
-4.640000e-08,-1.447236
-4.400000e-08,-1.366834
-4.160000e-08,-1.366834
-3.920000e-08,-1.286432
-3.680000e-08,-1.286432
-3.440000e-08,-1.286432
-3.200000e-08,-1.206030
-2.960000e-08,-1.206030
-2.720000e-08,-1.125628
-2.480000e-08,-1.125628
-2.240000e-08,-1.045226
-2.000000e-08,-0.964824
-1.760000e-08,-0.964824
-1.520000e-08,-0.884422
-1.280000e-08,-0.884422
-1.040000e-08,-0.804020
-8.000000e-09,-0.723618
-5.600000e-09,-0.723618
-3.200000e-09,-0.643216
-8.000000e-10,-0.562814
1.600000e-09,-0.562814
4.000000e-09,-0.482412
6.400000e-09,-0.482412
8.800000e-09,-0.402010
1.120000e-08,-0.402010
1.360000e-08,-0.321608
1.600000e-08,-0.321608
1.840000e-08,-0.241206
2.080000e-08,-0.241206
2.320000e-08,-0.160804
2.560000e-08,-0.160804
2.800000e-08,-0.080402
3.040000e-08,-0.080402
3.280000e-08,-0.080402
3.520000e-08,0.000000
3.760000e-08,0.000000
4.000000e-08,0.080402
4.240000e-08,0.080402
4.480000e-08,0.160804
4.720000e-08,0.160804
4.960000e-08,0.160804
5.200000e-08,0.241206
5.440000e-08,0.241206
5.680000e-08,0.241206
5.920000e-08,0.321608
6.160000e-08,0.321608
6.400000e-08,0.321608
6.640000e-08,0.321608
6.880000e-08,0.321608
7.120000e-08,0.402010
7.360000e-08,0.402010
7.600000e-08,0.402010
7.840000e-08,0.402010
8.080000e-08,0.482412
8.320000e-08,0.482412
8.560000e-08,0.482412
8.800000e-08,0.482412
9.040000e-08,0.562814
9.280000e-08,0.562814
9.520000e-08,0.562814
9.760000e-08,0.562814
1.000000e-07,0.562814
1.024000e-07,0.562814
1.048000e-07,0.562814
1.072000e-07,0.562814
1.096000e-07,0.562814
1.120000e-07,0.562814
1.144000e-07,0.562814
1.168000e-07,0.643216
1.192000e-07,0.643216
1.216000e-07,0.643216
1.240000e-07,0.643216
1.264000e-07,0.643216
1.288000e-07,0.643216
1.312000e-07,0.643216
1.336000e-07,0.643216
1.360000e-07,0.643216
1.384000e-07,0.643216
1.408000e-07,0.723618
1.432000e-07,0.723618
1.456000e-07,0.723618
1.480000e-07,0.723618
1.504000e-07,0.723618
1.528000e-07,0.723618
1.552000e-07,0.723618
1.576000e-07,0.723618
1.600000e-07,0.723618
1.624000e-07,0.723618
1.648000e-07,0.723618
1.672000e-07,0.723618
1.696000e-07,0.723618
1.720000e-07,0.723618
1.744000e-07,0.723618
1.768000e-07,0.723618
1.792000e-07,0.723618
1.816000e-07,0.723618
1.840000e-07,0.723618
1.864000e-07,0.723618
1.888000e-07,0.723618
1.912000e-07,0.723618
1.936000e-07,0.723618
1.960000e-07,0.723618
1.984000e-07,0.723618
2.008000e-07,0.643216
2.032000e-07,0.643216
2.056000e-07,0.723618
2.080000e-07,0.643216
2.104000e-07,0.643216
2.128000e-07,0.643216
2.152000e-07,0.643216
2.176000e-07,0.643216
2.200000e-07,0.562814
2.224000e-07,0.562814
2.248000e-07,0.562814
2.272000e-07,0.562814
2.296000e-07,0.562814
2.320000e-07,0.562814
2.344000e-07,0.482412
2.368000e-07,0.482412
2.392000e-07,0.402010
2.416000e-07,0.402010
2.440000e-07,0.321608
2.464000e-07,0.321608
2.488000e-07,0.321608
2.512000e-07,0.402010
2.536000e-07,0.482412
2.560000e-07,0.562814
2.584000e-07,0.643216
2.608000e-07,0.723618
2.632000e-07,0.804020
2.656000e-07,0.884422
2.680000e-07,0.964824
2.704000e-07,1.206030
2.728000e-07,1.366834
2.752000e-07,1.447236
2.776000e-07,1.608040
2.800000e-07,1.768844
2.824000e-07,1.929648
2.848000e-07,2.010050
2.872000e-07,2.170854
2.896000e-07,2.331658
2.920000e-07,2.412060
2.944000e-07,2.492462
2.968000e-07,2.653266
2.992000e-07,2.733668
3.016000e-07,2.814070
3.040000e-07,2.974874
3.064000e-07,3.055276
3.088000e-07,3.135678
3.112000e-07,3.216080
3.136000e-07,3.296482
3.160000e-07,3.376884
3.184000e-07,3.457286
3.208000e-07,3.537688
3.232000e-07,3.537688
3.256000e-07,3.618090
3.280000e-07,3.698492
3.304000e-07,3.778894
3.328000e-07,3.778894
3.352000e-07,3.859296
3.376000e-07,3.859296
3.400000e-07,3.859296
3.424000e-07,3.859296
3.448000e-07,3.859296
3.472000e-07,3.939698
3.496000e-07,3.939698
3.520000e-07,3.939698
3.544000e-07,3.939698
3.568000e-07,3.939698
3.592000e-07,3.939698
3.616000e-07,3.939698
3.640000e-07,3.939698
3.664000e-07,3.939698
3.688000e-07,3.939698
3.712000e-07,3.939698
3.736000e-07,3.939698
3.760000e-07,3.939698
3.784000e-07,3.939698
3.808000e-07,3.939698
3.832000e-07,3.939698
3.856000e-07,3.939698
3.880000e-07,3.859296
3.904000e-07,3.859296
3.928000e-07,3.778894
3.952000e-07,3.778894
3.976000e-07,3.698492
4.000000e-07,3.618090
4.024000e-07,3.457286
4.048000e-07,3.296482
4.072000e-07,3.135678
4.096000e-07,3.055276
4.120000e-07,2.894472
4.144000e-07,2.814070
4.168000e-07,2.733668
4.192000e-07,2.572864
4.216000e-07,2.492462
4.240000e-07,2.412060
4.264000e-07,2.251256
4.288000e-07,2.170854
4.312000e-07,2.090452
4.336000e-07,2.010050
4.360000e-07,1.929648
4.384000e-07,1.768844
4.408000e-07,1.768844
4.432000e-07,1.688442
4.456000e-07,1.527638
4.480000e-07,1.447236
4.504000e-07,1.366834
4.528000e-07,1.286432
4.552000e-07,1.206030
4.576000e-07,1.125628
4.600000e-07,1.045226
4.624000e-07,0.964824
4.648000e-07,0.884422
4.672000e-07,0.804020
4.696000e-07,0.723618
4.720000e-07,0.643216
4.744000e-07,0.562814
4.768000e-07,0.482412
4.792000e-07,0.402010
4.816000e-07,0.321608
4.840000e-07,0.321608
4.864000e-07,0.241206
4.888000e-07,0.160804
4.912000e-07,0.080402
4.936000e-07,0.000000
4.960000e-07,0.000000
4.984000e-07,-0.080402
5.008000e-07,-0.160804
5.032000e-07,-0.241206
5.056000e-07,-0.241206
5.080000e-07,-0.241206
5.104000e-07,-0.321608
5.128000e-07,-0.402010
5.152000e-07,-0.402010
5.176000e-07,-0.482412
5.200000e-07,-0.562814
5.224000e-07,-0.562814
5.248000e-07,-0.643216
5.272000e-07,-0.643216
5.296000e-07,-0.723618
5.320000e-07,-0.723618
5.344000e-07,-0.723618
5.368000e-07,-0.804020
5.392000e-07,-0.884422
5.416000e-07,-0.884422
5.440000e-07,-0.884422
5.464000e-07,-0.964824
5.488000e-07,-0.964824
5.512000e-07,-1.045226
5.536000e-07,-1.125628
5.560000e-07,-1.125628
5.584000e-07,-1.125628
5.608000e-07,-1.125628
5.632000e-07,-1.206030
5.656000e-07,-1.206030
5.680000e-07,-1.206030
5.704000e-07,-1.206030
5.728000e-07,-1.206030
5.752000e-07,-1.286432
5.776000e-07,-1.286432
5.800000e-07,-1.286432
5.824000e-07,-1.366834
5.848000e-07,-1.366834
5.872000e-07,-1.366834
5.896000e-07,-1.366834
5.920000e-07,-1.366834
5.944000e-07,-1.447236
5.968000e-07,-1.447236
5.992000e-07,-1.447236
6.016000e-07,-1.447236
6.040000e-07,-1.447236
6.064000e-07,-1.447236
6.088000e-07,-1.527638
6.112000e-07,-1.527638
6.136000e-07,-1.527638
6.160000e-07,-1.527638
6.184000e-07,-1.527638
6.208000e-07,-1.527638
6.232000e-07,-1.527638
6.256000e-07,-1.527638
6.280000e-07,-1.527638
6.304000e-07,-1.527638
6.328000e-07,-1.527638
6.352000e-07,-1.527638
6.376000e-07,-1.527638
6.400000e-07,-1.527638
6.424000e-07,-1.527638
6.448000e-07,-1.527638
6.472000e-07,-1.527638
6.496000e-07,-1.527638
6.520000e-07,-1.527638
6.544000e-07,-1.527638
6.568000e-07,-1.527638
6.592000e-07,-1.527638
6.616000e-07,-1.527638
6.640000e-07,-1.527638
6.664000e-07,-1.527638
6.688000e-07,-1.527638
6.712000e-07,-1.527638
6.736000e-07,-1.527638
6.760000e-07,-1.527638
6.784000e-07,-1.447236
6.808000e-07,-1.527638
6.832000e-07,-1.447236
6.856000e-07,-1.447236
6.880000e-07,-1.447236
6.904000e-07,-1.447236
6.928000e-07,-1.447236
6.952000e-07,-1.447236
6.976000e-07,-1.447236
7.000000e-07,-1.447236
7.024000e-07,-1.447236
7.048000e-07,-1.447236
7.072000e-07,-1.447236
7.096000e-07,-1.447236
7.120000e-07,-1.447236
7.144000e-07,-1.366834
7.168000e-07,-1.366834
7.192000e-07,-1.366834
7.216000e-07,-1.366834
7.240000e-07,-1.366834
7.264000e-07,-1.366834
7.288000e-07,-1.366834
7.312000e-07,-1.366834
7.336000e-07,-1.366834
7.360000e-07,-1.286432
7.384000e-07,-1.286432
7.408000e-07,-1.286432
7.432000e-07,-1.286432
7.456000e-07,-1.286432
7.480000e-07,-1.286432
7.504000e-07,-1.286432
7.528000e-07,-1.286432
7.552000e-07,-1.286432
7.576000e-07,-1.286432
7.600000e-07,-1.206030
7.624000e-07,-1.206030
7.648000e-07,-1.206030
7.672000e-07,-1.206030
7.696000e-07,-1.206030
7.720000e-07,-1.206030
7.744000e-07,-1.206030
7.768000e-07,-1.125628
7.792000e-07,-1.125628
7.816000e-07,-1.125628
7.840000e-07,-1.125628
7.864000e-07,-1.125628
7.888000e-07,-1.125628
7.912000e-07,-1.125628
7.936000e-07,-1.125628
7.960000e-07,-1.125628
7.984000e-07,-1.125628
8.008000e-07,-1.045226
8.032000e-07,-1.045226
8.056000e-07,-1.045226
8.080000e-07,-1.045226
8.104000e-07,-1.045226
8.128000e-07,-1.045226
8.152000e-07,-1.045226
8.176000e-07,-1.045226
8.200000e-07,-1.045226
8.224000e-07,-1.045226
8.248000e-07,-0.964824
8.272000e-07,-0.964824
8.296000e-07,-0.964824
8.320000e-07,-0.964824
8.344000e-07,-0.964824
8.368000e-07,-0.964824
8.392000e-07,-0.964824
8.416000e-07,-0.964824
8.440000e-07,-0.964824
8.464000e-07,-0.884422
8.488000e-07,-0.884422
8.512000e-07,-0.884422
8.536000e-07,-0.884422
8.560000e-07,-0.884422
8.584000e-07,-0.884422
8.608000e-07,-0.884422
8.632000e-07,-0.884422
8.656000e-07,-0.804020
8.680000e-07,-0.804020
8.704000e-07,-0.804020
8.728000e-07,-0.804020
8.752000e-07,-0.804020
8.776000e-07,-0.804020
8.800000e-07,-0.804020
8.824000e-07,-0.804020
8.848000e-07,-0.723618
8.872000e-07,-0.723618
8.896000e-07,-0.723618
8.920000e-07,-0.723618
8.944000e-07,-0.804020
8.968000e-07,-0.723618
8.992000e-07,-0.723618
9.016000e-07,-0.723618
9.040000e-07,-0.723618
9.064000e-07,-0.723618
9.088000e-07,-0.723618
9.112000e-07,-0.723618
9.136000e-07,-0.723618
9.160000e-07,-0.723618
9.184000e-07,-0.723618
9.208000e-07,-0.643216
9.232000e-07,-0.643216
9.256000e-07,-0.643216
9.280000e-07,-0.643216
9.304000e-07,-0.643216
9.328000e-07,-0.643216
9.352000e-07,-0.643216
9.376000e-07,-0.643216
9.400000e-07,-0.643216
9.424000e-07,-0.643216
9.448000e-07,-0.562814
9.472000e-07,-0.643216
9.496000e-07,-0.562814
9.520000e-07,-0.562814
9.544000e-07,-0.562814
9.568000e-07,-0.562814
9.592000e-07,-0.562814
9.616000e-07,-0.562814
9.640000e-07,-0.562814
9.664000e-07,-0.562814
9.688000e-07,-0.562814
9.712000e-07,-0.562814
9.736000e-07,-0.482412
9.760000e-07,-0.482412
9.784000e-07,-0.482412
9.808000e-07,-0.482412
9.832000e-07,-0.482412
9.856000e-07,-0.482412
9.880000e-07,-0.482412
9.904000e-07,-0.482412
9.928000e-07,-0.482412
9.952000e-07,-0.482412
9.976000e-07,-0.482412
1.000000e-06,-0.482412
1.002400e-06,-0.482412
1.004800e-06,-0.482412
1.007200e-06,-0.482412
1.009600e-06,-0.482412
1.012000e-06,-0.402010
1.014400e-06,-0.482412
1.016800e-06,-0.402010
1.019200e-06,-0.402010
1.021600e-06,-0.402010
1.024000e-06,-0.402010
1.026400e-06,-0.402010
1.028800e-06,-0.402010
1.031200e-06,-0.402010
1.033600e-06,-0.402010
1.036000e-06,-0.402010
1.038400e-06,-0.402010
1.040800e-06,-0.402010
1.043200e-06,-0.402010
1.045600e-06,-0.402010
1.048000e-06,-0.402010
1.050400e-06,-0.321608
1.052800e-06,-0.402010
1.055200e-06,-0.402010
1.057600e-06,-0.321608
1.060000e-06,-0.321608
1.062400e-06,-0.321608
1.064800e-06,-0.321608
1.067200e-06,-0.321608
1.069600e-06,-0.402010
1.072000e-06,-0.402010
1.074400e-06,-0.321608
1.076800e-06,-0.321608
1.079200e-06,-0.321608
1.081600e-06,-0.321608
1.084000e-06,-0.321608
1.086400e-06,-0.321608
1.088800e-06,-0.321608
1.091200e-06,-0.321608
1.093600e-06,-0.321608
1.096000e-06,-0.321608
1.098400e-06,-0.321608
1.100800e-06,-0.321608
1.103200e-06,-0.321608
1.105600e-06,-0.321608
1.108000e-06,-0.321608
1.110400e-06,-0.321608
1.112800e-06,-0.321608
1.115200e-06,-0.321608
1.117600e-06,-0.241206
1.120000e-06,-0.241206
1.122400e-06,-0.321608
1.124800e-06,-0.241206
1.127200e-06,-0.241206
1.129600e-06,-0.241206
1.132000e-06,-0.241206
1.134400e-06,-0.241206
1.136800e-06,-0.241206
1.139200e-06,-0.241206
1.141600e-06,-0.241206
1.144000e-06,-0.241206
1.146400e-06,-0.241206
1.148800e-06,-0.241206
1.151200e-06,-0.241206
1.153600e-06,-0.241206
1.156000e-06,-0.241206
1.158400e-06,-0.241206
1.160800e-06,-0.241206
1.163200e-06,-0.241206
1.165600e-06,-0.241206
1.168000e-06,-0.241206
1.170400e-06,-0.241206
1.172800e-06,-0.241206
1.175200e-06,-0.241206
1.177600e-06,-0.241206
1.180000e-06,-0.241206
1.182400e-06,-0.241206
1.184800e-06,-0.241206
1.187200e-06,-0.241206
1.189600e-06,-0.160804
1.192000e-06,-0.241206
1.194400e-06,-0.241206
1.196800e-06,-0.160804
1.199200e-06,-0.241206
1.201600e-06,-0.160804
1.204000e-06,-0.160804
1.206400e-06,-0.160804
1.208800e-06,-0.160804
1.211200e-06,-0.160804
1.213600e-06,-0.241206
1.216000e-06,-0.241206
1.218400e-06,-0.160804
1.220800e-06,-0.160804
1.223200e-06,-0.160804
1.225600e-06,-0.160804
1.228000e-06,-0.160804
1.230400e-06,-0.160804
1.232800e-06,-0.241206
1.235200e-06,-0.160804
1.237600e-06,-0.160804
1.240000e-06,-0.160804
1.242400e-06,-0.160804
1.244800e-06,-0.160804
1.247200e-06,-0.160804
1.249600e-06,-0.160804
1.252000e-06,-0.160804
1.254400e-06,-0.160804
1.256800e-06,-0.160804
1.259200e-06,-0.160804
1.261600e-06,-0.160804
1.264000e-06,-0.160804
1.266400e-06,-0.160804
1.268800e-06,-0.160804
1.271200e-06,-0.160804
1.273600e-06,-0.160804
1.276000e-06,-0.160804
1.278400e-06,-0.160804
1.280800e-06,-0.160804
1.283200e-06,-0.160804
1.285600e-06,-0.160804
1.288000e-06,-0.160804
1.290400e-06,-0.160804
1.292800e-06,-0.160804
1.295200e-06,-0.160804
1.297600e-06,-0.160804
1.300000e-06,-0.160804
1.302400e-06,-0.160804
1.304800e-06,-0.160804
1.307200e-06,-0.160804
1.309600e-06,-0.080402
1.312000e-06,-0.160804
1.314400e-06,-0.160804
1.316800e-06,-0.160804
1.319200e-06,-0.080402
1.321600e-06,-0.080402
1.324000e-06,-0.080402
1.326400e-06,-0.080402
1.328800e-06,-0.160804
1.331200e-06,-0.080402
1.333600e-06,-0.160804
1.336000e-06,-0.160804
1.338400e-06,-0.160804
1.340800e-06,-0.160804
1.343200e-06,-0.160804
1.345600e-06,-0.160804
1.348000e-06,-0.160804
1.350400e-06,-0.160804
1.352800e-06,-0.160804
1.355200e-06,-0.080402
1.357600e-06,-0.080402
1.360000e-06,-0.160804
1.362400e-06,-0.080402
1.364800e-06,-0.080402
1.367200e-06,-0.160804
1.369600e-06,-0.160804
1.372000e-06,-0.080402
1.374400e-06,-0.080402
1.376800e-06,-0.160804
1.379200e-06,-0.160804
1.381600e-06,-0.080402
1.384000e-06,-0.080402
1.386400e-06,-0.080402
1.388800e-06,-0.080402
1.391200e-06,-0.160804
1.393600e-06,-0.080402
1.396000e-06,-0.080402
1.398400e-06,-0.080402
1.400800e-06,-0.160804
1.403200e-06,-0.160804
1.405600e-06,-0.160804
1.408000e-06,-0.080402
1.410400e-06,-0.160804
1.412800e-06,-0.160804
1.415200e-06,-0.080402
1.417600e-06,-0.080402
1.420000e-06,-0.160804
1.422400e-06,-0.160804
1.424800e-06,-0.160804
1.427200e-06,-0.080402
1.429600e-06,-0.160804
1.432000e-06,-0.080402
1.434400e-06,-0.080402
1.436800e-06,-0.160804
1.439200e-06,-0.080402
1.441600e-06,-0.160804
1.444000e-06,-0.160804
1.446400e-06,-0.080402
1.448800e-06,-0.080402
1.451200e-06,-0.080402
1.453600e-06,-0.080402
1.456000e-06,-0.160804
1.458400e-06,-0.080402
1.460800e-06,-0.080402
1.463200e-06,-0.080402
1.465600e-06,-0.080402
1.468000e-06,-0.080402
1.470400e-06,-0.080402
1.472800e-06,-0.160804
1.475200e-06,-0.080402
1.477600e-06,-0.080402
1.480000e-06,-0.080402
1.482400e-06,-0.080402
1.484800e-06,0.000000
1.487200e-06,0.000000
1.489600e-06,0.000000
1.492000e-06,0.080402
1.494400e-06,0.080402
1.496800e-06,0.080402
1.499200e-06,0.080402
1.501600e-06,0.080402
1.504000e-06,0.080402
1.506400e-06,0.080402
1.508800e-06,0.080402
1.511200e-06,0.080402
1.513600e-06,0.080402
1.516000e-06,0.080402
1.518400e-06,0.000000
1.520800e-06,0.000000
1.523200e-06,-0.080402
1.525600e-06,-0.160804
1.528000e-06,-0.160804
1.530400e-06,-0.241206
1.532800e-06,-0.321608
1.535200e-06,-0.321608
1.537600e-06,-0.402010
1.540000e-06,-0.482412
1.542400e-06,-0.482412
1.544800e-06,-0.562814
1.547200e-06,-0.643216
1.549600e-06,-0.723618
1.552000e-06,-0.804020
1.554400e-06,-0.884422
1.556800e-06,-0.964824
1.559200e-06,-1.045226
1.561600e-06,-1.045226
1.564000e-06,-1.206030
1.566400e-06,-1.206030
1.568800e-06,-1.366834
1.571200e-06,-1.366834
1.573600e-06,-1.527638
1.576000e-06,-1.527638
1.578400e-06,-1.608040
1.580800e-06,-1.688442
1.583200e-06,-1.768844
1.585600e-06,-1.849246
1.588000e-06,-1.929648
1.590400e-06,-2.010050
1.592800e-06,-2.010050
1.595200e-06,-2.090452
1.597600e-06,-2.170854
1.600000e-06,-2.251256
1.602400e-06,-2.331658
1.604800e-06,-2.412060
1.607200e-06,-2.412060
1.609600e-06,-2.492462
1.612000e-06,-2.572864
1.614400e-06,-2.653266
1.616800e-06,-2.653266
1.619200e-06,-2.733668
1.621600e-06,-2.733668
1.624000e-06,-2.814070
1.626400e-06,-2.894472
1.628800e-06,-2.894472
1.631200e-06,-2.974874
1.633600e-06,-2.974874
1.636000e-06,-3.055276
1.638400e-06,-3.135678
1.640800e-06,-3.135678
1.643200e-06,-3.216080
1.645600e-06,-3.216080
1.648000e-06,-3.296482
1.650400e-06,-3.296482
1.652800e-06,-3.296482
1.655200e-06,-3.296482
1.657600e-06,-3.296482
1.660000e-06,-3.296482
1.662400e-06,-3.376884
1.664800e-06,-3.296482
1.667200e-06,-3.376884
1.669600e-06,-3.296482
1.672000e-06,-3.296482
1.674400e-06,-3.296482
1.676800e-06,-3.296482
1.679200e-06,-3.216080
1.681600e-06,-3.216080
1.684000e-06,-3.216080
1.686400e-06,-3.135678
1.688800e-06,-3.055276
1.691200e-06,-3.055276
1.693600e-06,-3.055276
1.696000e-06,-2.974874
1.698400e-06,-2.974874
1.700800e-06,-2.894472
1.703200e-06,-2.814070
1.705600e-06,-2.814070
1.708000e-06,-2.733668
1.710400e-06,-2.733668
1.712800e-06,-2.653266
1.715200e-06,-2.572864
1.717600e-06,-2.572864
1.720000e-06,-2.492462
1.722400e-06,-2.412060
1.724800e-06,-2.412060
1.727200e-06,-2.331658
1.729600e-06,-2.251256
1.732000e-06,-2.170854
1.734400e-06,-2.090452
1.736800e-06,-2.010050
1.739200e-06,-1.929648
1.741600e-06,-1.849246
1.744000e-06,-1.849246
1.746400e-06,-1.768844
1.748800e-06,-1.688442
1.751200e-06,-1.608040
1.753600e-06,-1.527638
1.756000e-06,-1.527638
1.758400e-06,-1.366834
1.760800e-06,-1.366834
1.763200e-06,-1.286432
1.765600e-06,-1.206030
1.768000e-06,-1.125628
1.770400e-06,-1.125628
1.772800e-06,-1.045226
1.775200e-06,-0.964824
1.777600e-06,-0.884422
1.780000e-06,-0.804020
1.782400e-06,-0.723618
1.784800e-06,-0.643216
1.787200e-06,-0.562814
1.789600e-06,-0.482412
1.792000e-06,-0.402010
1.794400e-06,-0.321608
1.796800e-06,-0.241206
1.799200e-06,-0.160804
1.801600e-06,-0.080402
1.804000e-06,0.000000
1.806400e-06,0.080402
1.808800e-06,0.080402
1.811200e-06,0.160804
1.813600e-06,0.241206
1.816000e-06,0.321608
1.818400e-06,0.321608
1.820800e-06,0.402010
1.823200e-06,0.482412
1.825600e-06,0.482412
1.828000e-06,0.562814
1.830400e-06,0.643216
1.832800e-06,0.643216
1.835200e-06,0.723618
1.837600e-06,0.804020
1.840000e-06,0.804020
1.842400e-06,0.804020
1.844800e-06,0.884422
1.847200e-06,0.884422
1.849600e-06,0.964824
1.852000e-06,0.964824
1.854400e-06,0.964824
1.856800e-06,1.045226
1.859200e-06,1.045226
1.861600e-06,1.125628
1.864000e-06,1.125628
1.866400e-06,1.125628
1.868800e-06,1.206030
1.871200e-06,1.206030
1.873600e-06,1.206030
1.876000e-06,1.286432
1.878400e-06,1.206030
1.880800e-06,1.286432
1.883200e-06,1.286432
1.885600e-06,1.286432
1.888000e-06,1.366834
1.890400e-06,1.366834
1.892800e-06,1.366834
1.895200e-06,1.366834
1.897600e-06,1.366834
1.900000e-06,1.447236
1.902400e-06,1.447236
1.904800e-06,1.447236
1.907200e-06,1.447236
1.909600e-06,1.447236
1.912000e-06,1.447236
1.914400e-06,1.447236
1.916800e-06,1.447236
1.919200e-06,1.447236
1.921600e-06,1.527638
1.924000e-06,1.447236
1.926400e-06,1.527638
1.928800e-06,1.527638
1.931200e-06,1.447236
1.933600e-06,1.527638
1.936000e-06,1.527638
1.938400e-06,1.527638
1.940800e-06,1.527638
1.943200e-06,1.527638
1.945600e-06,1.527638
1.948000e-06,1.447236
1.950400e-06,1.447236
1.952800e-06,1.527638
1.955200e-06,1.527638
1.957600e-06,1.527638
1.960000e-06,1.527638
1.962400e-06,1.447236
1.964800e-06,1.447236
1.967200e-06,1.447236
1.969600e-06,1.447236
1.972000e-06,1.447236
1.974400e-06,1.447236
1.976800e-06,1.447236
1.979200e-06,1.447236
1.981600e-06,1.447236
1.984000e-06,1.447236
1.986400e-06,1.447236
1.988800e-06,1.447236
1.991200e-06,1.447236
1.993600e-06,1.447236
1.996000e-06,1.447236
1.998400e-06,1.447236
2.000800e-06,1.447236
2.003200e-06,1.366834
2.005600e-06,1.366834
2.008000e-06,1.366834
2.010400e-06,1.366834
2.012800e-06,1.366834
2.015200e-06,1.366834
2.017600e-06,1.366834
2.020000e-06,1.286432
2.022400e-06,1.286432
2.024800e-06,1.286432
2.027200e-06,1.286432
2.029600e-06,1.286432
2.032000e-06,1.286432
2.034400e-06,1.286432
2.036800e-06,1.286432
2.039200e-06,1.206030
2.041600e-06,1.286432
2.044000e-06,1.206030
2.046400e-06,1.206030
2.048800e-06,1.206030
2.051200e-06,1.206030
2.053600e-06,1.206030
2.056000e-06,1.206030
2.058400e-06,1.206030
2.060800e-06,1.206030
2.063200e-06,1.125628
2.065600e-06,1.125628
2.068000e-06,1.125628
2.070400e-06,1.125628
2.072800e-06,1.125628
2.075200e-06,1.125628
2.077600e-06,1.125628
2.080000e-06,1.045226
2.082400e-06,1.045226
2.084800e-06,1.045226
2.087200e-06,1.045226
2.089600e-06,0.964824
2.092000e-06,0.964824
2.094400e-06,0.964824
2.096800e-06,0.964824
2.099200e-06,0.964824
2.101600e-06,0.884422
2.104000e-06,0.884422
2.106400e-06,0.884422
2.108800e-06,0.884422
2.111200e-06,0.884422
2.113600e-06,0.884422
2.116000e-06,0.884422
2.118400e-06,0.804020
2.120800e-06,0.804020
2.123200e-06,0.723618
2.125600e-06,0.723618
2.128000e-06,0.723618
2.130400e-06,0.723618
2.132800e-06,0.643216
2.135200e-06,0.643216
2.137600e-06,0.562814
2.140000e-06,0.562814
2.142400e-06,0.562814
2.144800e-06,0.562814
2.147200e-06,0.562814
2.149600e-06,0.643216
2.152000e-06,0.643216
2.154400e-06,0.723618
2.156800e-06,0.804020
2.159200e-06,0.884422
2.161600e-06,0.964824
2.164000e-06,1.045226
2.166400e-06,1.125628
2.168800e-06,1.286432
2.171200e-06,1.366834
2.173600e-06,1.527638
2.176000e-06,1.688442
2.178400e-06,1.768844
2.180800e-06,1.929648
2.183200e-06,2.090452
2.185600e-06,2.251256
2.188000e-06,2.412060
2.190400e-06,2.492462
2.192800e-06,2.572864
2.195200e-06,2.733668
2.197600e-06,2.894472
2.200000e-06,2.974874
2.202400e-06,3.055276
2.204800e-06,3.135678
2.207200e-06,3.216080
2.209600e-06,3.296482
2.212000e-06,3.376884
2.214400e-06,3.457286
2.216800e-06,3.537688
2.219200e-06,3.537688
2.221600e-06,3.618090
2.224000e-06,3.698492
2.226400e-06,3.698492
2.228800e-06,3.778894
2.231200e-06,3.778894
2.233600e-06,3.859296
2.236000e-06,3.859296
2.238400e-06,3.859296
2.240800e-06,3.939698
2.243200e-06,3.939698
2.245600e-06,3.939698
2.248000e-06,3.939698
2.250400e-06,3.939698
2.252800e-06,3.939698
2.255200e-06,3.939698
2.257600e-06,3.939698
2.260000e-06,3.939698
2.262400e-06,3.939698
2.264800e-06,3.939698
2.267200e-06,3.939698
2.269600e-06,3.939698
2.272000e-06,3.939698
2.274400e-06,3.939698
2.276800e-06,3.859296
2.279200e-06,3.859296
2.281600e-06,3.859296
2.284000e-06,3.778894
2.286400e-06,3.778894
2.288800e-06,3.698492
2.291200e-06,3.618090
2.293600e-06,3.457286
2.296000e-06,3.296482
2.298400e-06,3.216080
2.300800e-06,3.135678
2.303200e-06,3.055276
2.305600e-06,2.974874
2.308000e-06,2.894472
2.310400e-06,2.814070
2.312800e-06,2.653266
2.315200e-06,2.572864
2.317600e-06,2.492462
2.320000e-06,2.412060
2.322400e-06,2.331658
2.324800e-06,2.251256
2.327200e-06,2.170854
2.329600e-06,2.090452
2.332000e-06,2.010050
2.334400e-06,1.929648
2.336800e-06,1.849246
2.339200e-06,1.768844
2.341600e-06,1.688442
2.344000e-06,1.608040
2.346400e-06,1.447236
2.348800e-06,1.447236
2.351200e-06,1.286432
2.353600e-06,1.206030
2.356000e-06,1.125628
2.358400e-06,1.125628
2.360800e-06,1.045226
2.363200e-06,0.964824
2.365600e-06,0.884422
2.368000e-06,0.804020
2.370400e-06,0.723618
2.372800e-06,0.643216
2.375200e-06,0.562814
2.377600e-06,0.482412
2.380000e-06,0.402010
2.382400e-06,0.321608
2.384800e-06,0.241206
2.387200e-06,0.241206
2.389600e-06,0.160804
2.392000e-06,0.080402
2.394400e-06,0.000000
2.396800e-06,0.000000
2.399200e-06,-0.080402
2.401600e-06,-0.160804
2.404000e-06,-0.160804
2.406400e-06,-0.241206
2.408800e-06,-0.321608
2.411200e-06,-0.321608
2.413600e-06,-0.402010
2.416000e-06,-0.482412
2.418400e-06,-0.482412
2.420800e-06,-0.482412
2.423200e-06,-0.562814
2.425600e-06,-0.562814
2.428000e-06,-0.643216
2.430400e-06,-0.723618
2.432800e-06,-0.723618
2.435200e-06,-0.804020
2.437600e-06,-0.804020
2.440000e-06,-0.804020
2.442400e-06,-0.884422
2.444800e-06,-0.884422
2.447200e-06,-0.964824
2.449600e-06,-0.964824
2.452000e-06,-0.964824
2.454400e-06,-1.045226
2.456800e-06,-1.045226
2.459200e-06,-1.125628
2.461600e-06,-1.125628
2.464000e-06,-1.125628
2.466400e-06,-1.125628
2.468800e-06,-1.206030
2.471200e-06,-1.206030
2.473600e-06,-1.206030
2.476000e-06,-1.286432
2.478400e-06,-1.286432
2.480800e-06,-1.286432
2.483200e-06,-1.286432
2.485600e-06,-1.366834
2.488000e-06,-1.366834
2.490400e-06,-1.366834
2.492800e-06,-1.366834
2.495200e-06,-1.447236
2.497600e-06,-1.447236
2.500000e-06,-1.447236
2.502400e-06,-1.447236
2.504800e-06,-1.447236
2.507200e-06,-1.447236
2.509600e-06,-1.447236
2.512000e-06,-1.447236
2.514400e-06,-1.527638
2.516800e-06,-1.527638
2.519200e-06,-1.527638
2.521600e-06,-1.527638
2.524000e-06,-1.527638
2.526400e-06,-1.447236
2.528800e-06,-1.447236
2.531200e-06,-1.447236
2.533600e-06,-1.527638
2.536000e-06,-1.527638
2.538400e-06,-1.447236
2.540800e-06,-1.527638
2.543200e-06,-1.527638
2.545600e-06,-1.447236
2.548000e-06,-1.527638
2.550400e-06,-1.527638
2.552800e-06,-1.447236
2.555200e-06,-1.527638
2.557600e-06,-1.527638
2.560000e-06,-1.527638
2.562400e-06,-1.527638
2.564800e-06,-1.527638
2.567200e-06,-1.527638
2.569600e-06,-1.527638
2.572000e-06,-1.527638
2.574400e-06,-1.527638
2.576800e-06,-1.447236
2.579200e-06,-1.447236
2.581600e-06,-1.447236
2.584000e-06,-1.447236
2.586400e-06,-1.447236
2.588800e-06,-1.447236
2.591200e-06,-1.447236
2.593600e-06,-1.447236
2.596000e-06,-1.447236
2.598400e-06,-1.447236
2.600800e-06,-1.447236
2.603200e-06,-1.447236
2.605600e-06,-1.447236
2.608000e-06,-1.447236
2.610400e-06,-1.366834
2.612800e-06,-1.366834
2.615200e-06,-1.366834
2.617600e-06,-1.366834
2.620000e-06,-1.366834
2.622400e-06,-1.366834
2.624800e-06,-1.366834
2.627200e-06,-1.366834
2.629600e-06,-1.366834
2.632000e-06,-1.366834
2.634400e-06,-1.286432
2.636800e-06,-1.286432
2.639200e-06,-1.286432
2.641600e-06,-1.286432
2.644000e-06,-1.286432
2.646400e-06,-1.286432
2.648800e-06,-1.286432
2.651200e-06,-1.286432
2.653600e-06,-1.286432
2.656000e-06,-1.206030
2.658400e-06,-1.206030
2.660800e-06,-1.206030
2.663200e-06,-1.206030
2.665600e-06,-1.206030
2.668000e-06,-1.206030
2.670400e-06,-1.206030
2.672800e-06,-1.206030
2.675200e-06,-1.206030
2.677600e-06,-1.206030
2.680000e-06,-1.206030
2.682400e-06,-1.206030
2.684800e-06,-1.206030
2.687200e-06,-1.125628
2.689600e-06,-1.125628
2.692000e-06,-1.125628
2.694400e-06,-1.125628
2.696800e-06,-1.125628
2.699200e-06,-1.125628
2.701600e-06,-1.045226
2.704000e-06,-1.045226
2.706400e-06,-1.045226
2.708800e-06,-1.045226
2.711200e-06,-1.045226
2.713600e-06,-1.045226
2.716000e-06,-1.045226
2.718400e-06,-1.045226
2.720800e-06,-1.045226
2.723200e-06,-0.964824
2.725600e-06,-0.964824
2.728000e-06,-0.964824
2.730400e-06,-0.964824
2.732800e-06,-0.964824
2.735200e-06,-0.964824
2.737600e-06,-0.964824
2.740000e-06,-0.964824
2.742400e-06,-0.964824
2.744800e-06,-0.964824
2.747200e-06,-0.964824
2.749600e-06,-0.964824
2.752000e-06,-0.964824
2.754400e-06,-0.964824
2.756800e-06,-0.964824
2.759200e-06,-0.964824
2.761600e-06,-0.964824
2.764000e-06,-0.884422
2.766400e-06,-0.884422
2.768800e-06,-0.964824
2.771200e-06,-0.964824
2.773600e-06,-0.964824
2.776000e-06,-0.964824
2.778400e-06,-0.964824
2.780800e-06,-1.045226
2.783200e-06,-1.045226
2.785600e-06,-1.045226
2.788000e-06,-1.045226
2.790400e-06,-1.045226
2.792800e-06,-1.045226
2.795200e-06,-1.045226
2.797600e-06,-1.125628
2.800000e-06,-1.125628
2.802400e-06,-1.125628
2.804800e-06,-1.206030
2.807200e-06,-1.206030
2.809600e-06,-1.206030
2.812000e-06,-1.206030
2.814400e-06,-1.286432
2.816800e-06,-1.286432
2.819200e-06,-1.286432
2.821600e-06,-1.286432
2.824000e-06,-1.366834
2.826400e-06,-1.366834
2.828800e-06,-1.447236
2.831200e-06,-1.447236
2.833600e-06,-1.447236
2.836000e-06,-1.447236
2.838400e-06,-1.447236
2.840800e-06,-1.447236
2.843200e-06,-1.447236
2.845600e-06,-1.527638
2.848000e-06,-1.527638
2.850400e-06,-1.527638
2.852800e-06,-1.527638
2.855200e-06,-1.527638
2.857600e-06,-1.608040
2.860000e-06,-1.608040
2.862400e-06,-1.608040
2.864800e-06,-1.608040
2.867200e-06,-1.608040
2.869600e-06,-1.608040
2.872000e-06,-1.688442
2.874400e-06,-1.608040
2.876800e-06,-1.688442
2.879200e-06,-1.688442
2.881600e-06,-1.688442
2.884000e-06,-1.688442
2.886400e-06,-1.688442
2.888800e-06,-1.688442
2.891200e-06,-1.688442
2.893600e-06,-1.688442
2.896000e-06,-1.688442
2.898400e-06,-1.688442
2.900800e-06,-1.688442
2.903200e-06,-1.688442
2.905600e-06,-1.688442
2.908000e-06,-1.688442
2.910400e-06,-1.688442
2.912800e-06,-1.688442
2.915200e-06,-1.688442
2.917600e-06,-1.688442
2.920000e-06,-1.688442
2.922400e-06,-1.688442
2.924800e-06,-1.688442
2.927200e-06,-1.688442
2.929600e-06,-1.688442
2.932000e-06,-1.608040
2.934400e-06,-1.608040
2.936800e-06,-1.608040
2.939200e-06,-1.608040
2.941600e-06,-1.608040
2.944000e-06,-1.608040
2.946400e-06,-1.608040
2.948800e-06,-1.527638
2.951200e-06,-1.527638
2.953600e-06,-1.527638
2.956000e-06,-1.527638
2.958400e-06,-1.527638
2.960800e-06,-1.527638
2.963200e-06,-1.447236
2.965600e-06,-1.447236
2.968000e-06,-1.447236
2.970400e-06,-1.447236
2.972800e-06,-1.447236
2.975200e-06,-1.366834
2.977600e-06,-1.366834
2.980000e-06,-1.366834
2.982400e-06,-1.366834
2.984800e-06,-1.366834
2.987200e-06,-1.286432
2.989600e-06,-1.286432
2.992000e-06,-1.286432
2.994400e-06,-1.286432
2.996800e-06,-1.286432
2.999200e-06,-1.286432
3.001600e-06,-1.206030
3.004000e-06,-1.206030
3.006400e-06,-1.125628
3.008800e-06,-1.125628
3.011200e-06,-1.125628
3.013600e-06,-1.045226
3.016000e-06,-1.125628
3.018400e-06,-1.045226
3.020800e-06,-1.045226
3.023200e-06,-1.045226
3.025600e-06,-0.964824
3.028000e-06,-0.964824
3.030400e-06,-0.964824
3.032800e-06,-0.964824
3.035200e-06,-0.884422
3.037600e-06,-0.884422
3.040000e-06,-0.884422
3.042400e-06,-0.884422
3.044800e-06,-0.804020
3.047200e-06,-0.804020
3.049600e-06,-0.804020
3.052000e-06,-0.723618
3.054400e-06,-0.723618
3.056800e-06,-0.723618
3.059200e-06,-0.723618
3.061600e-06,-0.643216
3.064000e-06,-0.643216
3.066400e-06,-0.643216
3.068800e-06,-0.643216
3.071200e-06,-0.562814
3.073600e-06,-0.562814
3.076000e-06,-0.562814
3.078400e-06,-0.562814
3.080800e-06,-0.482412
3.083200e-06,-0.482412
3.085600e-06,-0.482412
3.088000e-06,-0.482412
3.090400e-06,-0.402010
3.092800e-06,-0.402010
3.095200e-06,-0.402010
3.097600e-06,-0.402010
3.100000e-06,-0.402010
3.102400e-06,-0.402010
3.104800e-06,-0.321608
3.107200e-06,-0.321608
3.109600e-06,-0.321608
3.112000e-06,-0.321608
3.114400e-06,-0.241206
3.116800e-06,-0.241206
3.119200e-06,-0.241206
3.121600e-06,-0.241206
3.124000e-06,-0.160804
3.126400e-06,-0.160804
3.128800e-06,-0.160804
3.131200e-06,-0.160804
3.133600e-06,-0.160804
3.136000e-06,-0.080402
3.138400e-06,-0.080402
3.140800e-06,-0.080402
3.143200e-06,-0.080402
3.145600e-06,-0.080402
3.148000e-06,0.000000
3.150400e-06,0.000000
3.152800e-06,0.000000
3.155200e-06,0.000000
3.157600e-06,0.000000
3.160000e-06,0.080402
3.162400e-06,0.080402
3.164800e-06,0.080402
3.167200e-06,0.080402
3.169600e-06,0.080402
3.172000e-06,0.080402
3.174400e-06,0.080402
3.176800e-06,0.160804
3.179200e-06,0.080402
3.181600e-06,0.160804
3.184000e-06,0.160804
3.186400e-06,0.160804
3.188800e-06,0.160804
3.191200e-06,0.160804
3.193600e-06,0.241206
3.196000e-06,0.241206
3.198400e-06,0.241206
3.200800e-06,0.241206
3.203200e-06,0.241206
3.205600e-06,0.321608
3.208000e-06,0.321608
3.210400e-06,0.321608
3.212800e-06,0.321608
3.215200e-06,0.321608
3.217600e-06,0.321608
3.220000e-06,0.321608
3.222400e-06,0.321608
3.224800e-06,0.402010
3.227200e-06,0.402010
3.229600e-06,0.402010
3.232000e-06,0.402010
3.234400e-06,0.402010
3.236800e-06,0.402010
3.239200e-06,0.402010
3.241600e-06,0.402010
3.244000e-06,0.402010
3.246400e-06,0.482412
3.248800e-06,0.482412
3.251200e-06,0.482412
3.253600e-06,0.482412
3.256000e-06,0.482412
3.258400e-06,0.482412
3.260800e-06,0.482412
3.263200e-06,0.482412
3.265600e-06,0.482412
3.268000e-06,0.482412
3.270400e-06,0.482412
3.272800e-06,0.482412
3.275200e-06,0.562814
3.277600e-06,0.562814
3.280000e-06,0.562814
3.282400e-06,0.562814
3.284800e-06,0.562814
3.287200e-06,0.562814
3.289600e-06,0.562814
3.292000e-06,0.562814
3.294400e-06,0.562814
3.296800e-06,0.562814
3.299200e-06,0.562814
3.301600e-06,0.562814
3.304000e-06,0.562814
3.306400e-06,0.562814
3.308800e-06,0.562814
3.311200e-06,0.562814
3.313600e-06,0.562814
3.316000e-06,0.643216
3.318400e-06,0.562814
3.320800e-06,0.643216
3.323200e-06,0.643216
3.325600e-06,0.643216
3.328000e-06,0.643216
3.330400e-06,0.643216
3.332800e-06,0.562814
3.335200e-06,0.562814
3.337600e-06,0.643216
3.340000e-06,0.643216
3.342400e-06,0.643216
3.344800e-06,0.643216
3.347200e-06,0.643216
3.349600e-06,0.643216
3.352000e-06,0.643216
3.354400e-06,0.643216
3.356800e-06,0.643216
3.359200e-06,0.643216
3.361600e-06,0.643216
3.364000e-06,0.643216
3.366400e-06,0.643216
3.368800e-06,0.643216
3.371200e-06,0.643216
3.373600e-06,0.643216
3.376000e-06,0.643216
3.378400e-06,0.643216
3.380800e-06,0.643216
3.383200e-06,0.643216
3.385600e-06,0.643216
3.388000e-06,0.643216
3.390400e-06,0.643216
3.392800e-06,0.643216
3.395200e-06,0.643216
3.397600e-06,0.643216
3.400000e-06,0.643216
3.402400e-06,0.643216
3.404800e-06,0.643216
3.407200e-06,0.643216
3.409600e-06,0.562814
3.412000e-06,0.562814
3.414400e-06,0.643216
3.416800e-06,0.562814
3.419200e-06,0.562814
3.421600e-06,0.562814
3.424000e-06,0.562814
3.426400e-06,0.562814
3.428800e-06,0.562814
3.431200e-06,0.562814
3.433600e-06,0.562814
3.436000e-06,0.562814
3.438400e-06,0.562814
3.440800e-06,0.562814
3.443200e-06,0.562814
3.445600e-06,0.562814
3.448000e-06,0.562814
3.450400e-06,0.562814
3.452800e-06,0.562814
3.455200e-06,0.562814
3.457600e-06,0.562814
3.460000e-06,0.482412
3.462400e-06,0.562814
3.464800e-06,0.482412
3.467200e-06,0.562814
3.469600e-06,0.562814
3.472000e-06,0.562814
3.474400e-06,0.562814
3.476800e-06,0.562814
3.479200e-06,0.482412
3.481600e-06,0.482412
3.484000e-06,0.482412
3.486400e-06,0.482412
3.488800e-06,0.482412
3.491200e-06,0.482412
3.493600e-06,0.482412
3.496000e-06,0.482412
3.498400e-06,0.482412
3.500800e-06,0.482412
3.503200e-06,0.482412
3.505600e-06,0.482412
3.508000e-06,0.482412
3.510400e-06,0.482412
3.512800e-06,0.482412
3.515200e-06,0.482412
3.517600e-06,0.482412
3.520000e-06,0.482412
3.522400e-06,0.402010
3.524800e-06,0.402010
3.527200e-06,0.402010
3.529600e-06,0.402010
3.532000e-06,0.402010
3.534400e-06,0.402010
3.536800e-06,0.402010
3.539200e-06,0.402010
3.541600e-06,0.402010
3.544000e-06,0.402010
3.546400e-06,0.402010
3.548800e-06,0.402010
3.551200e-06,0.402010
3.553600e-06,0.402010
3.556000e-06,0.402010
3.558400e-06,0.402010
3.560800e-06,0.402010
3.563200e-06,0.402010
3.565600e-06,0.402010
3.568000e-06,0.321608
3.570400e-06,0.321608
3.572800e-06,0.321608
3.575200e-06,0.321608
3.577600e-06,0.321608
3.580000e-06,0.321608
3.582400e-06,0.321608
3.584800e-06,0.321608
3.587200e-06,0.321608
3.589600e-06,0.321608
3.592000e-06,0.321608
3.594400e-06,0.321608
3.596800e-06,0.321608
3.599200e-06,0.321608
3.601600e-06,0.321608
3.604000e-06,0.321608
3.606400e-06,0.241206
3.608800e-06,0.241206
3.611200e-06,0.321608
3.613600e-06,0.241206
3.616000e-06,0.241206
3.618400e-06,0.241206
3.620800e-06,0.241206
3.623200e-06,0.321608
3.625600e-06,0.241206
3.628000e-06,0.241206
3.630400e-06,0.241206
3.632800e-06,0.241206
3.635200e-06,0.241206
3.637600e-06,0.241206
3.640000e-06,0.241206
3.642400e-06,0.241206
3.644800e-06,0.241206
3.647200e-06,0.241206
3.649600e-06,0.241206
3.652000e-06,0.241206
3.654400e-06,0.241206
3.656800e-06,0.241206
3.659200e-06,0.241206
3.661600e-06,0.241206
3.664000e-06,0.160804
3.666400e-06,0.160804
3.668800e-06,0.241206
3.671200e-06,0.160804
3.673600e-06,0.241206
3.676000e-06,0.241206
3.678400e-06,0.160804
3.680800e-06,0.160804
3.683200e-06,0.160804
3.685600e-06,0.160804
3.688000e-06,0.160804
3.690400e-06,0.160804
3.692800e-06,0.160804
3.695200e-06,0.160804
3.697600e-06,0.241206
3.700000e-06,0.160804
3.702400e-06,0.160804
3.704800e-06,0.160804
3.707200e-06,0.160804
3.709600e-06,0.160804
3.712000e-06,0.160804
3.714400e-06,0.160804
3.716800e-06,0.160804
3.719200e-06,0.160804
3.721600e-06,0.160804
3.724000e-06,0.160804
3.726400e-06,0.160804
3.728800e-06,0.160804
3.731200e-06,0.160804
3.733600e-06,0.160804
3.736000e-06,0.160804
3.738400e-06,0.160804
3.740800e-06,0.160804
3.743200e-06,0.160804
3.745600e-06,0.160804
3.748000e-06,0.160804
3.750400e-06,0.160804
3.752800e-06,0.160804
3.755200e-06,0.160804
3.757600e-06,0.160804
3.760000e-06,0.160804
3.762400e-06,0.160804
3.764800e-06,0.160804
3.767200e-06,0.160804
3.769600e-06,0.160804
3.772000e-06,0.160804
3.774400e-06,0.080402
3.776800e-06,0.160804
3.779200e-06,0.160804
3.781600e-06,0.160804
3.784000e-06,0.160804
3.786400e-06,0.160804
3.788800e-06,0.160804
3.791200e-06,0.160804
3.793600e-06,0.160804
3.796000e-06,0.160804
3.798400e-06,0.160804
3.800800e-06,0.160804
3.803200e-06,0.160804
3.805600e-06,0.160804
3.808000e-06,0.160804
3.810400e-06,0.160804
3.812800e-06,0.160804
3.815200e-06,0.160804
3.817600e-06,0.160804
3.820000e-06,0.160804
3.822400e-06,0.160804
3.824800e-06,0.160804
3.827200e-06,0.160804
3.829600e-06,0.160804
3.832000e-06,0.160804
3.834400e-06,0.160804
3.836800e-06,0.160804
3.839200e-06,0.241206
3.841600e-06,0.241206
3.844000e-06,0.160804
3.846400e-06,0.160804
3.848800e-06,0.160804
3.851200e-06,0.160804
3.853600e-06,0.160804
3.856000e-06,0.160804
3.858400e-06,0.160804
3.860800e-06,0.160804
3.863200e-06,0.160804
3.865600e-06,0.160804
3.868000e-06,0.160804
3.870400e-06,0.160804
3.872800e-06,0.160804
3.875200e-06,0.160804
3.877600e-06,0.160804
3.880000e-06,0.160804
3.882400e-06,0.241206
3.884800e-06,0.241206
3.887200e-06,0.160804
3.889600e-06,0.241206
3.892000e-06,0.241206
3.894400e-06,0.160804
3.896800e-06,0.241206
3.899200e-06,0.241206
3.901600e-06,0.241206
3.904000e-06,0.241206
3.906400e-06,0.160804
3.908800e-06,0.160804
3.911200e-06,0.241206
3.913600e-06,0.241206
3.916000e-06,0.241206
3.918400e-06,0.241206
3.920800e-06,0.241206
3.923200e-06,0.241206
3.925600e-06,0.241206
3.928000e-06,0.241206
3.930400e-06,0.241206
3.932800e-06,0.241206
3.935200e-06,0.241206
3.937600e-06,0.241206
3.940000e-06,0.241206
3.942400e-06,0.241206
3.944800e-06,0.241206
3.947200e-06,0.241206
3.949600e-06,0.241206
3.952000e-06,0.241206
3.954400e-06,0.241206
3.956800e-06,0.241206
3.959200e-06,0.241206
3.961600e-06,0.241206
3.964000e-06,0.241206
3.966400e-06,0.241206
3.968800e-06,0.241206
3.971200e-06,0.241206
3.973600e-06,0.241206
3.976000e-06,0.241206
3.978400e-06,0.241206
3.980800e-06,0.241206
3.983200e-06,0.241206
3.985600e-06,0.241206
3.988000e-06,0.241206
3.990400e-06,0.160804
3.992800e-06,0.160804
3.995200e-06,0.241206
3.997600e-06,0.241206
4.000000e-06,0.241206
4.002400e-06,0.241206
4.004800e-06,0.241206
4.007200e-06,0.241206
4.009600e-06,0.241206
4.012000e-06,0.241206
4.014400e-06,0.241206
4.016800e-06,0.241206
4.019200e-06,0.241206
4.021600e-06,0.241206
4.024000e-06,0.241206
4.026400e-06,0.241206
4.028800e-06,0.241206
4.031200e-06,0.160804
4.033600e-06,0.241206
4.036000e-06,0.241206
4.038400e-06,0.160804
4.040800e-06,0.241206
4.043200e-06,0.160804
4.045600e-06,0.160804
4.048000e-06,0.160804
4.050400e-06,0.241206
4.052800e-06,0.160804
4.055200e-06,0.160804
4.057600e-06,0.241206
4.060000e-06,0.160804
4.062400e-06,0.241206
4.064800e-06,0.160804
4.067200e-06,0.160804
4.069600e-06,0.160804
4.072000e-06,0.160804
4.074400e-06,0.160804
4.076800e-06,0.160804
4.079200e-06,0.160804
4.081600e-06,0.160804
4.084000e-06,0.160804
4.086400e-06,0.160804
4.088800e-06,0.160804
4.091200e-06,0.160804
4.093600e-06,0.160804
4.096000e-06,0.160804
4.098400e-06,0.160804
4.100800e-06,0.160804
4.103200e-06,0.080402
4.105600e-06,0.080402
4.108000e-06,0.080402
4.110400e-06,0.080402
4.112800e-06,0.080402
4.115200e-06,0.080402
4.117600e-06,0.080402
4.120000e-06,0.080402
4.122400e-06,0.080402
4.124800e-06,0.080402
4.127200e-06,0.080402
4.129600e-06,0.080402
4.132000e-06,0.080402
4.134400e-06,0.080402
4.136800e-06,0.080402
4.139200e-06,0.000000
4.141600e-06,0.080402
4.144000e-06,0.000000
4.146400e-06,0.000000
4.148800e-06,0.000000
4.151200e-06,0.000000
4.153600e-06,0.000000
4.156000e-06,0.000000
4.158400e-06,0.000000
4.160800e-06,0.000000
4.163200e-06,0.000000
4.165600e-06,0.000000
4.168000e-06,0.000000
4.170400e-06,0.000000
4.172800e-06,-0.080402
4.175200e-06,-0.080402
4.177600e-06,-0.080402
4.180000e-06,-0.080402
4.182400e-06,-0.080402
4.184800e-06,-0.080402
4.187200e-06,-0.080402
4.189600e-06,-0.080402
4.192000e-06,-0.080402
4.194400e-06,-0.160804
4.196800e-06,-0.080402
4.199200e-06,-0.080402
4.201600e-06,-0.080402
4.204000e-06,-0.160804
4.206400e-06,-0.160804
4.208800e-06,-0.160804
4.211200e-06,-0.160804
4.213600e-06,-0.160804
4.216000e-06,-0.160804
4.218400e-06,-0.160804
4.220800e-06,-0.241206
4.223200e-06,-0.160804
4.225600e-06,-0.241206
4.228000e-06,-0.241206
4.230400e-06,-0.241206
4.232800e-06,-0.241206
4.235200e-06,-0.241206
4.237600e-06,-0.241206
4.240000e-06,-0.241206
4.242400e-06,-0.241206
4.244800e-06,-0.241206
4.247200e-06,-0.241206
4.249600e-06,-0.241206
4.252000e-06,-0.321608
4.254400e-06,-0.321608
4.256800e-06,-0.321608
4.259200e-06,-0.321608
4.261600e-06,-0.321608
4.264000e-06,-0.321608
4.266400e-06,-0.321608
4.268800e-06,-0.321608
4.271200e-06,-0.321608
4.273600e-06,-0.321608
4.276000e-06,-0.321608
4.278400e-06,-0.321608
4.280800e-06,-0.321608
4.283200e-06,-0.321608
4.285600e-06,-0.321608
4.288000e-06,-0.402010
4.290400e-06,-0.402010
4.292800e-06,-0.402010
4.295200e-06,-0.402010
4.297600e-06,-0.482412
4.300000e-06,-0.402010
4.302400e-06,-0.402010
4.304800e-06,-0.402010
4.307200e-06,-0.482412
4.309600e-06,-0.482412
4.312000e-06,-0.482412
4.314400e-06,-0.482412
4.316800e-06,-0.482412
4.319200e-06,-0.482412
4.321600e-06,-0.482412
4.324000e-06,-0.482412
4.326400e-06,-0.482412
4.328800e-06,-0.562814
4.331200e-06,-0.482412
4.333600e-06,-0.482412
4.336000e-06,-0.482412
4.338400e-06,-0.482412
4.340800e-06,-0.562814
4.343200e-06,-0.562814
4.345600e-06,-0.562814
4.348000e-06,-0.562814
4.350400e-06,-0.562814
4.352800e-06,-0.562814
4.355200e-06,-0.562814
4.357600e-06,-0.643216
4.360000e-06,-0.562814
4.362400e-06,-0.562814
4.364800e-06,-0.562814
4.367200e-06,-0.562814
4.369600e-06,-0.643216
4.372000e-06,-0.643216
4.374400e-06,-0.643216
4.376800e-06,-0.643216
4.379200e-06,-0.643216
4.381600e-06,-0.643216
4.384000e-06,-0.643216
4.386400e-06,-0.643216
4.388800e-06,-0.643216
4.391200e-06,-0.643216
4.393600e-06,-0.643216
4.396000e-06,-0.643216
4.398400e-06,-0.643216
4.400800e-06,-0.723618
4.403200e-06,-0.643216
4.405600e-06,-0.723618
4.408000e-06,-0.723618
4.410400e-06,-0.723618
4.412800e-06,-0.723618
4.415200e-06,-0.723618
4.417600e-06,-0.723618
4.420000e-06,-0.723618
4.422400e-06,-0.723618
4.424800e-06,-0.723618
4.427200e-06,-0.723618
4.429600e-06,-0.723618
4.432000e-06,-0.723618
4.434400e-06,-0.723618
4.436800e-06,-0.723618
4.439200e-06,-0.723618
4.441600e-06,-0.723618
4.444000e-06,-0.723618
4.446400e-06,-0.723618
4.448800e-06,-0.723618
4.451200e-06,-0.723618
4.453600e-06,-0.723618
4.456000e-06,-0.723618
4.458400e-06,-0.723618
4.460800e-06,-0.723618
4.463200e-06,-0.723618
4.465600e-06,-0.723618
4.468000e-06,-0.723618
4.470400e-06,-0.723618
4.472800e-06,-0.723618
4.475200e-06,-0.723618
4.477600e-06,-0.723618
4.480000e-06,-0.723618
4.482400e-06,-0.723618
4.484800e-06,-0.804020
4.487200e-06,-0.723618
4.489600e-06,-0.723618
4.492000e-06,-0.723618
4.494400e-06,-0.723618
4.496800e-06,-0.723618
4.499200e-06,-0.723618
4.501600e-06,-0.723618
4.504000e-06,-0.723618
4.506400e-06,-0.723618
4.508800e-06,-0.723618
4.511200e-06,-0.723618
4.513600e-06,-0.723618
4.516000e-06,-0.723618
4.518400e-06,-0.723618
4.520800e-06,-0.723618
4.523200e-06,-0.723618
4.525600e-06,-0.723618
4.528000e-06,-0.723618
4.530400e-06,-0.723618
4.532800e-06,-0.723618
4.535200e-06,-0.723618
4.537600e-06,-0.723618
4.540000e-06,-0.723618
4.542400e-06,-0.643216
4.544800e-06,-0.643216
4.547200e-06,-0.643216
4.549600e-06,-0.643216
4.552000e-06,-0.643216
4.554400e-06,-0.643216
4.556800e-06,-0.643216
4.559200e-06,-0.643216
4.561600e-06,-0.643216
4.564000e-06,-0.643216
4.566400e-06,-0.643216
4.568800e-06,-0.643216
4.571200e-06,-0.643216
4.573600e-06,-0.643216
4.576000e-06,-0.562814
4.578400e-06,-0.562814
4.580800e-06,-0.562814
4.583200e-06,-0.562814
4.585600e-06,-0.562814
4.588000e-06,-0.562814
4.590400e-06,-0.562814
4.592800e-06,-0.562814
4.595200e-06,-0.562814
4.597600e-06,-0.562814
4.600000e-06,-0.562814
4.602400e-06,-0.562814
4.604800e-06,-0.562814
4.607200e-06,-0.562814
4.609600e-06,-0.562814
4.612000e-06,-0.562814
4.614400e-06,-0.482412
4.616800e-06,-0.482412
4.619200e-06,-0.482412
4.621600e-06,-0.482412
4.624000e-06,-0.482412
4.626400e-06,-0.482412
4.628800e-06,-0.482412
4.631200e-06,-0.482412
4.633600e-06,-0.482412
4.636000e-06,-0.482412
4.638400e-06,-0.402010
4.640800e-06,-0.402010
4.643200e-06,-0.402010
4.645600e-06,-0.402010
4.648000e-06,-0.402010
4.650400e-06,-0.402010
4.652800e-06,-0.402010
4.655200e-06,-0.402010
4.657600e-06,-0.321608
4.660000e-06,-0.321608
4.662400e-06,-0.321608
4.664800e-06,-0.321608
4.667200e-06,-0.321608
4.669600e-06,-0.321608
4.672000e-06,-0.321608
4.674400e-06,-0.321608
4.676800e-06,-0.321608
4.679200e-06,-0.321608
4.681600e-06,-0.241206
4.684000e-06,-0.321608
4.686400e-06,-0.241206
4.688800e-06,-0.241206
4.691200e-06,-0.241206
4.693600e-06,-0.241206
4.696000e-06,-0.241206
4.698400e-06,-0.241206
4.700800e-06,-0.241206
4.703200e-06,-0.160804
4.705600e-06,-0.160804
4.708000e-06,-0.160804
4.710400e-06,-0.160804
4.712800e-06,-0.160804
4.715200e-06,-0.160804
4.717600e-06,-0.160804
4.720000e-06,-0.160804
4.722400e-06,-0.160804
4.724800e-06,-0.080402
4.727200e-06,-0.080402
4.729600e-06,-0.160804
4.732000e-06,-0.160804
4.734400e-06,-0.160804
4.736800e-06,-0.080402
4.739200e-06,-0.080402
4.741600e-06,-0.080402
4.744000e-06,-0.080402
4.746400e-06,-0.080402
4.748800e-06,-0.080402
4.751200e-06,-0.080402
4.753600e-06,-0.080402
4.756000e-06,-0.080402
4.758400e-06,-0.080402
4.760800e-06,-0.080402
4.763200e-06,0.000000
4.765600e-06,0.000000
4.768000e-06,0.000000
4.770400e-06,0.000000
4.772800e-06,0.000000
4.775200e-06,0.000000
4.777600e-06,0.000000
4.780000e-06,0.000000
4.782400e-06,0.000000
4.784800e-06,0.080402
4.787200e-06,0.080402
4.789600e-06,0.000000
4.792000e-06,0.080402
4.794400e-06,0.000000
4.796800e-06,0.080402
4.799200e-06,0.080402
4.801600e-06,0.080402
4.804000e-06,0.080402
4.806400e-06,0.080402
4.808800e-06,0.080402
4.811200e-06,0.080402
4.813600e-06,0.080402
4.816000e-06,0.080402
4.818400e-06,0.080402
4.820800e-06,0.080402
4.823200e-06,0.080402
4.825600e-06,0.080402
4.828000e-06,0.080402
4.830400e-06,0.160804
4.832800e-06,0.080402
4.835200e-06,0.080402
4.837600e-06,0.160804
4.840000e-06,0.160804
4.842400e-06,0.160804
4.844800e-06,0.160804
4.847200e-06,0.160804
4.849600e-06,0.160804
4.852000e-06,0.160804
4.854400e-06,0.160804
4.856800e-06,0.160804
4.859200e-06,0.160804
4.861600e-06,0.160804
4.864000e-06,0.160804
4.866400e-06,0.160804
4.868800e-06,0.160804
4.871200e-06,0.160804
4.873600e-06,0.160804
4.876000e-06,0.160804
4.878400e-06,0.241206
4.880800e-06,0.241206
4.883200e-06,0.241206
4.885600e-06,0.241206
4.888000e-06,0.241206
4.890400e-06,0.241206
4.892800e-06,0.241206
4.895200e-06,0.241206
4.897600e-06,0.241206
4.900000e-06,0.160804
4.902400e-06,0.241206
4.904800e-06,0.241206
4.907200e-06,0.241206
4.909600e-06,0.241206
4.912000e-06,0.241206
4.914400e-06,0.241206
4.916800e-06,0.241206
4.919200e-06,0.241206
4.921600e-06,0.241206
4.924000e-06,0.241206
4.926400e-06,0.241206
4.928800e-06,0.241206
4.931200e-06,0.241206
4.933600e-06,0.241206
4.936000e-06,0.241206
4.938400e-06,0.241206
4.940800e-06,0.241206
4.943200e-06,0.241206
4.945600e-06,0.241206
4.948000e-06,0.241206
4.950400e-06,0.241206
4.952800e-06,0.241206
4.955200e-06,0.241206
4.957600e-06,0.241206
4.960000e-06,0.241206
4.962400e-06,0.241206
4.964800e-06,0.241206
4.967200e-06,0.241206
4.969600e-06,0.160804
4.972000e-06,0.160804
4.974400e-06,0.160804
4.976800e-06,0.160804
4.979200e-06,0.160804
4.981600e-06,0.160804
4.984000e-06,0.160804
4.986400e-06,0.160804
4.988800e-06,0.160804
4.991200e-06,0.160804
4.993600e-06,0.160804
4.996000e-06,0.160804
4.998400e-06,0.160804
5.000800e-06,0.160804
5.003200e-06,0.160804
5.005600e-06,0.160804
5.008000e-06,0.160804
5.010400e-06,0.160804
5.012800e-06,0.160804
5.015200e-06,0.160804
5.017600e-06,0.160804
5.020000e-06,0.160804
5.022400e-06,0.160804
5.024800e-06,0.160804
5.027200e-06,0.160804
5.029600e-06,0.160804
5.032000e-06,0.160804
5.034400e-06,0.160804
5.036800e-06,0.160804
5.039200e-06,0.160804
5.041600e-06,0.160804
5.044000e-06,0.160804
5.046400e-06,0.160804
5.048800e-06,0.160804
5.051200e-06,0.080402
5.053600e-06,0.160804
5.056000e-06,0.160804
5.058400e-06,0.160804
5.060800e-06,0.080402
5.063200e-06,0.080402
5.065600e-06,0.080402
5.068000e-06,0.080402
5.070400e-06,0.080402
5.072800e-06,0.080402
5.075200e-06,0.080402
5.077600e-06,0.080402
5.080000e-06,0.080402
5.082400e-06,0.080402
5.084800e-06,0.080402
5.087200e-06,0.000000
5.089600e-06,0.000000
5.092000e-06,0.080402
5.094400e-06,0.080402
5.096800e-06,0.080402
5.099200e-06,0.080402
5.101600e-06,0.080402
5.104000e-06,0.000000
5.106400e-06,0.080402
5.108800e-06,0.000000
5.111200e-06,0.000000
5.113600e-06,0.000000
5.116000e-06,0.000000
5.118400e-06,0.000000
5.120800e-06,0.000000
5.123200e-06,0.000000
5.125600e-06,0.000000
5.128000e-06,0.000000
5.130400e-06,0.000000
5.132800e-06,0.000000
5.135200e-06,0.000000
5.137600e-06,0.000000
5.140000e-06,0.000000
5.142400e-06,-0.080402
5.144800e-06,0.000000
5.147200e-06,-0.080402
5.149600e-06,-0.080402
5.152000e-06,-0.080402
5.154400e-06,-0.080402
5.156800e-06,-0.080402
5.159200e-06,-0.080402
5.161600e-06,-0.080402
5.164000e-06,-0.080402
5.166400e-06,-0.080402
5.168800e-06,-0.080402
5.171200e-06,-0.080402
5.173600e-06,-0.080402
5.176000e-06,-0.160804
5.178400e-06,-0.160804
5.180800e-06,-0.160804
5.183200e-06,-0.160804
5.185600e-06,-0.160804
5.188000e-06,-0.080402
5.190400e-06,-0.160804
5.192800e-06,-0.160804
5.195200e-06,-0.160804
5.197600e-06,-0.160804
5.200000e-06,-0.160804
5.202400e-06,-0.160804
5.204800e-06,-0.160804
5.207200e-06,-0.160804
5.209600e-06,-0.160804
5.212000e-06,-0.160804
5.214400e-06,-0.160804
5.216800e-06,-0.160804
5.219200e-06,-0.160804
5.221600e-06,-0.160804
5.224000e-06,-0.160804
5.226400e-06,-0.160804
5.228800e-06,-0.241206
5.231200e-06,-0.160804
5.233600e-06,-0.241206
5.236000e-06,-0.241206
5.238400e-06,-0.241206
5.240800e-06,-0.241206
5.243200e-06,-0.160804
5.245600e-06,-0.160804
5.248000e-06,-0.241206
5.250400e-06,-0.241206
5.252800e-06,-0.241206
5.255200e-06,-0.241206
5.257600e-06,-0.241206
5.260000e-06,-0.241206
5.262400e-06,-0.241206
5.264800e-06,-0.241206
5.267200e-06,-0.241206
5.269600e-06,-0.241206
5.272000e-06,-0.241206
5.274400e-06,-0.241206
5.276800e-06,-0.241206
5.279200e-06,-0.241206
5.281600e-06,-0.241206
5.284000e-06,-0.241206
5.286400e-06,-0.241206
5.288800e-06,-0.241206
5.291200e-06,-0.241206
5.293600e-06,-0.241206
5.296000e-06,-0.241206
5.298400e-06,-0.241206
5.300800e-06,-0.241206
5.303200e-06,-0.241206
5.305600e-06,-0.241206
5.308000e-06,-0.321608
5.310400e-06,-0.241206
5.312800e-06,-0.241206
5.315200e-06,-0.321608
5.317600e-06,-0.241206
5.320000e-06,-0.241206
5.322400e-06,-0.241206
5.324800e-06,-0.321608
5.327200e-06,-0.321608
5.329600e-06,-0.321608
5.332000e-06,-0.321608
5.334400e-06,-0.321608
5.336800e-06,-0.321608
5.339200e-06,-0.321608
5.341600e-06,-0.241206
5.344000e-06,-0.321608
5.346400e-06,-0.241206
5.348800e-06,-0.321608
5.351200e-06,-0.241206
5.353600e-06,-0.321608
5.356000e-06,-0.321608
5.358400e-06,-0.321608
5.360800e-06,-0.321608
5.363200e-06,-0.321608
5.365600e-06,-0.321608
5.368000e-06,-0.321608
5.370400e-06,-0.241206
5.372800e-06,-0.241206
5.375200e-06,-0.241206
5.377600e-06,-0.241206
5.380000e-06,-0.241206
5.382400e-06,-0.241206
5.384800e-06,-0.241206
5.387200e-06,-0.241206
5.389600e-06,-0.241206
5.392000e-06,-0.241206
5.394400e-06,-0.241206
5.396800e-06,-0.241206
5.399200e-06,-0.241206
5.401600e-06,-0.241206
5.404000e-06,-0.241206
5.406400e-06,-0.241206
5.408800e-06,-0.321608
5.411200e-06,-0.321608
5.413600e-06,-0.241206
5.416000e-06,-0.241206
5.418400e-06,-0.241206
5.420800e-06,-0.241206
5.423200e-06,-0.241206
5.425600e-06,-0.241206
5.428000e-06,-0.241206
5.430400e-06,-0.241206
5.432800e-06,-0.241206
5.435200e-06,-0.241206
5.437600e-06,-0.241206
5.440000e-06,-0.241206
5.442400e-06,-0.241206
5.444800e-06,-0.241206
5.447200e-06,-0.241206
5.449600e-06,-0.241206
5.452000e-06,-0.241206
5.454400e-06,-0.241206
5.456800e-06,-0.241206
5.459200e-06,-0.241206
5.461600e-06,-0.241206
5.464000e-06,-0.241206
5.466400e-06,-0.241206
5.468800e-06,-0.241206
5.471200e-06,-0.241206
5.473600e-06,-0.160804
5.476000e-06,-0.160804
5.478400e-06,-0.160804
5.480800e-06,-0.160804
5.483200e-06,-0.160804
5.485600e-06,-0.160804
5.488000e-06,-0.160804
5.490400e-06,-0.160804
5.492800e-06,-0.160804
5.495200e-06,-0.160804
5.497600e-06,-0.160804
5.500000e-06,-0.160804
5.502400e-06,-0.160804
5.504800e-06,-0.160804
5.507200e-06,-0.160804
5.509600e-06,-0.160804
5.512000e-06,-0.160804
5.514400e-06,-0.160804
5.516800e-06,-0.160804
5.519200e-06,-0.160804
5.521600e-06,-0.080402
5.524000e-06,-0.080402
5.526400e-06,-0.080402
5.528800e-06,-0.160804
5.531200e-06,-0.080402
5.533600e-06,-0.080402
5.536000e-06,-0.080402
5.538400e-06,-0.080402
5.540800e-06,-0.080402
5.543200e-06,-0.080402
5.545600e-06,-0.080402
5.548000e-06,-0.080402
5.550400e-06,-0.080402
5.552800e-06,-0.080402
5.555200e-06,-0.080402
5.557600e-06,-0.080402
5.560000e-06,-0.080402
5.562400e-06,0.000000
5.564800e-06,-0.080402
5.567200e-06,0.000000
5.569600e-06,-0.080402
5.572000e-06,0.000000
5.574400e-06,0.000000
5.576800e-06,0.000000
5.579200e-06,0.000000
5.581600e-06,0.000000
5.584000e-06,0.000000
5.586400e-06,0.000000
5.588800e-06,0.000000
5.591200e-06,0.000000
5.593600e-06,0.000000
5.596000e-06,0.000000
5.598400e-06,0.000000
5.600800e-06,0.080402
5.603200e-06,0.080402
5.605600e-06,0.080402
5.608000e-06,0.080402
5.610400e-06,0.080402
5.612800e-06,0.080402
5.615200e-06,0.080402
5.617600e-06,0.080402
5.620000e-06,0.080402
5.622400e-06,0.080402
5.624800e-06,0.080402
5.627200e-06,0.080402
5.629600e-06,0.080402
5.632000e-06,0.080402
5.634400e-06,0.080402
5.636800e-06,0.080402
5.639200e-06,0.160804
5.641600e-06,0.080402
5.644000e-06,0.080402
5.646400e-06,0.160804
5.648800e-06,0.160804
5.651200e-06,0.160804
5.653600e-06,0.160804
5.656000e-06,0.160804
5.658400e-06,0.160804
5.660800e-06,0.160804
5.663200e-06,0.160804
5.665600e-06,0.160804
5.668000e-06,0.160804
5.670400e-06,0.160804
5.672800e-06,0.160804
5.675200e-06,0.160804
5.677600e-06,0.160804
5.680000e-06,0.160804
5.682400e-06,0.160804
5.684800e-06,0.160804
5.687200e-06,0.160804
5.689600e-06,0.241206
5.692000e-06,0.241206
5.694400e-06,0.241206
5.696800e-06,0.241206
5.699200e-06,0.160804
5.701600e-06,0.160804
5.704000e-06,0.241206
5.706400e-06,0.241206
5.708800e-06,0.241206
5.711200e-06,0.241206
5.713600e-06,0.241206
5.716000e-06,0.241206
5.718400e-06,0.241206
5.720800e-06,0.241206
5.723200e-06,0.241206
5.725600e-06,0.241206
5.728000e-06,0.241206
5.730400e-06,0.241206
5.732800e-06,0.241206
5.735200e-06,0.241206
5.737600e-06,0.241206
5.740000e-06,0.241206
5.742400e-06,0.241206
5.744800e-06,0.321608
5.747200e-06,0.241206
5.749600e-06,0.241206
5.752000e-06,0.241206
5.754400e-06,0.241206
5.756800e-06,0.241206
5.759200e-06,0.321608
5.761600e-06,0.321608
5.764000e-06,0.321608
5.766400e-06,0.321608
5.768800e-06,0.241206
5.771200e-06,0.241206
5.773600e-06,0.321608
5.776000e-06,0.321608
5.778400e-06,0.321608
5.780800e-06,0.321608
5.783200e-06,0.321608
5.785600e-06,0.321608
5.788000e-06,0.321608
5.790400e-06,0.321608
5.792800e-06,0.321608
5.795200e-06,0.321608
5.797600e-06,0.321608
5.800000e-06,0.321608
5.802400e-06,0.321608
5.804800e-06,0.321608
5.807200e-06,0.321608
5.809600e-06,0.321608
5.812000e-06,0.321608
5.814400e-06,0.321608
5.816800e-06,0.321608
5.819200e-06,0.321608
5.821600e-06,0.321608
5.824000e-06,0.321608
5.826400e-06,0.321608
5.828800e-06,0.321608
5.831200e-06,0.321608
5.833600e-06,0.321608
5.836000e-06,0.321608
5.838400e-06,0.321608
5.840800e-06,0.321608
5.843200e-06,0.321608
5.845600e-06,0.321608
5.848000e-06,0.321608
5.850400e-06,0.321608
5.852800e-06,0.321608
5.855200e-06,0.321608
5.857600e-06,0.241206
5.860000e-06,0.241206
5.862400e-06,0.241206
5.864800e-06,0.241206
5.867200e-06,0.241206
5.869600e-06,0.241206
5.872000e-06,0.321608
5.874400e-06,0.241206
5.876800e-06,0.241206
5.879200e-06,0.241206
5.881600e-06,0.241206
5.884000e-06,0.241206
5.886400e-06,0.241206
5.888800e-06,0.241206
5.891200e-06,0.241206
5.893600e-06,0.241206
5.896000e-06,0.241206
5.898400e-06,0.241206
5.900800e-06,0.241206
5.903200e-06,0.241206
5.905600e-06,0.241206
5.908000e-06,0.241206
5.910400e-06,0.241206
5.912800e-06,0.241206
5.915200e-06,0.241206
5.917600e-06,0.241206
5.920000e-06,0.241206
5.922400e-06,0.241206
5.924800e-06,0.241206
5.927200e-06,0.241206
5.929600e-06,0.241206
5.932000e-06,0.241206
5.934400e-06,0.160804
5.936800e-06,0.160804
5.939200e-06,0.160804
5.941600e-06,0.160804
5.944000e-06,0.160804
5.946400e-06,0.160804
5.948800e-06,0.160804
5.951200e-06,0.160804
5.953600e-06,0.160804
5.956000e-06,0.160804
5.958400e-06,0.160804
5.960800e-06,0.160804
5.963200e-06,0.160804
5.965600e-06,0.160804
5.968000e-06,0.160804
5.970400e-06,0.160804
5.972800e-06,0.160804
5.975200e-06,0.160804
5.977600e-06,0.160804
5.980000e-06,0.080402
5.982400e-06,0.080402
5.984800e-06,0.080402
5.987200e-06,0.080402
5.989600e-06,0.080402
5.992000e-06,0.080402
5.994400e-06,0.080402
5.996800e-06,0.080402
5.999200e-06,0.080402
6.001600e-06,0.080402
6.004000e-06,0.080402
6.006400e-06,0.080402
6.008800e-06,0.080402
6.011200e-06,0.080402
6.013600e-06,0.080402
6.016000e-06,0.080402
6.018400e-06,0.080402
6.020800e-06,0.080402
6.023200e-06,0.080402
6.025600e-06,0.080402
6.028000e-06,0.000000
6.030400e-06,0.000000
6.032800e-06,0.000000
6.035200e-06,0.000000
6.037600e-06,0.000000
6.040000e-06,0.000000
6.042400e-06,0.000000
6.044800e-06,0.000000
6.047200e-06,0.000000
6.049600e-06,0.000000
6.052000e-06,-0.080402
6.054400e-06,-0.080402
6.056800e-06,0.000000
6.059200e-06,-0.080402
6.061600e-06,-0.080402
6.064000e-06,-0.080402
6.066400e-06,-0.080402
6.068800e-06,-0.080402
6.071200e-06,-0.080402
6.073600e-06,-0.080402
6.076000e-06,-0.160804
6.078400e-06,-0.080402
6.080800e-06,-0.080402
6.083200e-06,-0.160804
6.085600e-06,-0.160804
6.088000e-06,-0.160804
6.090400e-06,-0.160804
6.092800e-06,-0.160804
6.095200e-06,-0.160804
6.097600e-06,-0.160804
6.100000e-06,-0.160804
6.102400e-06,-0.160804
6.104800e-06,-0.160804
6.107200e-06,-0.160804
6.109600e-06,-0.241206
6.112000e-06,-0.241206
6.114400e-06,-0.160804
6.116800e-06,-0.241206
6.119200e-06,-0.241206
6.121600e-06,-0.241206
6.124000e-06,-0.241206
6.126400e-06,-0.241206
6.128800e-06,-0.241206
6.131200e-06,-0.241206
6.133600e-06,-0.241206
6.136000e-06,-0.321608
6.138400e-06,-0.321608
6.140800e-06,-0.321608
6.143200e-06,-0.321608
6.145600e-06,-0.321608
6.148000e-06,-0.321608
6.150400e-06,-0.321608
6.152800e-06,-0.321608
6.155200e-06,-0.321608
6.157600e-06,-0.321608
6.160000e-06,-0.321608
6.162400e-06,-0.321608
6.164800e-06,-0.321608
6.167200e-06,-0.321608
6.169600e-06,-0.321608
6.172000e-06,-0.402010
6.174400e-06,-0.321608
6.176800e-06,-0.402010
6.179200e-06,-0.321608
6.181600e-06,-0.402010
6.184000e-06,-0.402010
6.186400e-06,-0.402010
6.188800e-06,-0.402010
6.191200e-06,-0.402010
6.193600e-06,-0.402010
6.196000e-06,-0.402010
6.198400e-06,-0.402010
6.200800e-06,-0.482412
6.203200e-06,-0.402010
6.205600e-06,-0.402010
6.208000e-06,-0.402010
6.210400e-06,-0.482412
6.212800e-06,-0.482412
6.215200e-06,-0.482412
6.217600e-06,-0.482412
6.220000e-06,-0.482412
6.222400e-06,-0.482412
6.224800e-06,-0.482412
6.227200e-06,-0.482412
6.229600e-06,-0.482412
6.232000e-06,-0.482412
6.234400e-06,-0.482412
6.236800e-06,-0.482412
6.239200e-06,-0.482412
6.241600e-06,-0.482412
6.244000e-06,-0.562814
6.246400e-06,-0.482412
6.248800e-06,-0.482412
6.251200e-06,-0.482412
6.253600e-06,-0.562814
6.256000e-06,-0.482412
6.258400e-06,-0.562814
6.260800e-06,-0.562814
6.263200e-06,-0.562814
6.265600e-06,-0.562814
6.268000e-06,-0.562814
6.270400e-06,-0.562814
6.272800e-06,-0.562814
6.275200e-06,-0.562814
6.277600e-06,-0.562814
6.280000e-06,-0.562814
6.282400e-06,-0.562814
6.284800e-06,-0.562814
6.287200e-06,-0.562814
6.289600e-06,-0.562814
6.292000e-06,-0.562814
6.294400e-06,-0.562814
6.296800e-06,-0.562814
6.299200e-06,-0.562814
6.301600e-06,-0.562814
6.304000e-06,-0.643216
6.306400e-06,-0.643216
6.308800e-06,-0.643216
6.311200e-06,-0.643216
6.313600e-06,-0.643216
6.316000e-06,-0.643216
6.318400e-06,-0.643216
6.320800e-06,-0.643216
6.323200e-06,-0.643216
6.325600e-06,-0.643216
6.328000e-06,-0.643216
6.330400e-06,-0.643216
6.332800e-06,-0.643216
6.335200e-06,-0.643216
6.337600e-06,-0.643216
6.340000e-06,-0.643216
6.342400e-06,-0.643216
6.344800e-06,-0.643216
6.347200e-06,-0.643216
6.349600e-06,-0.643216
6.352000e-06,-0.643216
6.354400e-06,-0.643216
6.356800e-06,-0.643216
6.359200e-06,-0.643216
6.361600e-06,-0.643216
6.364000e-06,-0.643216
6.366400e-06,-0.643216
6.368800e-06,-0.643216
6.371200e-06,-0.643216
6.373600e-06,-0.643216
6.376000e-06,-0.643216
6.378400e-06,-0.643216
6.380800e-06,-0.643216
6.383200e-06,-0.643216
6.385600e-06,-0.643216
6.388000e-06,-0.643216
6.390400e-06,-0.643216
6.392800e-06,-0.643216
6.395200e-06,-0.643216
6.397600e-06,-0.643216
6.400000e-06,-0.643216
6.402400e-06,-0.643216
6.404800e-06,-0.643216
6.407200e-06,-0.643216
6.409600e-06,-0.643216
6.412000e-06,-0.643216
6.414400e-06,-0.643216
6.416800e-06,-0.643216
6.419200e-06,-0.643216
6.421600e-06,-0.643216
6.424000e-06,-0.643216
6.426400e-06,-0.643216
6.428800e-06,-0.643216
6.431200e-06,-0.562814
6.433600e-06,-0.643216
6.436000e-06,-0.643216
6.438400e-06,-0.562814
6.440800e-06,-0.562814
6.443200e-06,-0.562814
6.445600e-06,-0.562814
6.448000e-06,-0.562814
6.450400e-06,-0.562814
6.452800e-06,-0.562814
6.455200e-06,-0.562814
6.457600e-06,-0.562814
6.460000e-06,-0.562814
6.462400e-06,-0.562814
6.464800e-06,-0.562814
6.467200e-06,-0.562814
6.469600e-06,-0.562814
6.472000e-06,-0.562814
6.474400e-06,-0.482412
6.476800e-06,-0.562814
6.479200e-06,-0.562814
6.481600e-06,-0.562814
6.484000e-06,-0.562814
6.486400e-06,-0.562814
6.488800e-06,-0.482412
6.491200e-06,-0.482412
6.493600e-06,-0.482412
6.496000e-06,-0.482412
6.498400e-06,-0.482412
6.500800e-06,-0.482412
6.503200e-06,-0.482412
6.505600e-06,-0.482412
6.508000e-06,-0.482412
6.510400e-06,-0.482412
6.512800e-06,-0.402010
6.515200e-06,-0.482412
6.517600e-06,-0.482412
6.520000e-06,-0.402010
6.522400e-06,-0.402010
6.524800e-06,-0.402010
6.527200e-06,-0.402010
6.529600e-06,-0.402010
6.532000e-06,-0.402010
6.534400e-06,-0.402010
6.536800e-06,-0.402010
6.539200e-06,-0.402010
6.541600e-06,-0.402010
6.544000e-06,-0.402010
6.546400e-06,-0.402010
6.548800e-06,-0.402010
6.551200e-06,-0.402010
6.553600e-06,-0.402010
6.556000e-06,-0.402010
6.558400e-06,-0.321608
6.560800e-06,-0.321608
6.563200e-06,-0.402010
6.565600e-06,-0.321608
6.568000e-06,-0.321608
6.570400e-06,-0.321608
6.572800e-06,-0.321608
6.575200e-06,-0.321608
6.577600e-06,-0.321608
6.580000e-06,-0.241206
6.582400e-06,-0.321608
6.584800e-06,-0.321608
6.587200e-06,-0.241206
6.589600e-06,-0.241206
6.592000e-06,-0.241206
6.594400e-06,-0.241206
6.596800e-06,-0.241206
6.599200e-06,-0.241206
6.601600e-06,-0.241206
6.604000e-06,-0.241206
6.606400e-06,-0.160804
6.608800e-06,-0.241206
6.611200e-06,-0.160804
6.613600e-06,-0.241206
6.616000e-06,-0.160804
6.618400e-06,-0.160804
6.620800e-06,-0.160804
6.623200e-06,-0.160804
6.625600e-06,-0.160804
6.628000e-06,-0.080402
6.630400e-06,-0.160804
6.632800e-06,-0.160804
6.635200e-06,-0.160804
6.637600e-06,-0.160804
6.640000e-06,-0.160804
6.642400e-06,-0.080402
6.644800e-06,-0.080402
6.647200e-06,-0.080402
6.649600e-06,-0.080402
6.652000e-06,-0.080402
6.654400e-06,-0.080402
6.656800e-06,-0.080402
6.659200e-06,0.000000
6.661600e-06,-0.080402
6.664000e-06,0.000000
6.666400e-06,0.000000
6.668800e-06,0.000000
6.671200e-06,0.000000
6.673600e-06,0.000000
6.676000e-06,0.000000
6.678400e-06,0.000000
6.680800e-06,0.000000
6.683200e-06,0.000000
6.685600e-06,0.000000
6.688000e-06,0.000000
6.690400e-06,0.000000
6.692800e-06,0.000000
6.695200e-06,0.080402
6.697600e-06,0.080402
6.700000e-06,0.080402
6.702400e-06,0.080402
6.704800e-06,0.080402
6.707200e-06,0.080402
6.709600e-06,0.080402
6.712000e-06,0.080402
6.714400e-06,0.080402
6.716800e-06,0.080402
6.719200e-06,0.080402
6.721600e-06,0.080402
6.724000e-06,0.080402
6.726400e-06,0.080402
6.728800e-06,0.080402
6.731200e-06,0.080402
6.733600e-06,0.080402
6.736000e-06,0.080402
6.738400e-06,0.160804
6.740800e-06,0.160804
6.743200e-06,0.160804
6.745600e-06,0.160804
6.748000e-06,0.160804
6.750400e-06,0.160804
6.752800e-06,0.160804
6.755200e-06,0.160804
6.757600e-06,0.160804
6.760000e-06,0.160804
6.762400e-06,0.160804
6.764800e-06,0.160804
6.767200e-06,0.160804
6.769600e-06,0.160804
6.772000e-06,0.160804
6.774400e-06,0.160804
6.776800e-06,0.160804
6.779200e-06,0.160804
6.781600e-06,0.241206
6.784000e-06,0.241206
6.786400e-06,0.241206
6.788800e-06,0.241206
6.791200e-06,0.241206
6.793600e-06,0.241206
6.796000e-06,0.160804
6.798400e-06,0.241206
6.800800e-06,0.241206
6.803200e-06,0.241206
6.805600e-06,0.241206
6.808000e-06,0.241206
6.810400e-06,0.241206
6.812800e-06,0.241206
6.815200e-06,0.241206
6.817600e-06,0.241206
6.820000e-06,0.241206
6.822400e-06,0.241206
6.824800e-06,0.241206
6.827200e-06,0.241206
6.829600e-06,0.241206
6.832000e-06,0.241206
6.834400e-06,0.241206
6.836800e-06,0.241206
6.839200e-06,0.241206
6.841600e-06,0.241206
6.844000e-06,0.241206
6.846400e-06,0.241206
6.848800e-06,0.241206
6.851200e-06,0.241206
6.853600e-06,0.241206
6.856000e-06,0.321608
6.858400e-06,0.321608
6.860800e-06,0.241206
6.863200e-06,0.241206
6.865600e-06,0.241206
6.868000e-06,0.321608
6.870400e-06,0.241206
6.872800e-06,0.241206
6.875200e-06,0.321608
6.877600e-06,0.241206
6.880000e-06,0.321608
6.882400e-06,0.241206
6.884800e-06,0.241206
6.887200e-06,0.241206
6.889600e-06,0.241206
6.892000e-06,0.241206
6.894400e-06,0.241206
6.896800e-06,0.241206
6.899200e-06,0.321608
6.901600e-06,0.321608
6.904000e-06,0.241206
6.906400e-06,0.241206
6.908800e-06,0.241206
6.911200e-06,0.241206
6.913600e-06,0.241206
6.916000e-06,0.241206
6.918400e-06,0.321608
6.920800e-06,0.241206
6.923200e-06,0.241206
6.925600e-06,0.241206
6.928000e-06,0.241206
6.930400e-06,0.241206
6.932800e-06,0.241206
6.935200e-06,0.241206
6.937600e-06,0.241206
6.940000e-06,0.241206
6.942400e-06,0.241206
6.944800e-06,0.241206
6.947200e-06,0.241206
6.949600e-06,0.241206
6.952000e-06,0.241206
6.954400e-06,0.241206
6.956800e-06,0.241206
6.959200e-06,0.241206
6.961600e-06,0.241206
6.964000e-06,0.241206
6.966400e-06,0.160804
6.968800e-06,0.160804
6.971200e-06,0.160804
6.973600e-06,0.241206
6.976000e-06,0.241206
6.978400e-06,0.241206
6.980800e-06,0.160804
6.983200e-06,0.160804
6.985600e-06,0.160804
6.988000e-06,0.160804
6.990400e-06,0.160804
6.992800e-06,0.160804
6.995200e-06,0.160804
6.997600e-06,0.160804
7.000000e-06,0.160804
7.002400e-06,0.160804
7.004800e-06,0.160804
7.007200e-06,0.160804
7.009600e-06,0.160804
7.012000e-06,0.160804
7.014400e-06,0.160804
7.016800e-06,0.160804
7.019200e-06,0.160804
7.021600e-06,0.160804
7.024000e-06,0.160804
7.026400e-06,0.160804
7.028800e-06,0.160804
7.031200e-06,0.080402
7.033600e-06,0.160804
7.036000e-06,0.160804
7.038400e-06,0.080402
7.040800e-06,0.080402
7.043200e-06,0.080402
7.045600e-06,0.080402
7.048000e-06,0.080402
7.050400e-06,0.080402
7.052800e-06,0.080402
7.055200e-06,0.080402
7.057600e-06,0.080402
7.060000e-06,0.080402
7.062400e-06,0.080402
7.064800e-06,0.080402
7.067200e-06,0.080402
7.069600e-06,0.080402
7.072000e-06,0.080402
7.074400e-06,0.080402
7.076800e-06,0.080402
7.079200e-06,0.080402
7.081600e-06,0.080402
7.084000e-06,0.080402
7.086400e-06,0.080402
7.088800e-06,0.080402
7.091200e-06,0.080402
7.093600e-06,0.080402
7.096000e-06,0.080402
7.098400e-06,0.080402
7.100800e-06,0.080402
7.103200e-06,0.080402
7.105600e-06,0.080402
7.108000e-06,0.080402
7.110400e-06,0.080402
7.112800e-06,0.080402
7.115200e-06,0.080402
7.117600e-06,0.080402
7.120000e-06,0.080402
7.122400e-06,0.000000
7.124800e-06,0.080402
7.127200e-06,0.000000
7.129600e-06,0.000000
7.132000e-06,0.000000
7.134400e-06,0.000000
7.136800e-06,0.000000
7.139200e-06,0.080402
7.141600e-06,0.000000
7.144000e-06,0.000000
7.146400e-06,0.000000
7.148800e-06,0.000000
7.151200e-06,0.000000
7.153600e-06,0.000000
7.156000e-06,0.000000
7.158400e-06,0.000000
7.160800e-06,0.000000
7.163200e-06,0.000000
7.165600e-06,0.000000
7.168000e-06,0.000000
7.170400e-06,0.000000
7.172800e-06,0.000000
7.175200e-06,0.000000
7.177600e-06,0.000000
7.180000e-06,0.000000
7.182400e-06,0.000000
7.184800e-06,0.000000
7.187200e-06,0.000000
7.189600e-06,0.000000
7.192000e-06,0.000000
7.194400e-06,0.000000
7.196800e-06,0.000000
7.199200e-06,0.000000
7.201600e-06,0.000000
7.204000e-06,0.000000
7.206400e-06,0.000000
7.208800e-06,0.000000
7.211200e-06,0.000000
7.213600e-06,0.000000
7.216000e-06,0.000000
7.218400e-06,0.000000
7.220800e-06,0.000000
7.223200e-06,0.000000
7.225600e-06,0.000000
7.228000e-06,0.000000
7.230400e-06,0.000000
7.232800e-06,-0.080402
7.235200e-06,0.000000
7.237600e-06,-0.080402
7.240000e-06,0.000000
7.242400e-06,-0.080402
7.244800e-06,-0.080402
7.247200e-06,-0.080402
7.249600e-06,-0.080402
7.252000e-06,0.000000
7.254400e-06,0.000000
7.256800e-06,0.000000
7.259200e-06,0.000000
7.261600e-06,0.000000
7.264000e-06,0.000000
7.266400e-06,0.000000
7.268800e-06,0.000000
7.271200e-06,0.000000
7.273600e-06,0.000000
7.276000e-06,0.000000
7.278400e-06,0.000000
7.280800e-06,-0.080402
7.283200e-06,0.000000
7.285600e-06,0.000000
7.288000e-06,0.000000
7.290400e-06,0.000000
7.292800e-06,0.000000
7.295200e-06,0.000000
7.297600e-06,0.000000
7.300000e-06,0.000000
7.302400e-06,0.000000
7.304800e-06,0.000000
7.307200e-06,0.000000
7.309600e-06,0.000000
7.312000e-06,0.000000
7.314400e-06,0.000000
7.316800e-06,0.000000
7.319200e-06,0.000000
7.321600e-06,0.000000
7.324000e-06,0.000000
7.326400e-06,0.000000
7.328800e-06,0.000000
7.331200e-06,0.000000
7.333600e-06,0.000000
7.336000e-06,0.000000
7.338400e-06,0.000000
7.340800e-06,0.000000
7.343200e-06,0.000000
7.345600e-06,0.000000
7.348000e-06,0.000000
7.350400e-06,0.000000
7.352800e-06,0.000000
7.355200e-06,0.000000
7.357600e-06,0.000000
7.360000e-06,0.000000
7.362400e-06,0.000000
7.364800e-06,0.000000
7.367200e-06,0.000000
7.369600e-06,-0.080402
7.372000e-06,0.000000
7.374400e-06,0.000000
7.376800e-06,0.000000
7.379200e-06,0.000000
7.381600e-06,0.000000
7.384000e-06,-0.080402
7.386400e-06,0.000000
7.388800e-06,0.000000
7.391200e-06,0.000000
7.393600e-06,0.000000
7.396000e-06,0.000000
7.398400e-06,0.000000
7.400800e-06,0.000000
7.403200e-06,0.000000
7.405600e-06,0.000000
7.408000e-06,0.000000
7.410400e-06,0.000000
7.412800e-06,0.000000
7.415200e-06,0.000000
7.417600e-06,0.000000
7.420000e-06,0.000000
7.422400e-06,0.000000
7.424800e-06,0.000000
7.427200e-06,0.000000
7.429600e-06,0.000000
7.432000e-06,0.000000
7.434400e-06,0.000000
7.436800e-06,0.000000
7.439200e-06,0.000000
7.441600e-06,0.000000
7.444000e-06,0.000000
7.446400e-06,0.000000
7.448800e-06,0.000000
7.451200e-06,0.000000
7.453600e-06,0.000000
7.456000e-06,0.000000
7.458400e-06,0.000000
7.460800e-06,0.000000
7.463200e-06,0.000000
7.465600e-06,0.000000
7.468000e-06,0.000000
7.470400e-06,0.000000
7.472800e-06,0.000000
7.475200e-06,0.000000
7.477600e-06,0.000000
7.480000e-06,-0.080402
7.482400e-06,0.000000
7.484800e-06,0.000000
7.487200e-06,0.000000
7.489600e-06,0.000000
7.492000e-06,0.000000
7.494400e-06,0.000000
7.496800e-06,0.000000
7.499200e-06,-0.080402
7.501600e-06,0.000000
7.504000e-06,0.000000
7.506400e-06,0.000000
7.508800e-06,-0.080402
7.511200e-06,-0.080402
7.513600e-06,-0.080402
7.516000e-06,0.000000
7.518400e-06,-0.080402
7.520800e-06,0.000000
7.523200e-06,0.000000
7.525600e-06,0.000000
7.528000e-06,0.000000
7.530400e-06,-0.080402
7.532800e-06,-0.080402
7.535200e-06,-0.080402
7.537600e-06,0.000000
7.540000e-06,-0.080402
7.542400e-06,-0.080402
7.544800e-06,-0.080402
7.547200e-06,-0.080402
7.549600e-06,-0.080402
7.552000e-06,-0.080402
7.554400e-06,-0.080402
7.556800e-06,-0.080402
7.559200e-06,-0.080402
7.561600e-06,-0.080402
7.564000e-06,-0.080402
7.566400e-06,-0.080402
7.568800e-06,-0.080402
7.571200e-06,-0.080402
7.573600e-06,-0.080402
7.576000e-06,-0.080402
7.578400e-06,-0.080402
7.580800e-06,-0.080402
7.583200e-06,-0.080402
7.585600e-06,-0.080402
7.588000e-06,-0.080402
7.590400e-06,-0.080402
7.592800e-06,-0.080402
7.595200e-06,-0.080402
7.597600e-06,-0.080402
7.600000e-06,-0.080402
7.602400e-06,-0.080402
7.604800e-06,-0.080402
7.607200e-06,-0.160804
7.609600e-06,-0.160804
7.612000e-06,-0.160804
7.614400e-06,-0.160804
7.616800e-06,-0.080402
7.619200e-06,-0.160804
7.621600e-06,-0.160804
7.624000e-06,-0.160804
7.626400e-06,-0.160804
7.628800e-06,-0.160804
7.631200e-06,-0.160804
7.633600e-06,-0.160804
7.636000e-06,-0.160804
7.638400e-06,-0.160804
7.640800e-06,-0.160804
7.643200e-06,-0.160804
7.645600e-06,-0.160804
7.648000e-06,-0.160804
7.650400e-06,-0.160804
7.652800e-06,-0.160804
7.655200e-06,-0.160804
7.657600e-06,-0.160804
7.660000e-06,-0.241206
7.662400e-06,-0.241206
7.664800e-06,-0.241206
7.667200e-06,-0.160804
7.669600e-06,-0.160804
7.672000e-06,-0.160804
7.674400e-06,-0.160804
7.676800e-06,-0.160804
7.679200e-06,-0.160804
7.681600e-06,-0.241206
7.684000e-06,-0.241206
7.686400e-06,-0.241206
7.688800e-06,-0.241206
7.691200e-06,-0.241206
7.693600e-06,-0.241206
7.696000e-06,-0.241206
7.698400e-06,-0.241206
7.700800e-06,-0.241206
7.703200e-06,-0.241206
7.705600e-06,-0.241206
7.708000e-06,-0.241206
7.710400e-06,-0.241206
7.712800e-06,-0.241206
7.715200e-06,-0.241206
7.717600e-06,-0.321608
7.720000e-06,-0.321608
7.722400e-06,-0.241206
7.724800e-06,-0.321608
7.727200e-06,-0.321608
7.729600e-06,-0.321608
7.732000e-06,-0.321608
7.734400e-06,-0.321608
7.736800e-06,-0.321608
7.739200e-06,-0.321608
7.741600e-06,-0.321608
7.744000e-06,-0.321608
7.746400e-06,-0.321608
7.748800e-06,-0.321608
7.751200e-06,-0.321608
7.753600e-06,-0.321608
7.756000e-06,-0.321608
7.758400e-06,-0.321608
7.760800e-06,-0.321608
7.763200e-06,-0.321608
7.765600e-06,-0.321608
7.768000e-06,-0.321608
7.770400e-06,-0.321608
7.772800e-06,-0.321608
7.775200e-06,-0.321608
7.777600e-06,-0.321608
7.780000e-06,-0.402010
7.782400e-06,-0.402010
7.784800e-06,-0.402010
7.787200e-06,-0.402010
7.789600e-06,-0.402010
7.792000e-06,-0.402010
7.794400e-06,-0.402010
7.796800e-06,-0.402010
7.799200e-06,-0.402010
7.801600e-06,-0.402010
7.804000e-06,-0.402010
7.806400e-06,-0.402010
7.808800e-06,-0.402010
7.811200e-06,-0.402010
7.813600e-06,-0.402010
7.816000e-06,-0.402010
7.818400e-06,-0.402010
7.820800e-06,-0.402010
7.823200e-06,-0.402010
7.825600e-06,-0.402010
7.828000e-06,-0.402010
7.830400e-06,-0.402010
7.832800e-06,-0.402010
7.835200e-06,-0.402010
7.837600e-06,-0.402010
7.840000e-06,-0.402010
7.842400e-06,-0.482412
7.844800e-06,-0.402010
7.847200e-06,-0.402010
7.849600e-06,-0.402010
7.852000e-06,-0.402010
7.854400e-06,-0.402010
7.856800e-06,-0.402010
7.859200e-06,-0.482412
7.861600e-06,-0.402010
7.864000e-06,-0.402010
7.866400e-06,-0.402010
7.868800e-06,-0.402010
7.871200e-06,-0.402010
7.873600e-06,-0.402010
7.876000e-06,-0.482412
7.878400e-06,-0.482412
7.880800e-06,-0.482412
7.883200e-06,-0.402010
7.885600e-06,-0.482412
7.888000e-06,-0.482412
7.890400e-06,-0.402010
7.892800e-06,-0.402010
7.895200e-06,-0.482412
7.897600e-06,-0.482412
7.900000e-06,-0.402010
7.902400e-06,-0.402010
7.904800e-06,-0.402010
7.907200e-06,-0.482412
7.909600e-06,-0.482412
7.912000e-06,-0.482412
7.914400e-06,-0.482412
7.916800e-06,-0.482412
7.919200e-06,-0.482412
7.921600e-06,-0.482412
7.924000e-06,-0.402010
7.926400e-06,-0.482412
7.928800e-06,-0.482412
7.931200e-06,-0.402010
7.933600e-06,-0.482412
7.936000e-06,-0.482412
7.938400e-06,-0.402010
7.940800e-06,-0.482412
7.943200e-06,-0.482412
7.945600e-06,-0.402010
7.948000e-06,-0.402010
7.950400e-06,-0.402010
7.952800e-06,-0.402010
7.955200e-06,-0.482412
7.957600e-06,-0.402010
7.960000e-06,-0.402010
7.962400e-06,-0.402010
7.964800e-06,-0.402010
7.967200e-06,-0.402010
7.969600e-06,-0.402010
7.972000e-06,-0.402010
7.974400e-06,-0.402010
7.976800e-06,-0.402010
7.979200e-06,-0.402010
7.981600e-06,-0.402010
7.984000e-06,-0.402010
7.986400e-06,-0.402010
7.988800e-06,-0.402010
7.991200e-06,-0.402010
7.993600e-06,-0.402010
7.996000e-06,-0.402010
7.998400e-06,-0.402010
8.000800e-06,-0.402010
8.003200e-06,-0.402010
8.005600e-06,-0.402010
8.008000e-06,-0.402010
8.010400e-06,-0.321608
8.012800e-06,-0.402010
8.015200e-06,-0.402010
8.017600e-06,-0.321608
8.020000e-06,-0.321608
8.022400e-06,-0.402010
8.024800e-06,-0.321608
8.027200e-06,-0.321608
8.029600e-06,-0.321608
8.032000e-06,-0.321608
8.034400e-06,-0.321608
8.036800e-06,-0.321608
8.039200e-06,-0.321608
8.041600e-06,-0.321608
8.044000e-06,-0.321608
8.046400e-06,-0.321608
8.048800e-06,-0.321608
8.051200e-06,-0.321608
8.053600e-06,-0.321608
8.056000e-06,-0.321608
8.058400e-06,-0.321608
8.060800e-06,-0.321608
8.063200e-06,-0.321608
8.065600e-06,-0.321608
8.068000e-06,-0.241206
8.070400e-06,-0.241206
8.072800e-06,-0.241206
8.075200e-06,-0.241206
8.077600e-06,-0.241206
8.080000e-06,-0.241206
8.082400e-06,-0.241206
8.084800e-06,-0.241206
8.087200e-06,-0.241206
8.089600e-06,-0.241206
8.092000e-06,-0.241206
8.094400e-06,-0.241206
8.096800e-06,-0.241206
8.099200e-06,-0.241206
8.101600e-06,-0.241206
8.104000e-06,-0.241206
8.106400e-06,-0.241206
8.108800e-06,-0.241206
8.111200e-06,-0.241206
8.113600e-06,-0.160804
8.116000e-06,-0.160804
8.118400e-06,-0.160804
8.120800e-06,-0.160804
8.123200e-06,-0.160804
8.125600e-06,-0.160804
8.128000e-06,-0.160804
8.130400e-06,-0.160804
8.132800e-06,-0.160804
8.135200e-06,-0.160804
8.137600e-06,-0.160804
8.140000e-06,-0.160804
8.142400e-06,-0.160804
8.144800e-06,-0.160804
8.147200e-06,-0.160804
8.149600e-06,-0.160804
8.152000e-06,-0.160804
8.154400e-06,-0.160804
8.156800e-06,-0.160804
8.159200e-06,-0.160804
8.161600e-06,-0.080402
8.164000e-06,-0.160804
8.166400e-06,-0.160804
8.168800e-06,-0.160804
8.171200e-06,-0.160804
8.173600e-06,-0.080402
8.176000e-06,-0.080402
8.178400e-06,-0.080402
8.180800e-06,-0.160804
8.183200e-06,-0.080402
8.185600e-06,-0.080402
8.188000e-06,-0.080402
8.190400e-06,-0.080402
8.192800e-06,-0.080402
8.195200e-06,-0.080402
8.197600e-06,-0.080402
8.200000e-06,-0.080402
8.202400e-06,-0.080402
8.204800e-06,-0.080402
8.207200e-06,0.000000
8.209600e-06,0.000000
8.212000e-06,0.000000
8.214400e-06,0.000000
8.216800e-06,0.000000
8.219200e-06,0.000000
8.221600e-06,0.000000
8.224000e-06,0.000000
8.226400e-06,0.000000
8.228800e-06,0.000000
8.231200e-06,0.000000
8.233600e-06,0.000000
8.236000e-06,0.000000
8.238400e-06,0.000000
8.240800e-06,0.000000
8.243200e-06,0.000000
8.245600e-06,0.000000
8.248000e-06,0.080402
8.250400e-06,0.080402
8.252800e-06,0.000000
8.255200e-06,0.000000
8.257600e-06,0.000000
8.260000e-06,0.080402
8.262400e-06,0.080402
8.264800e-06,0.080402
8.267200e-06,0.080402
8.269600e-06,0.080402
8.272000e-06,0.080402
8.274400e-06,0.080402
8.276800e-06,0.080402
8.279200e-06,0.080402
8.281600e-06,0.080402
8.284000e-06,0.080402
8.286400e-06,0.080402
8.288800e-06,0.080402
8.291200e-06,0.080402
8.293600e-06,0.080402
8.296000e-06,0.080402
8.298400e-06,0.080402
8.300800e-06,0.080402
8.303200e-06,0.080402
8.305600e-06,0.080402
8.308000e-06,0.080402
8.310400e-06,0.080402
8.312800e-06,0.160804
8.315200e-06,0.160804
8.317600e-06,0.160804
8.320000e-06,0.160804
8.322400e-06,0.160804
8.324800e-06,0.080402
8.327200e-06,0.080402
8.329600e-06,0.080402
8.332000e-06,0.160804
8.334400e-06,0.160804
8.336800e-06,0.160804
8.339200e-06,0.160804
8.341600e-06,0.160804
8.344000e-06,0.160804
8.346400e-06,0.160804
8.348800e-06,0.160804
8.351200e-06,0.160804
8.353600e-06,0.160804
8.356000e-06,0.160804
8.358400e-06,0.160804
8.360800e-06,0.160804
8.363200e-06,0.160804
8.365600e-06,0.160804
8.368000e-06,0.160804
8.370400e-06,0.160804
8.372800e-06,0.160804
8.375200e-06,0.160804
8.377600e-06,0.160804
8.380000e-06,0.160804
8.382400e-06,0.080402
8.384800e-06,0.160804
8.387200e-06,0.160804
8.389600e-06,0.160804
8.392000e-06,0.160804
8.394400e-06,0.160804
8.396800e-06,0.160804
8.399200e-06,0.160804
8.401600e-06,0.160804
8.404000e-06,0.160804
8.406400e-06,0.160804
8.408800e-06,0.160804
8.411200e-06,0.160804
8.413600e-06,0.160804
8.416000e-06,0.160804
8.418400e-06,0.160804
8.420800e-06,0.160804
8.423200e-06,0.160804
8.425600e-06,0.160804
8.428000e-06,0.160804
8.430400e-06,0.160804
8.432800e-06,0.160804
8.435200e-06,0.160804
8.437600e-06,0.160804
8.440000e-06,0.160804
8.442400e-06,0.160804
8.444800e-06,0.160804
8.447200e-06,0.160804
8.449600e-06,0.160804
8.452000e-06,0.160804
8.454400e-06,0.160804
8.456800e-06,0.160804
8.459200e-06,0.160804
8.461600e-06,0.160804
8.464000e-06,0.160804
8.466400e-06,0.160804
8.468800e-06,0.160804
8.471200e-06,0.160804
8.473600e-06,0.160804
8.476000e-06,0.160804
8.478400e-06,0.160804
8.480800e-06,0.160804
8.483200e-06,0.160804
8.485600e-06,0.160804
8.488000e-06,0.160804
8.490400e-06,0.160804
8.492800e-06,0.160804
8.495200e-06,0.080402
8.497600e-06,0.160804
8.500000e-06,0.160804
8.502400e-06,0.160804
8.504800e-06,0.160804
8.507200e-06,0.160804
8.509600e-06,0.160804
8.512000e-06,0.160804
8.514400e-06,0.160804
8.516800e-06,0.160804
8.519200e-06,0.160804
8.521600e-06,0.160804
8.524000e-06,0.160804
8.526400e-06,0.160804
8.528800e-06,0.160804
8.531200e-06,0.160804
8.533600e-06,0.080402
8.536000e-06,0.080402
8.538400e-06,0.080402
8.540800e-06,0.080402
8.543200e-06,0.080402
8.545600e-06,0.160804
8.548000e-06,0.160804
8.550400e-06,0.160804
8.552800e-06,0.080402
8.555200e-06,0.080402
8.557600e-06,0.160804
8.560000e-06,0.160804
8.562400e-06,0.080402
8.564800e-06,0.080402
8.567200e-06,0.160804
8.569600e-06,0.080402
8.572000e-06,0.080402
8.574400e-06,0.080402
8.576800e-06,0.080402
8.579200e-06,0.080402
8.581600e-06,0.080402
8.584000e-06,0.080402
8.586400e-06,0.080402
8.588800e-06,0.160804
8.591200e-06,0.080402
8.593600e-06,0.080402
8.596000e-06,0.080402
8.598400e-06,0.080402
8.600800e-06,0.080402
8.603200e-06,0.080402
8.605600e-06,0.080402
8.608000e-06,0.080402
8.610400e-06,0.080402
8.612800e-06,0.080402
8.615200e-06,0.080402
8.617600e-06,0.080402
8.620000e-06,0.080402
8.622400e-06,0.080402
8.624800e-06,0.080402
8.627200e-06,0.080402
8.629600e-06,0.080402
8.632000e-06,0.000000
8.634400e-06,0.000000
8.636800e-06,0.080402
8.639200e-06,0.000000
8.641600e-06,0.080402
8.644000e-06,0.080402
8.646400e-06,0.080402
8.648800e-06,0.080402
8.651200e-06,0.080402
8.653600e-06,0.080402
8.656000e-06,0.080402
8.658400e-06,0.080402
8.660800e-06,0.000000
8.663200e-06,0.000000
8.665600e-06,0.080402
8.668000e-06,0.000000
8.670400e-06,0.000000
8.672800e-06,0.000000
8.675200e-06,0.000000
8.677600e-06,0.080402
8.680000e-06,0.000000
8.682400e-06,0.000000
8.684800e-06,0.000000
8.687200e-06,0.000000
8.689600e-06,0.000000
8.692000e-06,0.000000
8.694400e-06,0.000000
8.696800e-06,0.000000
8.699200e-06,0.000000
8.701600e-06,0.000000
8.704000e-06,0.000000
8.706400e-06,0.000000
8.708800e-06,0.000000
8.711200e-06,0.000000
8.713600e-06,0.000000
8.716000e-06,0.000000
8.718400e-06,0.000000
8.720800e-06,0.000000
8.723200e-06,0.000000
8.725600e-06,0.000000
8.728000e-06,0.000000
8.730400e-06,0.000000
8.732800e-06,0.000000
8.735200e-06,0.000000
8.737600e-06,0.000000
8.740000e-06,0.000000
8.742400e-06,0.000000
8.744800e-06,0.000000
8.747200e-06,0.000000
8.749600e-06,0.000000
8.752000e-06,0.000000
8.754400e-06,0.000000
8.756800e-06,0.000000
8.759200e-06,-0.080402
8.761600e-06,0.000000
8.764000e-06,0.000000
8.766400e-06,0.000000
8.768800e-06,0.000000
8.771200e-06,-0.080402
8.773600e-06,0.000000
8.776000e-06,0.000000
8.778400e-06,0.000000
8.780800e-06,0.000000
8.783200e-06,-0.080402
8.785600e-06,-0.080402
8.788000e-06,-0.080402
8.790400e-06,-0.080402
8.792800e-06,-0.080402
8.795200e-06,-0.080402
8.797600e-06,-0.080402
8.800000e-06,-0.080402
8.802400e-06,-0.080402
8.804800e-06,-0.080402
8.807200e-06,-0.080402
8.809600e-06,-0.080402
8.812000e-06,-0.080402
8.814400e-06,-0.080402
8.816800e-06,-0.080402
8.819200e-06,-0.080402
8.821600e-06,-0.080402
8.824000e-06,-0.080402
8.826400e-06,-0.080402
8.828800e-06,-0.080402
8.831200e-06,-0.080402
8.833600e-06,-0.080402
8.836000e-06,-0.080402
8.838400e-06,-0.080402
8.840800e-06,-0.080402
8.843200e-06,-0.080402
8.845600e-06,-0.080402
8.848000e-06,-0.080402
8.850400e-06,-0.080402
8.852800e-06,-0.080402
8.855200e-06,-0.080402
8.857600e-06,-0.080402
8.860000e-06,-0.080402
8.862400e-06,-0.080402
8.864800e-06,-0.080402
8.867200e-06,-0.080402
8.869600e-06,-0.080402
8.872000e-06,-0.080402
8.874400e-06,-0.080402
8.876800e-06,-0.080402
8.879200e-06,-0.080402
8.881600e-06,-0.080402
8.884000e-06,-0.080402
8.886400e-06,-0.080402
8.888800e-06,-0.080402
8.891200e-06,-0.080402
8.893600e-06,-0.080402
8.896000e-06,-0.080402
8.898400e-06,-0.080402
8.900800e-06,-0.080402
8.903200e-06,-0.080402
8.905600e-06,-0.160804
8.908000e-06,-0.080402
8.910400e-06,-0.080402
8.912800e-06,-0.080402
8.915200e-06,-0.080402
8.917600e-06,-0.160804
8.920000e-06,-0.080402
8.922400e-06,-0.080402
8.924800e-06,-0.080402
8.927200e-06,-0.160804
8.929600e-06,-0.160804
8.932000e-06,-0.080402
8.934400e-06,-0.160804
8.936800e-06,-0.160804
8.939200e-06,-0.160804
8.941600e-06,-0.160804
8.944000e-06,-0.160804
8.946400e-06,-0.160804
8.948800e-06,-0.160804
8.951200e-06,-0.160804
8.953600e-06,-0.080402
8.956000e-06,-0.160804
8.958400e-06,-0.160804
8.960800e-06,-0.160804
8.963200e-06,-0.160804
8.965600e-06,-0.160804
8.968000e-06,-0.160804
8.970400e-06,-0.160804
8.972800e-06,-0.160804
8.975200e-06,-0.160804
8.977600e-06,-0.160804
8.980000e-06,-0.160804
8.982400e-06,-0.160804
8.984800e-06,-0.160804
8.987200e-06,-0.160804
8.989600e-06,-0.160804
8.992000e-06,-0.160804
8.994400e-06,-0.160804
8.996800e-06,-0.160804
8.999200e-06,-0.160804
9.001600e-06,-0.160804
9.004000e-06,-0.160804
9.006400e-06,-0.160804
9.008800e-06,-0.160804
9.011200e-06,-0.160804
9.013600e-06,-0.160804
9.016000e-06,-0.160804
9.018400e-06,-0.160804
9.020800e-06,-0.160804
9.023200e-06,-0.160804
9.025600e-06,-0.160804
9.028000e-06,-0.160804
9.030400e-06,-0.160804
9.032800e-06,-0.160804
9.035200e-06,-0.160804
9.037600e-06,-0.160804
9.040000e-06,-0.160804
9.042400e-06,-0.160804
9.044800e-06,-0.160804
9.047200e-06,-0.160804
9.049600e-06,-0.160804
9.052000e-06,-0.241206
9.054400e-06,-0.160804
9.056800e-06,-0.160804
9.059200e-06,-0.160804
9.061600e-06,-0.160804
9.064000e-06,-0.160804
9.066400e-06,-0.160804
9.068800e-06,-0.160804
9.071200e-06,-0.160804
9.073600e-06,-0.160804
9.076000e-06,-0.160804
9.078400e-06,-0.160804
9.080800e-06,-0.241206
9.083200e-06,-0.241206
9.085600e-06,-0.241206
9.088000e-06,-0.241206
9.090400e-06,-0.241206
9.092800e-06,-0.241206
9.095200e-06,-0.241206
9.097600e-06,-0.160804
9.100000e-06,-0.160804
9.102400e-06,-0.160804
9.104800e-06,-0.160804
9.107200e-06,-0.241206
9.109600e-06,-0.241206
9.112000e-06,-0.241206
9.114400e-06,-0.241206
9.116800e-06,-0.241206
9.119200e-06,-0.241206
9.121600e-06,-0.241206
9.124000e-06,-0.241206
9.126400e-06,-0.160804
9.128800e-06,-0.241206
9.131200e-06,-0.241206
9.133600e-06,-0.241206
9.136000e-06,-0.241206
9.138400e-06,-0.241206
9.140800e-06,-0.241206
9.143200e-06,-0.241206
9.145600e-06,-0.241206
9.148000e-06,-0.241206
9.150400e-06,-0.241206
9.152800e-06,-0.241206
9.155200e-06,-0.241206
9.157600e-06,-0.241206
9.160000e-06,-0.241206
9.162400e-06,-0.241206
9.164800e-06,-0.241206
9.167200e-06,-0.241206
9.169600e-06,-0.241206
9.172000e-06,-0.241206
9.174400e-06,-0.241206
9.176800e-06,-0.241206
9.179200e-06,-0.241206
9.181600e-06,-0.241206
9.184000e-06,-0.241206
9.186400e-06,-0.241206
9.188800e-06,-0.241206
9.191200e-06,-0.241206
9.193600e-06,-0.241206
9.196000e-06,-0.241206
9.198400e-06,-0.241206
9.200800e-06,-0.241206
9.203200e-06,-0.241206
9.205600e-06,-0.241206
9.208000e-06,-0.241206
9.210400e-06,-0.241206
9.212800e-06,-0.241206
9.215200e-06,-0.241206
9.217600e-06,-0.241206
9.220000e-06,-0.241206
9.222400e-06,-0.241206
9.224800e-06,-0.241206
9.227200e-06,-0.241206
9.229600e-06,-0.241206
9.232000e-06,-0.241206
9.234400e-06,-0.241206
9.236800e-06,-0.241206
9.239200e-06,-0.241206
9.241600e-06,-0.241206
9.244000e-06,-0.241206
9.246400e-06,-0.241206
9.248800e-06,-0.241206
9.251200e-06,-0.241206
9.253600e-06,-0.160804
9.256000e-06,-0.241206
9.258400e-06,-0.241206
9.260800e-06,-0.241206
9.263200e-06,-0.241206
9.265600e-06,-0.241206
9.268000e-06,-0.241206
9.270400e-06,-0.160804
9.272800e-06,-0.241206
9.275200e-06,-0.241206
9.277600e-06,-0.241206
9.280000e-06,-0.241206
9.282400e-06,-0.241206
9.284800e-06,-0.241206
9.287200e-06,-0.241206
9.289600e-06,-0.241206
9.292000e-06,-0.241206
9.294400e-06,-0.241206
9.296800e-06,-0.241206
9.299200e-06,-0.241206
9.301600e-06,-0.241206
9.304000e-06,-0.241206
9.306400e-06,-0.241206
9.308800e-06,-0.241206
9.311200e-06,-0.241206
9.313600e-06,-0.241206
9.316000e-06,-0.241206
9.318400e-06,-0.241206
9.320800e-06,-0.241206
9.323200e-06,-0.241206
9.325600e-06,-0.241206
9.328000e-06,-0.241206
9.330400e-06,-0.241206
9.332800e-06,-0.241206
9.335200e-06,-0.241206
9.337600e-06,-0.241206
9.340000e-06,-0.241206
9.342400e-06,-0.241206
9.344800e-06,-0.241206
9.347200e-06,-0.241206
9.349600e-06,-0.241206
9.352000e-06,-0.241206
9.354400e-06,-0.241206
9.356800e-06,-0.241206
9.359200e-06,-0.241206
9.361600e-06,-0.241206
9.364000e-06,-0.241206
9.366400e-06,-0.241206
9.368800e-06,-0.241206
9.371200e-06,-0.241206
9.373600e-06,-0.241206
9.376000e-06,-0.160804
9.378400e-06,-0.160804
9.380800e-06,-0.241206
9.383200e-06,-0.241206
9.385600e-06,-0.160804
9.388000e-06,-0.160804
9.390400e-06,-0.160804
9.392800e-06,-0.241206
9.395200e-06,-0.160804
9.397600e-06,-0.160804
9.400000e-06,-0.160804
9.402400e-06,-0.160804
9.404800e-06,-0.160804
9.407200e-06,-0.241206
9.409600e-06,-0.241206
9.412000e-06,-0.160804
9.414400e-06,-0.160804
9.416800e-06,-0.160804
9.419200e-06,-0.160804
9.421600e-06,-0.241206
9.424000e-06,-0.160804
9.426400e-06,-0.241206
9.428800e-06,-0.241206
9.431200e-06,-0.160804
9.433600e-06,-0.241206
9.436000e-06,-0.160804
9.438400e-06,-0.241206
9.440800e-06,-0.160804
9.443200e-06,-0.160804
9.445600e-06,-0.241206
9.448000e-06,-0.160804
9.450400e-06,-0.160804
9.452800e-06,-0.160804
9.455200e-06,-0.160804
9.457600e-06,-0.160804
9.460000e-06,-0.160804
9.462400e-06,-0.160804
9.464800e-06,-0.160804
9.467200e-06,-0.160804
9.469600e-06,-0.160804
9.472000e-06,-0.160804
9.474400e-06,-0.160804
9.476800e-06,-0.160804
9.479200e-06,-0.160804
9.481600e-06,-0.160804
9.484000e-06,-0.160804
9.486400e-06,-0.160804
9.488800e-06,-0.160804
9.491200e-06,-0.160804
9.493600e-06,-0.160804
9.496000e-06,-0.160804
9.498400e-06,-0.160804
9.500800e-06,-0.160804
9.503200e-06,-0.160804
9.505600e-06,-0.160804
9.508000e-06,-0.160804
9.510400e-06,-0.160804
9.512800e-06,-0.160804
9.515200e-06,-0.160804
9.517600e-06,-0.160804
9.520000e-06,-0.160804
9.522400e-06,-0.160804
9.524800e-06,-0.160804
9.527200e-06,-0.160804
9.529600e-06,-0.160804
9.532000e-06,-0.160804
9.534400e-06,-0.160804
9.536800e-06,-0.160804
9.539200e-06,-0.160804
9.541600e-06,-0.160804
9.544000e-06,-0.160804
9.546400e-06,-0.160804
9.548800e-06,-0.160804
9.551200e-06,-0.160804
9.553600e-06,-0.160804
9.556000e-06,-0.160804
9.558400e-06,-0.160804
9.560800e-06,-0.160804
9.563200e-06,-0.160804
9.565600e-06,-0.160804
9.568000e-06,-0.160804
9.570400e-06,-0.160804
9.572800e-06,-0.160804
9.575200e-06,-0.160804
9.577600e-06,-0.160804
9.580000e-06,-0.160804
9.582400e-06,-0.160804
9.584800e-06,-0.160804
9.587200e-06,-0.160804
9.589600e-06,-0.160804
9.592000e-06,-0.160804
9.594400e-06,-0.160804
9.596800e-06,-0.160804
9.599200e-06,-0.160804
9.601600e-06,-0.160804
9.604000e-06,-0.160804
9.606400e-06,-0.160804
9.608800e-06,-0.160804
9.611200e-06,-0.160804
9.613600e-06,-0.160804
9.616000e-06,-0.160804
9.618400e-06,-0.160804
9.620800e-06,-0.160804
9.623200e-06,-0.160804
9.625600e-06,-0.160804
9.628000e-06,-0.080402
9.630400e-06,-0.080402
9.632800e-06,-0.080402
9.635200e-06,-0.160804
9.637600e-06,-0.160804
9.640000e-06,-0.160804
9.642400e-06,-0.160804
9.644800e-06,-0.160804
9.647200e-06,-0.160804
9.649600e-06,-0.080402
9.652000e-06,-0.080402
9.654400e-06,-0.080402
9.656800e-06,-0.080402
9.659200e-06,-0.080402
9.661600e-06,-0.080402
9.664000e-06,-0.080402
9.666400e-06,-0.080402
9.668800e-06,-0.160804
9.671200e-06,-0.080402
9.673600e-06,-0.160804
9.676000e-06,-0.160804
9.678400e-06,-0.080402
9.680800e-06,-0.080402
9.683200e-06,-0.080402
9.685600e-06,-0.080402
9.688000e-06,-0.080402
9.690400e-06,-0.080402
9.692800e-06,-0.080402
9.695200e-06,-0.080402
9.697600e-06,-0.080402
9.700000e-06,-0.080402
9.702400e-06,-0.080402
9.704800e-06,-0.080402
9.707200e-06,-0.080402
9.709600e-06,-0.080402
9.712000e-06,-0.080402
9.714400e-06,-0.080402
9.716800e-06,-0.080402
9.719200e-06,-0.080402
9.721600e-06,-0.080402
9.724000e-06,-0.080402
9.726400e-06,-0.080402
9.728800e-06,-0.080402
9.731200e-06,-0.080402
9.733600e-06,-0.080402
9.736000e-06,-0.080402
9.738400e-06,-0.080402
9.740800e-06,-0.080402
9.743200e-06,-0.080402
9.745600e-06,-0.080402
9.748000e-06,-0.080402
9.750400e-06,-0.080402
9.752800e-06,-0.080402
9.755200e-06,-0.080402
9.757600e-06,-0.080402
9.760000e-06,-0.080402
9.762400e-06,-0.080402
9.764800e-06,-0.080402
9.767200e-06,-0.080402
9.769600e-06,-0.080402
9.772000e-06,-0.080402
9.774400e-06,-0.080402
9.776800e-06,-0.080402
9.779200e-06,0.000000
9.781600e-06,-0.080402
9.784000e-06,-0.080402
9.786400e-06,-0.080402
9.788800e-06,-0.080402
9.791200e-06,-0.080402
9.793600e-06,-0.080402
9.796000e-06,-0.080402
9.798400e-06,-0.080402
9.800800e-06,0.000000
9.803200e-06,0.000000
9.805600e-06,0.000000
9.808000e-06,-0.080402
9.810400e-06,-0.080402
9.812800e-06,-0.080402
9.815200e-06,0.000000
9.817600e-06,-0.080402
9.820000e-06,-0.080402
9.822400e-06,-0.080402
9.824800e-06,0.000000
9.827200e-06,-0.080402
9.829600e-06,-0.080402
9.832000e-06,-0.080402
9.834400e-06,-0.080402
9.836800e-06,-0.080402
9.839200e-06,0.000000
9.841600e-06,0.000000
9.844000e-06,0.000000
9.846400e-06,0.000000
9.848800e-06,0.000000
9.851200e-06,-0.080402
9.853600e-06,0.000000
9.856000e-06,0.000000
9.858400e-06,-0.080402
9.860800e-06,0.000000
9.863200e-06,0.000000
9.865600e-06,0.000000
9.868000e-06,0.000000
9.870400e-06,0.000000
9.872800e-06,0.000000
9.875200e-06,0.000000
9.877600e-06,0.000000
9.880000e-06,0.000000
9.882400e-06,0.000000
9.884800e-06,0.000000
9.887200e-06,0.000000
9.889600e-06,0.000000
9.892000e-06,0.000000
9.894400e-06,0.000000
9.896800e-06,0.000000
9.899200e-06,0.000000
9.901600e-06,0.000000
9.904000e-06,0.000000
9.906400e-06,0.000000
9.908800e-06,0.000000
9.911200e-06,0.000000
9.913600e-06,0.000000
9.916000e-06,0.000000
9.918400e-06,0.000000
9.920800e-06,0.000000
9.923200e-06,0.080402
9.925600e-06,0.000000
9.928000e-06,0.080402
9.930400e-06,0.000000
9.932800e-06,0.000000
9.935200e-06,0.000000
9.937600e-06,0.080402
9.940000e-06,0.080402
9.942400e-06,0.080402
9.944800e-06,0.080402
9.947200e-06,0.080402
9.949600e-06,0.080402
9.952000e-06,0.080402
9.954400e-06,0.080402
9.956800e-06,0.080402
9.959200e-06,0.080402
9.961600e-06,0.080402
9.964000e-06,0.080402
9.966400e-06,0.080402
9.968800e-06,0.080402
9.971200e-06,0.080402
9.973600e-06,0.080402
9.976000e-06,0.080402
9.978400e-06,0.080402
9.980800e-06,0.080402
9.983200e-06,0.080402
9.985600e-06,0.080402
9.988000e-06,0.080402
9.990400e-06,0.080402
9.992800e-06,0.080402
9.995200e-06,0.080402
9.997600e-06,0.080402
1.000000e-05,0.080402
1.000240e-05,0.080402
1.000480e-05,0.080402
1.000720e-05,0.080402
1.000960e-05,0.080402
1.001200e-05,0.080402
1.001440e-05,0.080402
1.001680e-05,0.080402
1.001920e-05,0.080402
1.002160e-05,0.080402
1.002400e-05,0.080402
1.002640e-05,0.080402
1.002880e-05,0.080402
1.003120e-05,0.080402
1.003360e-05,0.080402
1.003600e-05,0.080402
1.003840e-05,0.080402
1.004080e-05,0.080402
1.004320e-05,0.080402
1.004560e-05,0.080402
1.004800e-05,0.080402
1.005040e-05,0.080402
1.005280e-05,0.080402
1.005520e-05,0.080402
1.005760e-05,0.080402
1.006000e-05,0.080402
1.006240e-05,0.080402
1.006480e-05,0.080402
1.006720e-05,0.160804
1.006960e-05,0.080402
1.007200e-05,0.080402
1.007440e-05,0.080402
1.007680e-05,0.080402
1.007920e-05,0.080402
1.008160e-05,0.080402
1.008400e-05,0.080402
1.008640e-05,0.080402
1.008880e-05,0.160804
1.009120e-05,0.080402
1.009360e-05,0.080402
1.009600e-05,0.080402
1.009840e-05,0.080402
1.010080e-05,0.080402
1.010320e-05,0.080402
1.010560e-05,0.080402
1.010800e-05,0.080402
1.011040e-05,0.080402
1.011280e-05,0.080402
1.011520e-05,0.080402
1.011760e-05,0.080402
1.012000e-05,0.080402
1.012240e-05,0.080402
1.012480e-05,0.080402
1.012720e-05,0.080402
1.012960e-05,0.080402
1.013200e-05,0.080402
1.013440e-05,0.080402
1.013680e-05,0.080402
1.013920e-05,0.080402
1.014160e-05,0.080402
1.014400e-05,0.080402
1.014640e-05,0.080402
1.014880e-05,0.080402
1.015120e-05,0.080402
1.015360e-05,0.080402
1.015600e-05,0.080402
1.015840e-05,0.080402
1.016080e-05,0.080402
1.016320e-05,0.080402
1.016560e-05,0.080402
1.016800e-05,0.080402
1.017040e-05,0.080402
1.017280e-05,0.080402
1.017520e-05,0.080402
1.017760e-05,0.080402
1.018000e-05,0.080402
1.018240e-05,0.080402
1.018480e-05,0.080402
1.018720e-05,0.080402
1.018960e-05,0.080402
1.019200e-05,0.080402
1.019440e-05,0.080402
1.019680e-05,0.080402
1.019920e-05,0.080402
1.020160e-05,0.080402
1.020400e-05,0.000000
1.020640e-05,0.000000
1.020880e-05,0.000000
1.021120e-05,0.080402
1.021360e-05,0.000000
1.021600e-05,0.000000
1.021840e-05,0.000000
1.022080e-05,0.000000
1.022320e-05,0.080402
1.022560e-05,0.080402
1.022800e-05,0.080402
1.023040e-05,0.080402
1.023280e-05,0.080402
1.023520e-05,0.000000
1.023760e-05,0.080402
1.024000e-05,0.080402
1.024240e-05,0.000000
1.024480e-05,0.000000
1.024720e-05,0.080402
1.024960e-05,0.000000
1.025200e-05,0.080402
1.025440e-05,0.000000
1.025680e-05,0.000000
1.025920e-05,0.000000
1.026160e-05,0.000000
1.026400e-05,0.000000
1.026640e-05,0.000000
1.026880e-05,0.000000
1.027120e-05,0.000000
1.027360e-05,0.000000
1.027600e-05,0.000000
1.027840e-05,0.000000
1.028080e-05,0.000000
1.028320e-05,0.000000
1.028560e-05,0.000000
1.028800e-05,0.000000
1.029040e-05,0.000000
1.029280e-05,0.000000
1.029520e-05,0.000000
1.029760e-05,-0.080402
1.030000e-05,-0.080402
1.030240e-05,0.000000
1.030480e-05,-0.080402
1.030720e-05,0.000000
1.030960e-05,0.000000
1.031200e-05,-0.080402
1.031440e-05,-0.080402
1.031680e-05,-0.080402
1.031920e-05,-0.080402
1.032160e-05,-0.080402
1.032400e-05,-0.080402
1.032640e-05,-0.080402
1.032880e-05,-0.080402
1.033120e-05,-0.080402
1.033360e-05,-0.080402
1.033600e-05,-0.080402
1.033840e-05,-0.080402
1.034080e-05,-0.080402
1.034320e-05,-0.080402
1.034560e-05,-0.080402
1.034800e-05,-0.080402
1.035040e-05,-0.080402
1.035280e-05,-0.080402
1.035520e-05,-0.080402
1.035760e-05,-0.160804
1.036000e-05,-0.160804
1.036240e-05,-0.160804
1.036480e-05,-0.160804
1.036720e-05,-0.080402
1.036960e-05,-0.160804
1.037200e-05,-0.160804
1.037440e-05,-0.160804
1.037680e-05,-0.160804
1.037920e-05,-0.160804
1.038160e-05,-0.160804
1.038400e-05,-0.160804
1.038640e-05,-0.160804
1.038880e-05,-0.160804
1.039120e-05,-0.160804
1.039360e-05,-0.160804
1.039600e-05,-0.160804
1.039840e-05,-0.160804
1.040080e-05,-0.160804
1.040320e-05,-0.160804
1.040560e-05,-0.241206
1.040800e-05,-0.241206
1.041040e-05,-0.241206
1.041280e-05,-0.241206
1.041520e-05,-0.241206
1.041760e-05,-0.241206
1.042000e-05,-0.241206
1.042240e-05,-0.241206
1.042480e-05,-0.241206
1.042720e-05,-0.241206
1.042960e-05,-0.160804
1.043200e-05,-0.241206
1.043440e-05,-0.241206
1.043680e-05,-0.241206
1.043920e-05,-0.241206
1.044160e-05,-0.241206
1.044400e-05,-0.241206
1.044640e-05,-0.241206
1.044880e-05,-0.241206
1.045120e-05,-0.241206
1.045360e-05,-0.241206
1.045600e-05,-0.241206
1.045840e-05,-0.241206
1.046080e-05,-0.241206
1.046320e-05,-0.241206
1.046560e-05,-0.321608
1.046800e-05,-0.241206
1.047040e-05,-0.241206
1.047280e-05,-0.241206
1.047520e-05,-0.321608
1.047760e-05,-0.321608
1.048000e-05,-0.321608
1.048240e-05,-0.321608
1.048480e-05,-0.241206
1.048720e-05,-0.241206
1.048960e-05,-0.321608
1.049200e-05,-0.321608
1.049440e-05,-0.321608
1.049680e-05,-0.321608
1.049920e-05,-0.321608
1.050160e-05,-0.321608
1.050400e-05,-0.321608
1.050640e-05,-0.321608
1.050880e-05,-0.321608
1.051120e-05,-0.321608
1.051360e-05,-0.321608
1.051600e-05,-0.321608
1.051840e-05,-0.321608
1.052080e-05,-0.321608
1.052320e-05,-0.321608
1.052560e-05,-0.321608
1.052800e-05,-0.321608
1.053040e-05,-0.321608
1.053280e-05,-0.321608
1.053520e-05,-0.321608
1.053760e-05,-0.321608
1.054000e-05,-0.321608
1.054240e-05,-0.321608
1.054480e-05,-0.321608
1.054720e-05,-0.402010
1.054960e-05,-0.402010
1.055200e-05,-0.321608
1.055440e-05,-0.402010
1.055680e-05,-0.402010
1.055920e-05,-0.402010
1.056160e-05,-0.402010
1.056400e-05,-0.402010
1.056640e-05,-0.402010
1.056880e-05,-0.402010
1.057120e-05,-0.321608
1.057360e-05,-0.402010
1.057600e-05,-0.402010
1.057840e-05,-0.402010
1.058080e-05,-0.402010
1.058320e-05,-0.402010
1.058560e-05,-0.402010
1.058800e-05,-0.402010
1.059040e-05,-0.402010
1.059280e-05,-0.402010
1.059520e-05,-0.402010
1.059760e-05,-0.321608
1.060000e-05,-0.402010
1.060240e-05,-0.402010
1.060480e-05,-0.402010
1.060720e-05,-0.402010
1.060960e-05,-0.402010
1.061200e-05,-0.402010
1.061440e-05,-0.402010
1.061680e-05,-0.402010
1.061920e-05,-0.402010
1.062160e-05,-0.402010
1.062400e-05,-0.402010
1.062640e-05,-0.402010
1.062880e-05,-0.402010
1.063120e-05,-0.402010
1.063360e-05,-0.402010
1.063600e-05,-0.402010
1.063840e-05,-0.402010
1.064080e-05,-0.402010
1.064320e-05,-0.402010
1.064560e-05,-0.402010
1.064800e-05,-0.402010
1.065040e-05,-0.402010
1.065280e-05,-0.402010
1.065520e-05,-0.402010
1.065760e-05,-0.402010
1.066000e-05,-0.402010
1.066240e-05,-0.402010
1.066480e-05,-0.402010
1.066720e-05,-0.402010
1.066960e-05,-0.402010
1.067200e-05,-0.321608
1.067440e-05,-0.321608
1.067680e-05,-0.321608
1.067920e-05,-0.321608
1.068160e-05,-0.321608
1.068400e-05,-0.321608
1.068640e-05,-0.321608
1.068880e-05,-0.402010
1.069120e-05,-0.402010
1.069360e-05,-0.321608
1.069600e-05,-0.402010
1.069840e-05,-0.402010
1.070080e-05,-0.321608
1.070320e-05,-0.402010
1.070560e-05,-0.402010
1.070800e-05,-0.402010
1.071040e-05,-0.321608
1.071280e-05,-0.321608
1.071520e-05,-0.321608
1.071760e-05,-0.321608
1.072000e-05,-0.321608
1.072240e-05,-0.321608
1.072480e-05,-0.321608
1.072720e-05,-0.321608
1.072960e-05,-0.321608
1.073200e-05,-0.321608
1.073440e-05,-0.321608
1.073680e-05,-0.321608
1.073920e-05,-0.321608
1.074160e-05,-0.321608
1.074400e-05,-0.241206
1.074640e-05,-0.241206
1.074880e-05,-0.241206
1.075120e-05,-0.241206
1.075360e-05,-0.321608
1.075600e-05,-0.321608
1.075840e-05,-0.321608
1.076080e-05,-0.321608
1.076320e-05,-0.321608
1.076560e-05,-0.241206
1.076800e-05,-0.241206
1.077040e-05,-0.241206
1.077280e-05,-0.241206
1.077520e-05,-0.241206
1.077760e-05,-0.241206
1.078000e-05,-0.241206
1.078240e-05,-0.241206
1.078480e-05,-0.241206
1.078720e-05,-0.241206
1.078960e-05,-0.241206
1.079200e-05,-0.241206
1.079440e-05,-0.241206
1.079680e-05,-0.241206
1.079920e-05,-0.241206
1.080160e-05,-0.160804
1.080400e-05,-0.160804
1.080640e-05,-0.241206
1.080880e-05,-0.160804
1.081120e-05,-0.160804
1.081360e-05,-0.160804
1.081600e-05,-0.160804
1.081840e-05,-0.160804
1.082080e-05,-0.160804
1.082320e-05,-0.160804
1.082560e-05,-0.160804
1.082800e-05,-0.160804
1.083040e-05,-0.160804
1.083280e-05,-0.160804
1.083520e-05,-0.160804
1.083760e-05,-0.160804
1.084000e-05,-0.160804
1.084240e-05,-0.160804
1.084480e-05,-0.160804
1.084720e-05,-0.160804
1.084960e-05,-0.160804
1.085200e-05,-0.160804
1.085440e-05,-0.160804
1.085680e-05,-0.160804
1.085920e-05,-0.160804
1.086160e-05,-0.160804
1.086400e-05,-0.160804
1.086640e-05,-0.160804
1.086880e-05,-0.080402
1.087120e-05,-0.080402
1.087360e-05,-0.080402
1.087600e-05,-0.080402
1.087840e-05,-0.080402
1.088080e-05,-0.080402
1.088320e-05,-0.080402
1.088560e-05,-0.080402
1.088800e-05,-0.080402
1.089040e-05,-0.080402
1.089280e-05,-0.080402
1.089520e-05,0.000000
1.089760e-05,-0.080402
1.090000e-05,0.000000
1.090240e-05,0.000000
1.090480e-05,0.000000
1.090720e-05,0.000000
1.090960e-05,0.000000
1.091200e-05,0.000000
1.091440e-05,0.000000
1.091680e-05,0.000000
1.091920e-05,0.000000
1.092160e-05,0.000000
1.092400e-05,0.000000
1.092640e-05,0.000000
1.092880e-05,0.000000
1.093120e-05,0.000000
1.093360e-05,0.000000
1.093600e-05,0.000000
1.093840e-05,0.000000
1.094080e-05,0.000000
1.094320e-05,0.000000
1.094560e-05,0.000000
1.094800e-05,0.000000
1.095040e-05,0.000000
1.095280e-05,0.000000
1.095520e-05,0.000000
1.095760e-05,0.080402
1.096000e-05,0.080402
1.096240e-05,0.080402
1.096480e-05,0.080402
1.096720e-05,0.080402
1.096960e-05,0.080402
1.097200e-05,0.080402
1.097440e-05,0.080402
1.097680e-05,0.080402
1.097920e-05,0.080402
1.098160e-05,0.080402
1.098400e-05,0.080402
1.098640e-05,0.080402
1.098880e-05,0.080402
1.099120e-05,0.080402
1.099360e-05,0.080402
1.099600e-05,0.080402
1.099840e-05,0.080402
1.100080e-05,0.080402
1.100320e-05,0.080402
1.100560e-05,0.080402
1.100800e-05,0.080402
1.101040e-05,0.080402
1.101280e-05,0.080402
1.101520e-05,0.080402
1.101760e-05,0.160804
1.102000e-05,0.160804
1.102240e-05,0.080402
1.102480e-05,0.080402
1.102720e-05,0.080402
1.102960e-05,0.160804
1.103200e-05,0.080402
1.103440e-05,0.160804
1.103680e-05,0.160804
1.103920e-05,0.160804
1.104160e-05,0.080402
1.104400e-05,0.160804
1.104640e-05,0.160804
1.104880e-05,0.160804
1.105120e-05,0.080402
1.105360e-05,0.160804
1.105600e-05,0.160804
1.105840e-05,0.160804
1.106080e-05,0.160804
1.106320e-05,0.160804
1.106560e-05,0.160804
1.106800e-05,0.160804
1.107040e-05,0.160804
1.107280e-05,0.160804
1.107520e-05,0.160804
1.107760e-05,0.160804
1.108000e-05,0.160804
1.108240e-05,0.160804
1.108480e-05,0.160804
1.108720e-05,0.160804
1.108960e-05,0.160804
1.109200e-05,0.160804
1.109440e-05,0.160804
1.109680e-05,0.160804
1.109920e-05,0.160804
1.110160e-05,0.160804
1.110400e-05,0.160804
1.110640e-05,0.160804
1.110880e-05,0.160804
1.111120e-05,0.160804
1.111360e-05,0.160804
1.111600e-05,0.160804
1.111840e-05,0.160804
1.112080e-05,0.160804
1.112320e-05,0.160804
1.112560e-05,0.160804
1.112800e-05,0.160804
1.113040e-05,0.160804
1.113280e-05,0.160804
1.113520e-05,0.160804
1.113760e-05,0.160804
1.114000e-05,0.160804
1.114240e-05,0.160804
1.114480e-05,0.160804
1.114720e-05,0.160804
1.114960e-05,0.160804
1.115200e-05,0.160804
1.115440e-05,0.160804
1.115680e-05,0.160804
1.115920e-05,0.160804
1.116160e-05,0.160804
1.116400e-05,0.160804
1.116640e-05,0.160804
1.116880e-05,0.160804
1.117120e-05,0.160804
1.117360e-05,0.160804
1.117600e-05,0.160804
1.117840e-05,0.080402
1.118080e-05,0.160804
1.118320e-05,0.160804
1.118560e-05,0.080402
1.118800e-05,0.160804
1.119040e-05,0.160804
1.119280e-05,0.160804
1.119520e-05,0.160804
1.119760e-05,0.080402
1.120000e-05,0.160804
1.120240e-05,0.160804
1.120480e-05,0.160804
1.120720e-05,0.160804
1.120960e-05,0.160804
1.121200e-05,0.160804
1.121440e-05,0.160804
1.121680e-05,0.160804
1.121920e-05,0.160804
1.122160e-05,0.160804
1.122400e-05,0.160804
1.122640e-05,0.160804
1.122880e-05,0.160804
1.123120e-05,0.160804
1.123360e-05,0.080402
1.123600e-05,0.080402
1.123840e-05,0.160804
1.124080e-05,0.160804
1.124320e-05,0.080402
1.124560e-05,0.160804
1.124800e-05,0.080402
1.125040e-05,0.080402
1.125280e-05,0.080402
1.125520e-05,0.080402
1.125760e-05,0.080402
1.126000e-05,0.080402
1.126240e-05,0.080402
1.126480e-05,0.080402
1.126720e-05,0.080402
1.126960e-05,0.080402
1.127200e-05,0.080402
1.127440e-05,0.080402
1.127680e-05,0.080402
1.127920e-05,0.080402
1.128160e-05,0.080402
1.128400e-05,0.080402
1.128640e-05,0.080402
1.128880e-05,0.080402
1.129120e-05,0.080402
1.129360e-05,0.080402
1.129600e-05,0.080402
1.129840e-05,0.080402
1.130080e-05,0.080402
1.130320e-05,0.080402
1.130560e-05,0.080402
1.130800e-05,0.080402
1.131040e-05,0.080402
1.131280e-05,0.000000
1.131520e-05,0.000000
1.131760e-05,0.000000
1.132000e-05,0.000000
1.132240e-05,0.000000
1.132480e-05,0.000000
1.132720e-05,0.000000
1.132960e-05,0.000000
1.133200e-05,0.000000
1.133440e-05,0.000000
1.133680e-05,0.000000
1.133920e-05,0.000000
1.134160e-05,0.000000
1.134400e-05,0.000000
1.134640e-05,0.000000
1.134880e-05,0.000000
1.135120e-05,0.000000
1.135360e-05,0.000000
1.135600e-05,0.000000
1.135840e-05,0.000000
1.136080e-05,0.000000
1.136320e-05,-0.080402
1.136560e-05,0.000000
1.136800e-05,-0.080402
1.137040e-05,0.000000
1.137280e-05,0.000000
1.137520e-05,-0.080402
1.137760e-05,-0.080402
1.138000e-05,-0.080402
1.138240e-05,-0.080402
1.138480e-05,-0.080402
1.138720e-05,-0.080402
1.138960e-05,-0.080402
1.139200e-05,-0.080402
1.139440e-05,-0.080402
1.139680e-05,-0.080402
1.139920e-05,-0.080402
1.140160e-05,-0.080402
1.140400e-05,-0.080402
1.140640e-05,-0.080402
1.140880e-05,-0.080402
1.141120e-05,-0.160804
1.141360e-05,-0.160804
1.141600e-05,-0.080402
1.141840e-05,-0.080402
1.142080e-05,-0.080402
1.142320e-05,-0.080402
1.142560e-05,-0.160804
1.142800e-05,-0.080402
1.143040e-05,-0.080402
1.143280e-05,-0.080402
1.143520e-05,-0.080402
1.143760e-05,-0.080402
1.144000e-05,-0.080402
1.144240e-05,-0.160804
1.144480e-05,-0.160804
1.144720e-05,-0.160804
1.144960e-05,-0.160804
1.145200e-05,-0.160804
1.145440e-05,-0.160804
1.145680e-05,-0.160804
1.145920e-05,-0.160804
1.146160e-05,-0.160804
1.146400e-05,-0.160804
1.146640e-05,-0.160804
1.146880e-05,-0.160804
1.147120e-05,-0.160804
1.147360e-05,-0.160804
1.147600e-05,-0.160804
1.147840e-05,-0.160804
1.148080e-05,-0.160804
1.148320e-05,-0.160804
1.148560e-05,-0.160804
1.148800e-05,-0.160804
1.149040e-05,-0.160804
1.149280e-05,-0.160804
1.149520e-05,-0.160804
1.149760e-05,-0.160804
1.150000e-05,-0.160804
1.150240e-05,-0.160804
1.150480e-05,-0.160804
1.150720e-05,-0.160804
1.150960e-05,-0.160804
1.151200e-05,-0.160804
1.151440e-05,-0.160804
1.151680e-05,-0.160804
1.151920e-05,-0.160804
1.152160e-05,-0.241206
1.152400e-05,-0.241206
1.152640e-05,-0.160804
1.152880e-05,-0.160804
1.153120e-05,-0.160804
1.153360e-05,-0.241206
1.153600e-05,-0.241206
1.153840e-05,-0.241206
1.154080e-05,-0.241206
1.154320e-05,-0.160804
1.154560e-05,-0.241206
1.154800e-05,-0.241206
1.155040e-05,-0.241206
1.155280e-05,-0.241206
1.155520e-05,-0.241206
1.155760e-05,-0.241206
1.156000e-05,-0.241206
1.156240e-05,-0.241206
1.156480e-05,-0.241206
1.156720e-05,-0.241206
1.156960e-05,-0.241206
1.157200e-05,-0.241206
1.157440e-05,-0.241206
1.157680e-05,-0.241206
1.157920e-05,-0.241206
1.158160e-05,-0.241206
1.158400e-05,-0.241206
1.158640e-05,-0.241206
1.158880e-05,-0.241206
1.159120e-05,-0.321608
1.159360e-05,-0.241206
1.159600e-05,-0.321608
1.159840e-05,-0.321608
1.160080e-05,-0.321608
1.160320e-05,-0.321608
1.160560e-05,-0.321608
1.160800e-05,-0.321608
1.161040e-05,-0.321608
1.161280e-05,-0.321608
1.161520e-05,-0.241206
1.161760e-05,-0.321608
1.162000e-05,-0.321608
1.162240e-05,-0.321608
1.162480e-05,-0.321608
1.162720e-05,-0.321608
1.162960e-05,-0.241206
1.163200e-05,-0.321608
1.163440e-05,-0.321608
1.163680e-05,-0.321608
1.163920e-05,-0.321608
1.164160e-05,-0.241206
1.164400e-05,-0.321608
1.164640e-05,-0.321608
1.164880e-05,-0.321608
1.165120e-05,-0.321608
1.165360e-05,-0.321608
1.165600e-05,-0.241206
1.165840e-05,-0.241206
1.166080e-05,-0.321608
1.166320e-05,-0.321608
1.166560e-05,-0.321608
1.166800e-05,-0.321608
1.167040e-05,-0.321608
1.167280e-05,-0.321608
1.167520e-05,-0.321608
1.167760e-05,-0.321608
1.168000e-05,-0.321608
1.168240e-05,-0.321608
1.168480e-05,-0.321608
1.168720e-05,-0.321608
1.168960e-05,-0.321608
1.169200e-05,-0.321608
1.169440e-05,-0.321608
1.169680e-05,-0.321608
1.169920e-05,-0.321608
1.170160e-05,-0.321608
1.170400e-05,-0.321608
1.170640e-05,-0.321608
1.170880e-05,-0.321608
1.171120e-05,-0.321608
1.171360e-05,-0.321608
1.171600e-05,-0.321608
1.171840e-05,-0.321608
1.172080e-05,-0.321608
1.172320e-05,-0.321608
1.172560e-05,-0.321608
1.172800e-05,-0.321608
1.173040e-05,-0.241206
1.173280e-05,-0.241206
1.173520e-05,-0.241206
1.173760e-05,-0.241206
1.174000e-05,-0.241206
1.174240e-05,-0.321608
1.174480e-05,-0.321608
1.174720e-05,-0.321608
1.174960e-05,-0.321608
1.175200e-05,-0.321608
1.175440e-05,-0.321608
1.175680e-05,-0.241206
1.175920e-05,-0.321608
1.176160e-05,-0.321608
1.176400e-05,-0.321608
1.176640e-05,-0.321608
1.176880e-05,-0.321608
1.177120e-05,-0.321608
1.177360e-05,-0.241206
1.177600e-05,-0.241206
1.177840e-05,-0.241206
1.178080e-05,-0.241206
1.178320e-05,-0.321608
1.178560e-05,-0.241206
1.178800e-05,-0.241206
1.179040e-05,-0.241206
1.179280e-05,-0.241206
1.179520e-05,-0.241206
1.179760e-05,-0.241206
1.180000e-05,-0.241206
1.180240e-05,-0.241206
1.180480e-05,-0.241206
1.180720e-05,-0.241206
1.180960e-05,-0.241206
1.181200e-05,-0.241206
1.181440e-05,-0.241206
1.181680e-05,-0.241206
1.181920e-05,-0.241206
1.182160e-05,-0.241206
1.182400e-05,-0.241206
1.182640e-05,-0.241206
1.182880e-05,-0.241206
1.183120e-05,-0.241206
1.183360e-05,-0.241206
1.183600e-05,-0.241206
1.183840e-05,-0.241206
1.184080e-05,-0.241206
1.184320e-05,-0.241206
1.184560e-05,-0.241206
1.184800e-05,-0.241206
1.185040e-05,-0.241206
1.185280e-05,-0.241206
1.185520e-05,-0.241206
1.185760e-05,-0.241206
1.186000e-05,-0.241206
1.186240e-05,-0.241206
1.186480e-05,-0.241206
1.186720e-05,-0.241206
1.186960e-05,-0.241206
1.187200e-05,-0.241206
1.187440e-05,-0.241206
1.187680e-05,-0.241206
1.187920e-05,-0.241206
1.188160e-05,-0.241206
1.188400e-05,-0.241206
1.188640e-05,-0.241206
1.188880e-05,-0.241206
1.189120e-05,-0.241206
1.189360e-05,-0.241206
1.189600e-05,-0.241206
1.189840e-05,-0.160804
1.190080e-05,-0.160804
1.190320e-05,-0.241206
1.190560e-05,-0.241206
1.190800e-05,-0.160804
1.191040e-05,-0.160804
1.191280e-05,-0.160804
1.191520e-05,-0.160804
1.191760e-05,-0.160804
1.192000e-05,-0.160804
1.192240e-05,-0.160804
1.192480e-05,-0.160804
1.192720e-05,-0.160804
1.192960e-05,-0.160804
1.193200e-05,-0.160804
1.193440e-05,-0.160804
1.193680e-05,-0.160804
1.193920e-05,-0.160804
1.194160e-05,-0.160804
1.194400e-05,-0.160804
1.194640e-05,-0.160804
1.194880e-05,-0.160804
1.195120e-05,-0.160804
1.195360e-05,-0.160804
1.195600e-05,-0.160804
1.195840e-05,-0.160804
1.196080e-05,-0.160804
1.196320e-05,-0.160804
1.196560e-05,-0.160804
1.196800e-05,-0.160804
1.197040e-05,-0.160804
1.197280e-05,-0.160804
1.197520e-05,-0.160804
1.197760e-05,-0.160804
1.198000e-05,-0.160804
1.198240e-05,-0.160804
1.198480e-05,-0.160804
1.198720e-05,-0.160804
1.198960e-05,-0.160804
1.199200e-05,-0.160804
1.199440e-05,-0.160804
1.199680e-05,-0.160804
1.199920e-05,-0.080402
1.200160e-05,-0.080402
1.200400e-05,-0.160804
1.200640e-05,-0.160804
1.200880e-05,-0.160804
1.201120e-05,-0.160804
1.201360e-05,-0.160804
1.201600e-05,-0.080402
1.201840e-05,-0.080402
1.202080e-05,-0.160804
1.202320e-05,-0.080402
1.202560e-05,-0.080402
1.202800e-05,-0.160804
1.203040e-05,-0.080402
1.203280e-05,-0.080402
1.203520e-05,-0.080402
1.203760e-05,-0.080402
1.204000e-05,-0.080402
1.204240e-05,-0.080402
1.204480e-05,-0.080402
1.204720e-05,-0.080402
1.204960e-05,-0.080402
1.205200e-05,-0.080402
1.205440e-05,-0.080402
1.205680e-05,-0.080402
1.205920e-05,-0.080402
1.206160e-05,-0.080402
1.206400e-05,-0.080402
1.206640e-05,-0.080402
1.206880e-05,-0.080402
1.207120e-05,-0.080402
1.207360e-05,-0.080402
1.207600e-05,-0.080402
1.207840e-05,-0.080402
1.208080e-05,-0.080402
1.208320e-05,-0.080402
1.208560e-05,-0.080402
1.208800e-05,-0.080402
1.209040e-05,-0.080402
1.209280e-05,-0.080402
1.209520e-05,-0.080402
1.209760e-05,-0.080402
1.210000e-05,-0.080402
1.210240e-05,-0.080402
1.210480e-05,-0.080402
1.210720e-05,-0.080402
1.210960e-05,-0.080402
1.211200e-05,-0.080402
1.211440e-05,-0.080402
1.211680e-05,-0.080402
1.211920e-05,-0.080402
1.212160e-05,0.000000
1.212400e-05,-0.080402
1.212640e-05,-0.080402
1.212880e-05,-0.080402
1.213120e-05,-0.080402
1.213360e-05,0.000000
1.213600e-05,0.000000
1.213840e-05,0.000000
1.214080e-05,0.000000
1.214320e-05,0.000000
1.214560e-05,-0.080402
1.214800e-05,-0.080402
1.215040e-05,-0.080402
1.215280e-05,-0.080402
1.215520e-05,-0.080402
1.215760e-05,-0.080402
1.216000e-05,-0.080402
1.216240e-05,0.000000
1.216480e-05,-0.080402
1.216720e-05,-0.080402
1.216960e-05,-0.080402
1.217200e-05,0.000000
1.217440e-05,0.000000
1.217680e-05,0.000000
1.217920e-05,0.000000
1.218160e-05,0.000000
1.218400e-05,0.000000
1.218640e-05,0.000000
1.218880e-05,0.000000
1.219120e-05,0.000000
1.219360e-05,0.000000
1.219600e-05,0.000000
1.219840e-05,0.000000
1.220080e-05,0.000000
1.220320e-05,0.000000
1.220560e-05,0.000000
1.220800e-05,0.000000
1.221040e-05,0.000000
1.221280e-05,0.000000
1.221520e-05,0.000000
1.221760e-05,0.000000
1.222000e-05,0.000000
1.222240e-05,0.000000
1.222480e-05,0.000000
1.222720e-05,0.000000
1.222960e-05,0.000000
1.223200e-05,0.000000
1.223440e-05,0.000000
1.223680e-05,0.000000
1.223920e-05,0.000000
1.224160e-05,0.000000
1.224400e-05,0.000000
1.224640e-05,0.000000
1.224880e-05,0.000000
1.225120e-05,0.000000
1.225360e-05,0.000000
1.225600e-05,0.000000
1.225840e-05,0.000000
1.226080e-05,0.000000
1.226320e-05,0.000000
1.226560e-05,0.000000
1.226800e-05,0.000000
1.227040e-05,0.000000
1.227280e-05,0.000000
1.227520e-05,0.000000
1.227760e-05,0.000000
1.228000e-05,0.000000
1.228240e-05,0.000000
1.228480e-05,0.000000
1.228720e-05,0.000000
1.228960e-05,0.000000
1.229200e-05,0.000000
1.229440e-05,0.000000
1.229680e-05,0.000000
1.229920e-05,0.000000
1.230160e-05,0.000000
1.230400e-05,0.000000
1.230640e-05,0.000000
1.230880e-05,0.000000
1.231120e-05,0.080402
1.231360e-05,0.080402
1.231600e-05,0.000000
1.231840e-05,0.000000
1.232080e-05,0.000000
1.232320e-05,0.000000
1.232560e-05,0.000000
1.232800e-05,0.000000
1.233040e-05,0.000000
1.233280e-05,0.000000
1.233520e-05,0.000000
1.233760e-05,0.000000
1.234000e-05,0.000000
1.234240e-05,0.000000
1.234480e-05,0.000000
1.234720e-05,0.000000
1.234960e-05,0.000000
1.235200e-05,0.000000
1.235440e-05,0.000000
1.235680e-05,0.000000
1.235920e-05,0.000000
1.236160e-05,0.000000
1.236400e-05,0.000000
1.236640e-05,0.000000
1.236880e-05,0.000000
1.237120e-05,0.080402
1.237360e-05,0.000000
1.237600e-05,0.000000
1.237840e-05,0.000000
1.238080e-05,0.000000
1.238320e-05,0.000000
1.238560e-05,0.000000
1.238800e-05,0.000000
1.239040e-05,0.000000
1.239280e-05,0.080402
1.239520e-05,0.000000
1.239760e-05,0.000000
1.240000e-05,0.080402
1.240240e-05,0.000000
1.240480e-05,0.000000
1.240720e-05,0.000000
1.240960e-05,0.000000
1.241200e-05,0.000000
1.241440e-05,0.000000
1.241680e-05,0.000000
1.241920e-05,0.000000
1.242160e-05,0.000000
1.242400e-05,0.000000
1.242640e-05,0.000000
1.242880e-05,0.000000
1.243120e-05,0.000000
1.243360e-05,0.000000
1.243600e-05,0.000000
1.243840e-05,0.000000
1.244080e-05,0.000000
1.244320e-05,0.000000
1.244560e-05,0.000000
1.244800e-05,0.000000
1.245040e-05,0.000000
1.245280e-05,0.000000
1.245520e-05,0.000000
1.245760e-05,0.000000
1.246000e-05,0.000000
1.246240e-05,0.000000
1.246480e-05,0.000000
1.246720e-05,0.000000
1.246960e-05,0.000000
1.247200e-05,0.000000
1.247440e-05,0.000000
1.247680e-05,0.000000
1.247920e-05,0.000000
1.248160e-05,0.000000
1.248400e-05,0.000000
1.248640e-05,0.000000
1.248880e-05,0.000000
1.249120e-05,0.000000
1.249360e-05,0.000000
1.249600e-05,0.000000
1.249840e-05,0.000000
1.250080e-05,0.000000
1.250320e-05,0.000000
1.250560e-05,0.000000
1.250800e-05,0.000000
1.251040e-05,0.000000
1.251280e-05,0.000000
1.251520e-05,0.000000
1.251760e-05,0.000000
1.252000e-05,0.000000
1.252240e-05,0.000000
1.252480e-05,0.000000
1.252720e-05,0.000000
1.252960e-05,0.000000
1.253200e-05,0.000000
1.253440e-05,0.000000
1.253680e-05,0.000000
1.253920e-05,0.000000
1.254160e-05,0.000000
1.254400e-05,0.000000
1.254640e-05,0.000000
1.254880e-05,0.000000
1.255120e-05,-0.080402
1.255360e-05,0.000000
1.255600e-05,0.000000
1.255840e-05,0.000000
1.256080e-05,0.000000
1.256320e-05,0.000000
1.256560e-05,0.000000
1.256800e-05,-0.080402
1.257040e-05,-0.080402
1.257280e-05,0.000000
1.257520e-05,0.000000
1.257760e-05,0.000000
1.258000e-05,0.000000
1.258240e-05,-0.080402
1.258480e-05,0.000000
1.258720e-05,0.000000
1.258960e-05,0.000000
1.259200e-05,0.000000
1.259440e-05,0.000000
1.259680e-05,0.000000
1.259920e-05,-0.080402
1.260160e-05,-0.080402
1.260400e-05,-0.080402
1.260640e-05,0.000000
1.260880e-05,0.000000
1.261120e-05,-0.080402
1.261360e-05,-0.080402
1.261600e-05,-0.080402
1.261840e-05,-0.080402
1.262080e-05,-0.080402
1.262320e-05,0.000000
1.262560e-05,-0.080402
1.262800e-05,-0.080402
1.263040e-05,-0.080402
1.263280e-05,-0.080402
1.263520e-05,-0.080402
1.263760e-05,-0.080402
1.264000e-05,-0.080402
1.264240e-05,-0.080402
1.264480e-05,-0.080402
1.264720e-05,-0.080402
1.264960e-05,-0.080402
1.265200e-05,-0.080402
1.265440e-05,-0.080402
1.265680e-05,-0.080402
1.265920e-05,-0.080402
1.266160e-05,-0.080402
1.266400e-05,-0.080402
1.266640e-05,-0.080402
1.266880e-05,-0.080402
1.267120e-05,-0.080402
1.267360e-05,-0.080402
1.267600e-05,-0.080402
1.267840e-05,-0.080402
1.268080e-05,-0.080402
1.268320e-05,-0.080402
1.268560e-05,-0.080402
1.268800e-05,-0.080402
1.269040e-05,-0.080402
1.269280e-05,-0.080402
1.269520e-05,-0.080402
1.269760e-05,-0.080402
1.270000e-05,-0.080402
1.270240e-05,-0.080402
1.270480e-05,-0.080402
1.270720e-05,-0.080402
1.270960e-05,-0.080402
1.271200e-05,-0.080402
1.271440e-05,-0.080402
1.271680e-05,-0.080402
1.271920e-05,-0.080402
1.272160e-05,-0.080402
1.272400e-05,-0.080402
1.272640e-05,-0.080402
1.272880e-05,-0.080402
1.273120e-05,-0.080402
1.273360e-05,-0.080402
1.273600e-05,-0.080402
1.273840e-05,-0.080402
1.274080e-05,-0.080402
1.274320e-05,-0.080402
1.274560e-05,-0.080402
1.274800e-05,-0.080402
1.275040e-05,-0.080402
1.275280e-05,-0.080402
1.275520e-05,-0.080402
1.275760e-05,-0.080402
1.276000e-05,-0.080402
1.276240e-05,-0.080402
1.276480e-05,-0.080402
1.276720e-05,-0.080402
1.276960e-05,-0.080402
1.277200e-05,-0.080402
1.277440e-05,-0.080402
1.277680e-05,-0.080402
1.277920e-05,-0.080402
1.278160e-05,-0.080402
1.278400e-05,-0.080402
1.278640e-05,-0.080402
1.278880e-05,-0.080402
1.279120e-05,-0.080402
1.279360e-05,-0.160804
1.279600e-05,-0.080402
1.279840e-05,-0.080402
1.280080e-05,-0.080402
1.280320e-05,-0.080402
1.280560e-05,-0.080402
1.280800e-05,-0.080402
1.281040e-05,-0.080402
1.281280e-05,-0.160804
1.281520e-05,-0.160804
1.281760e-05,-0.160804
1.282000e-05,-0.080402
1.282240e-05,-0.080402
1.282480e-05,-0.080402
1.282720e-05,-0.160804
1.282960e-05,-0.080402
1.283200e-05,-0.160804
1.283440e-05,-0.160804
1.283680e-05,-0.160804
1.283920e-05,-0.160804
1.284160e-05,-0.160804
1.284400e-05,-0.160804
1.284640e-05,-0.080402
1.284880e-05,-0.160804
1.285120e-05,-0.160804
1.285360e-05,-0.160804
1.285600e-05,-0.160804
1.285840e-05,-0.160804
1.286080e-05,-0.160804
1.286320e-05,-0.080402
1.286560e-05,-0.160804
1.286800e-05,-0.080402
1.287040e-05,-0.160804
1.287280e-05,-0.160804
1.287520e-05,-0.160804
1.287760e-05,-0.080402
1.288000e-05,-0.160804
1.288240e-05,-0.080402
1.288480e-05,-0.080402
1.288720e-05,-0.160804
1.288960e-05,-0.160804
1.289200e-05,-0.160804
1.289440e-05,-0.160804
1.289680e-05,-0.160804
1.289920e-05,-0.080402
1.290160e-05,-0.080402
1.290400e-05,-0.080402
1.290640e-05,-0.080402
1.290880e-05,-0.080402
1.291120e-05,-0.080402
1.291360e-05,-0.160804
1.291600e-05,-0.080402
1.291840e-05,-0.080402
1.292080e-05,-0.080402
1.292320e-05,-0.080402
1.292560e-05,-0.080402
1.292800e-05,-0.160804
1.293040e-05,-0.160804
1.293280e-05,-0.080402
1.293520e-05,-0.080402
1.293760e-05,-0.080402
1.294000e-05,-0.080402
1.294240e-05,-0.080402
1.294480e-05,-0.160804
1.294720e-05,-0.080402
1.294960e-05,-0.080402
1.295200e-05,-0.080402
1.295440e-05,-0.080402
1.295680e-05,-0.080402
1.295920e-05,-0.080402
1.296160e-05,-0.080402
1.296400e-05,-0.080402
1.296640e-05,-0.080402
1.296880e-05,-0.160804
1.297120e-05,-0.160804
1.297360e-05,-0.080402
1.297600e-05,-0.080402
1.297840e-05,-0.080402
1.298080e-05,-0.080402
1.298320e-05,-0.080402
1.298560e-05,-0.080402
1.298800e-05,-0.080402
1.299040e-05,-0.080402
1.299280e-05,-0.080402
1.299520e-05,-0.080402
1.299760e-05,-0.080402
1.300000e-05,-0.080402
1.300240e-05,-0.080402
1.300480e-05,-0.080402
1.300720e-05,-0.160804
1.300960e-05,-0.080402
1.301200e-05,-0.080402
1.301440e-05,-0.080402
1.301680e-05,-0.080402
1.301920e-05,-0.080402
1.302160e-05,-0.160804
1.302400e-05,-0.080402
1.302640e-05,-0.160804
1.302880e-05,-0.160804
1.303120e-05,-0.160804
1.303360e-05,-0.160804
1.303600e-05,-0.080402
1.303840e-05,-0.160804
1.304080e-05,-0.160804
1.304320e-05,-0.080402
1.304560e-05,-0.160804
1.304800e-05,-0.160804
1.305040e-05,-0.160804
1.305280e-05,-0.160804
1.305520e-05,-0.080402
1.305760e-05,-0.080402
1.306000e-05,-0.160804
1.306240e-05,-0.160804
1.306480e-05,-0.160804
1.306720e-05,-0.160804
1.306960e-05,-0.160804
1.307200e-05,-0.160804
1.307440e-05,-0.160804
1.307680e-05,-0.080402
1.307920e-05,-0.160804
1.308160e-05,-0.160804
1.308400e-05,-0.160804
1.308640e-05,-0.160804
1.308880e-05,-0.160804
1.309120e-05,-0.160804
1.309360e-05,-0.160804
1.309600e-05,-0.160804
1.309840e-05,-0.160804
1.310080e-05,-0.160804
1.310320e-05,-0.160804
1.310560e-05,-0.160804
1.310800e-05,-0.160804
1.311040e-05,-0.160804
1.311280e-05,-0.080402
1.311520e-05,-0.080402
1.311760e-05,-0.080402
1.312000e-05,-0.160804
1.312240e-05,-0.160804
1.312480e-05,-0.160804
1.312720e-05,-0.160804
1.312960e-05,-0.160804
1.313200e-05,-0.160804
1.313440e-05,-0.160804
1.313680e-05,-0.160804
1.313920e-05,-0.160804
1.314160e-05,-0.160804
1.314400e-05,-0.160804
1.314640e-05,-0.160804
1.314880e-05,-0.080402
1.315120e-05,-0.160804
1.315360e-05,-0.160804
1.315600e-05,-0.160804
1.315840e-05,-0.160804
1.316080e-05,-0.160804
1.316320e-05,-0.160804
1.316560e-05,-0.080402
1.316800e-05,-0.160804
1.317040e-05,-0.160804
1.317280e-05,-0.160804
1.317520e-05,-0.160804
1.317760e-05,-0.160804
1.318000e-05,-0.160804
1.318240e-05,-0.160804
1.318480e-05,-0.160804
1.318720e-05,-0.160804
1.318960e-05,-0.160804
1.319200e-05,-0.160804
1.319440e-05,-0.160804
1.319680e-05,-0.160804
1.319920e-05,-0.160804
1.320160e-05,-0.160804
1.320400e-05,-0.160804
1.320640e-05,-0.160804
1.320880e-05,-0.160804
1.321120e-05,-0.160804
1.321360e-05,-0.160804
1.321600e-05,-0.160804
1.321840e-05,-0.160804
1.322080e-05,-0.160804
1.322320e-05,-0.160804
1.322560e-05,-0.160804
1.322800e-05,-0.160804
1.323040e-05,-0.160804
1.323280e-05,-0.160804
1.323520e-05,-0.160804
1.323760e-05,-0.160804
1.324000e-05,-0.160804
1.324240e-05,-0.160804
1.324480e-05,-0.160804
1.324720e-05,-0.160804
1.324960e-05,-0.160804
1.325200e-05,-0.160804
1.325440e-05,-0.160804
1.325680e-05,-0.160804
1.325920e-05,-0.160804
1.326160e-05,-0.160804
1.326400e-05,-0.160804
1.326640e-05,-0.160804
1.326880e-05,-0.160804
1.327120e-05,-0.160804
1.327360e-05,-0.160804
1.327600e-05,-0.160804
1.327840e-05,-0.160804
1.328080e-05,-0.160804
1.328320e-05,-0.160804
1.328560e-05,-0.241206
1.328800e-05,-0.241206
1.329040e-05,-0.160804
1.329280e-05,-0.160804
1.329520e-05,-0.160804
1.329760e-05,-0.160804
1.330000e-05,-0.160804
1.330240e-05,-0.241206
1.330480e-05,-0.160804
1.330720e-05,-0.160804
1.330960e-05,-0.160804
1.331200e-05,-0.160804
1.331440e-05,-0.160804
1.331680e-05,-0.160804
1.331920e-05,-0.160804
1.332160e-05,-0.160804
1.332400e-05,-0.160804
1.332640e-05,-0.160804
1.332880e-05,-0.160804
1.333120e-05,-0.160804
1.333360e-05,-0.241206
1.333600e-05,-0.241206
1.333840e-05,-0.160804
1.334080e-05,-0.160804
1.334320e-05,-0.160804
1.334560e-05,-0.160804
1.334800e-05,-0.160804
1.335040e-05,-0.160804
1.335280e-05,-0.160804
1.335520e-05,-0.160804
1.335760e-05,-0.160804
1.336000e-05,-0.160804
1.336240e-05,-0.241206
1.336480e-05,-0.241206
1.336720e-05,-0.241206
1.336960e-05,-0.241206
1.337200e-05,-0.160804
1.337440e-05,-0.241206
1.337680e-05,-0.241206
1.337920e-05,-0.241206
1.338160e-05,-0.241206
1.338400e-05,-0.241206
1.338640e-05,-0.241206
1.338880e-05,-0.241206
1.339120e-05,-0.241206
1.339360e-05,-0.160804
1.339600e-05,-0.241206
1.339840e-05,-0.241206
1.340080e-05,-0.241206
1.340320e-05,-0.241206
1.340560e-05,-0.160804
1.340800e-05,-0.241206
1.341040e-05,-0.241206
1.341280e-05,-0.241206
1.341520e-05,-0.241206
1.341760e-05,-0.241206
1.342000e-05,-0.241206
1.342240e-05,-0.241206
1.342480e-05,-0.241206
1.342720e-05,-0.241206
1.342960e-05,-0.241206
1.343200e-05,-0.241206
1.343440e-05,-0.160804
1.343680e-05,-0.241206
1.343920e-05,-0.241206
1.344160e-05,-0.241206
1.344400e-05,-0.241206
1.344640e-05,-0.241206
1.344880e-05,-0.241206
1.345120e-05,-0.241206
1.345360e-05,-0.241206
1.345600e-05,-0.160804
1.345840e-05,-0.160804
1.346080e-05,-0.160804
1.346320e-05,-0.160804
1.346560e-05,-0.241206
1.346800e-05,-0.241206
1.347040e-05,-0.160804
1.347280e-05,-0.241206
1.347520e-05,-0.241206
1.347760e-05,-0.160804
1.348000e-05,-0.241206
1.348240e-05,-0.241206
1.348480e-05,-0.241206
1.348720e-05,-0.241206
1.348960e-05,-0.241206
1.349200e-05,-0.160804
1.349440e-05,-0.160804
1.349680e-05,-0.160804
1.349920e-05,-0.241206
1.350160e-05,-0.160804
1.350400e-05,-0.241206
1.350640e-05,-0.241206
1.350880e-05,-0.241206
1.351120e-05,-0.241206
1.351360e-05,-0.241206
1.351600e-05,-0.241206
1.351840e-05,-0.241206
1.352080e-05,-0.241206
1.352320e-05,-0.160804
1.352560e-05,-0.160804
1.352800e-05,-0.160804
1.353040e-05,-0.241206
1.353280e-05,-0.241206
1.353520e-05,-0.241206
1.353760e-05,-0.241206
1.354000e-05,-0.241206
1.354240e-05,-0.160804
1.354480e-05,-0.241206
1.354720e-05,-0.241206
1.354960e-05,-0.241206
1.355200e-05,-0.160804
1.355440e-05,-0.160804
1.355680e-05,-0.160804
1.355920e-05,-0.241206
1.356160e-05,-0.241206
1.356400e-05,-0.241206
1.356640e-05,-0.160804
1.356880e-05,-0.160804
1.357120e-05,-0.241206
1.357360e-05,-0.160804
1.357600e-05,-0.160804
1.357840e-05,-0.160804
1.358080e-05,-0.160804
1.358320e-05,-0.160804
1.358560e-05,-0.160804
1.358800e-05,-0.160804
1.359040e-05,-0.160804
1.359280e-05,-0.160804
1.359520e-05,-0.160804
1.359760e-05,-0.160804
1.360000e-05,-0.160804
1.360240e-05,-0.160804
1.360480e-05,-0.160804
1.360720e-05,-0.160804
1.360960e-05,-0.160804
1.361200e-05,-0.160804
1.361440e-05,-0.160804
1.361680e-05,-0.160804
1.361920e-05,-0.160804
1.362160e-05,-0.160804
1.362400e-05,-0.160804
1.362640e-05,-0.160804
1.362880e-05,-0.160804
1.363120e-05,-0.160804
1.363360e-05,-0.160804
1.363600e-05,-0.160804
1.363840e-05,-0.160804
1.364080e-05,-0.160804
1.364320e-05,-0.160804
1.364560e-05,-0.160804
1.364800e-05,-0.160804
1.365040e-05,-0.160804
1.365280e-05,-0.160804
1.365520e-05,-0.160804
1.365760e-05,-0.160804
1.366000e-05,-0.160804
1.366240e-05,-0.160804
1.366480e-05,-0.160804
1.366720e-05,-0.080402
1.366960e-05,-0.080402
1.367200e-05,-0.080402
1.367440e-05,-0.160804
1.367680e-05,-0.080402
1.367920e-05,-0.080402
1.368160e-05,-0.080402
1.368400e-05,-0.160804
1.368640e-05,-0.160804
1.368880e-05,-0.080402
1.369120e-05,-0.080402
1.369360e-05,-0.160804
1.369600e-05,-0.080402
1.369840e-05,-0.080402
1.370080e-05,-0.080402
1.370320e-05,-0.080402
1.370560e-05,-0.080402
1.370800e-05,-0.080402
1.371040e-05,-0.080402
1.371280e-05,-0.160804
1.371520e-05,-0.080402
1.371760e-05,-0.080402
1.372000e-05,-0.080402
1.372240e-05,-0.080402
1.372480e-05,-0.080402
1.372720e-05,-0.080402
1.372960e-05,0.000000
1.373200e-05,-0.080402
1.373440e-05,-0.080402
1.373680e-05,-0.080402
1.373920e-05,-0.080402
1.374160e-05,-0.080402
1.374400e-05,0.000000
1.374640e-05,0.000000
1.374880e-05,0.000000
1.375120e-05,0.000000
1.375360e-05,0.000000
1.375600e-05,0.000000
1.375840e-05,0.000000
1.376080e-05,0.000000
1.376320e-05,0.000000
1.376560e-05,0.000000
1.376800e-05,0.000000
1.377040e-05,0.000000
1.377280e-05,0.000000
1.377520e-05,0.000000
1.377760e-05,0.000000
1.378000e-05,0.000000
1.378240e-05,0.000000
1.378480e-05,0.000000
1.378720e-05,0.000000
1.378960e-05,0.000000
1.379200e-05,0.000000
1.379440e-05,0.000000
1.379680e-05,0.000000
1.379920e-05,0.000000
1.380160e-05,0.000000
1.380400e-05,0.000000
1.380640e-05,0.000000
1.380880e-05,0.000000
1.381120e-05,0.000000
1.381360e-05,0.000000
1.381600e-05,0.000000
1.381840e-05,0.000000
1.382080e-05,0.000000
1.382320e-05,0.000000
1.382560e-05,0.000000
1.382800e-05,0.000000
1.383040e-05,0.000000
1.383280e-05,0.080402
1.383520e-05,0.080402
1.383760e-05,0.000000
1.384000e-05,0.000000
1.384240e-05,0.000000
1.384480e-05,0.000000
1.384720e-05,0.000000
1.384960e-05,0.000000
1.385200e-05,0.000000
1.385440e-05,0.000000
1.385680e-05,0.000000
1.385920e-05,0.000000
1.386160e-05,0.000000
1.386400e-05,0.000000
1.386640e-05,0.000000
1.386880e-05,0.000000
1.387120e-05,0.000000
1.387360e-05,0.000000
1.387600e-05,0.000000
1.387840e-05,0.000000
1.388080e-05,0.000000
1.388320e-05,0.000000
1.388560e-05,0.080402
1.388800e-05,0.000000
1.389040e-05,0.000000
1.389280e-05,0.000000
1.389520e-05,0.000000
1.389760e-05,0.080402
1.390000e-05,0.080402
1.390240e-05,0.080402
1.390480e-05,0.080402
1.390720e-05,0.080402
1.390960e-05,0.000000
1.391200e-05,0.000000
1.391440e-05,0.080402
1.391680e-05,0.080402
1.391920e-05,0.000000
1.392160e-05,0.080402
1.392400e-05,0.080402
1.392640e-05,0.080402
1.392880e-05,0.080402
1.393120e-05,0.080402
1.393360e-05,0.080402
1.393600e-05,0.080402
1.393840e-05,0.080402
1.394080e-05,0.080402
1.394320e-05,0.080402
1.394560e-05,0.080402
1.394800e-05,0.080402
1.395040e-05,0.080402
1.395280e-05,0.080402
1.395520e-05,0.080402
1.395760e-05,0.080402
1.396000e-05,0.080402
1.396240e-05,0.080402
1.396480e-05,0.080402
1.396720e-05,0.080402
1.396960e-05,0.080402
1.397200e-05,0.080402
1.397440e-05,0.080402
1.397680e-05,0.080402
1.397920e-05,0.080402
1.398160e-05,0.080402
1.398400e-05,0.080402
1.398640e-05,0.080402
1.398880e-05,0.080402
1.399120e-05,0.080402
1.399360e-05,0.080402
1.399600e-05,0.080402
1.399840e-05,0.080402
1.400080e-05,0.080402
1.400320e-05,0.080402
1.400560e-05,0.080402
1.400800e-05,0.080402
1.401040e-05,0.080402
1.401280e-05,0.080402
1.401520e-05,0.080402
1.401760e-05,0.080402
1.402000e-05,0.080402
1.402240e-05,0.080402
1.402480e-05,0.080402
1.402720e-05,0.080402
1.402960e-05,0.080402
1.403200e-05,0.080402
1.403440e-05,0.080402
1.403680e-05,0.080402
1.403920e-05,0.080402
1.404160e-05,0.080402
1.404400e-05,0.080402
1.404640e-05,0.080402
1.404880e-05,0.080402
1.405120e-05,0.080402
1.405360e-05,0.080402
1.405600e-05,0.080402
1.405840e-05,0.080402
1.406080e-05,0.080402
1.406320e-05,0.080402
1.406560e-05,0.080402
1.406800e-05,0.080402
1.407040e-05,0.080402
1.407280e-05,0.080402
1.407520e-05,0.080402
1.407760e-05,0.080402
1.408000e-05,0.080402
1.408240e-05,0.080402
1.408480e-05,0.080402
1.408720e-05,0.080402
1.408960e-05,0.080402
1.409200e-05,0.080402
1.409440e-05,0.080402
1.409680e-05,0.080402
1.409920e-05,0.080402
1.410160e-05,0.080402
1.410400e-05,0.080402
1.410640e-05,0.080402
1.410880e-05,0.080402
1.411120e-05,0.080402
1.411360e-05,0.080402
1.411600e-05,0.080402
1.411840e-05,0.080402
1.412080e-05,0.080402
1.412320e-05,0.000000
1.412560e-05,0.080402
1.412800e-05,0.080402
1.413040e-05,0.080402
1.413280e-05,0.080402
1.413520e-05,0.080402
1.413760e-05,0.080402
1.414000e-05,0.000000
1.414240e-05,0.080402
1.414480e-05,0.000000
1.414720e-05,0.000000
1.414960e-05,0.080402
1.415200e-05,0.000000
1.415440e-05,0.080402
1.415680e-05,0.080402
1.415920e-05,0.080402
1.416160e-05,0.080402
1.416400e-05,0.080402
1.416640e-05,0.080402
1.416880e-05,0.080402
1.417120e-05,0.080402
1.417360e-05,0.000000
1.417600e-05,0.000000
1.417840e-05,0.000000
1.418080e-05,0.000000
1.418320e-05,0.000000
1.418560e-05,0.000000
1.418800e-05,0.000000
1.419040e-05,0.000000
1.419280e-05,0.000000
1.419520e-05,0.000000
1.419760e-05,0.000000
1.420000e-05,0.000000
1.420240e-05,0.000000
1.420480e-05,0.000000
1.420720e-05,0.000000
1.420960e-05,0.000000
1.421200e-05,0.000000
1.421440e-05,0.000000
1.421680e-05,0.000000
1.421920e-05,0.000000
1.422160e-05,0.000000
1.422400e-05,0.000000
1.422640e-05,0.000000
1.422880e-05,0.000000
1.423120e-05,-0.080402
1.423360e-05,0.000000
1.423600e-05,0.000000
1.423840e-05,-0.080402
1.424080e-05,0.000000
1.424320e-05,-0.080402
1.424560e-05,-0.080402
1.424800e-05,-0.080402
1.425040e-05,-0.080402
1.425280e-05,-0.080402
1.425520e-05,-0.080402
1.425760e-05,-0.080402
1.426000e-05,-0.080402
1.426240e-05,-0.080402
1.426480e-05,-0.080402
1.426720e-05,-0.080402
1.426960e-05,-0.080402
1.427200e-05,-0.080402
1.427440e-05,-0.080402
1.427680e-05,-0.080402
1.427920e-05,-0.080402
1.428160e-05,-0.080402
1.428400e-05,-0.080402
1.428640e-05,-0.080402
1.428880e-05,-0.080402
1.429120e-05,-0.080402
1.429360e-05,-0.080402
1.429600e-05,-0.080402
1.429840e-05,-0.080402
1.430080e-05,-0.080402
1.430320e-05,-0.080402
1.430560e-05,-0.080402
1.430800e-05,-0.160804
1.431040e-05,-0.160804
1.431280e-05,-0.160804
1.431520e-05,-0.080402
1.431760e-05,-0.160804
1.432000e-05,-0.080402
1.432240e-05,-0.080402
1.432480e-05,-0.160804
1.432720e-05,-0.160804
1.432960e-05,-0.160804
1.433200e-05,-0.160804
1.433440e-05,-0.160804
1.433680e-05,-0.160804
1.433920e-05,-0.160804
1.434160e-05,-0.160804
1.434400e-05,-0.160804
1.434640e-05,-0.160804
1.434880e-05,-0.160804
1.435120e-05,-0.160804
1.435360e-05,-0.160804
1.435600e-05,-0.160804
1.435840e-05,-0.160804
1.436080e-05,-0.160804
1.436320e-05,-0.160804
1.436560e-05,-0.160804
1.436800e-05,-0.160804
1.437040e-05,-0.160804
1.437280e-05,-0.160804
1.437520e-05,-0.160804
1.437760e-05,-0.160804
1.438000e-05,-0.160804
1.438240e-05,-0.160804
1.438480e-05,-0.241206
1.438720e-05,-0.241206
1.438960e-05,-0.160804
1.439200e-05,-0.160804
1.439440e-05,-0.160804
1.439680e-05,-0.160804
1.439920e-05,-0.160804
1.440160e-05,-0.241206
1.440400e-05,-0.160804
1.440640e-05,-0.241206
1.440880e-05,-0.241206
1.441120e-05,-0.160804
1.441360e-05,-0.241206
1.441600e-05,-0.241206
1.441840e-05,-0.160804
1.442080e-05,-0.160804
1.442320e-05,-0.160804
1.442560e-05,-0.160804
1.442800e-05,-0.241206
1.443040e-05,-0.241206
1.443280e-05,-0.241206
1.443520e-05,-0.241206
1.443760e-05,-0.241206
1.444000e-05,-0.160804
1.444240e-05,-0.241206
1.444480e-05,-0.241206
1.444720e-05,-0.241206
1.444960e-05,-0.241206
1.445200e-05,-0.241206
1.445440e-05,-0.241206
1.445680e-05,-0.241206
1.445920e-05,-0.241206
1.446160e-05,-0.241206
1.446400e-05,-0.241206
1.446640e-05,-0.241206
1.446880e-05,-0.241206
1.447120e-05,-0.241206
1.447360e-05,-0.241206
1.447600e-05,-0.241206
1.447840e-05,-0.241206
1.448080e-05,-0.241206
1.448320e-05,-0.241206
1.448560e-05,-0.241206
1.448800e-05,-0.241206
1.449040e-05,-0.241206
1.449280e-05,-0.241206
1.449520e-05,-0.241206
1.449760e-05,-0.241206
1.450000e-05,-0.241206
1.450240e-05,-0.241206
1.450480e-05,-0.241206
1.450720e-05,-0.241206
1.450960e-05,-0.241206
1.451200e-05,-0.241206
1.451440e-05,-0.241206
1.451680e-05,-0.241206
1.451920e-05,-0.241206
1.452160e-05,-0.241206
1.452400e-05,-0.241206
1.452640e-05,-0.241206
1.452880e-05,-0.241206
1.453120e-05,-0.241206
1.453360e-05,-0.241206
1.453600e-05,-0.241206
1.453840e-05,-0.321608
1.454080e-05,-0.241206
1.454320e-05,-0.241206
1.454560e-05,-0.241206
1.454800e-05,-0.241206
1.455040e-05,-0.241206
1.455280e-05,-0.241206
1.455520e-05,-0.241206
1.455760e-05,-0.241206
1.456000e-05,-0.241206
1.456240e-05,-0.241206
1.456480e-05,-0.241206
1.456720e-05,-0.321608
1.456960e-05,-0.241206
1.457200e-05,-0.241206
1.457440e-05,-0.241206
1.457680e-05,-0.241206
1.457920e-05,-0.241206
1.458160e-05,-0.241206
1.458400e-05,-0.241206
1.458640e-05,-0.241206
1.458880e-05,-0.241206
1.459120e-05,-0.241206
1.459360e-05,-0.241206
1.459600e-05,-0.241206
1.459840e-05,-0.241206
1.460080e-05,-0.241206
1.460320e-05,-0.321608
1.460560e-05,-0.241206
1.460800e-05,-0.241206
1.461040e-05,-0.241206
1.461280e-05,-0.241206
1.461520e-05,-0.241206
1.461760e-05,-0.241206
1.462000e-05,-0.241206
1.462240e-05,-0.241206
1.462480e-05,-0.241206
1.462720e-05,-0.241206
1.462960e-05,-0.241206
1.463200e-05,-0.241206
1.463440e-05,-0.241206
1.463680e-05,-0.241206
1.463920e-05,-0.241206
1.464160e-05,-0.241206
1.464400e-05,-0.241206
1.464640e-05,-0.241206
1.464880e-05,-0.241206
1.465120e-05,-0.241206
1.465360e-05,-0.241206
1.465600e-05,-0.241206
1.465840e-05,-0.241206
1.466080e-05,-0.241206
1.466320e-05,-0.241206
1.466560e-05,-0.241206
1.466800e-05,-0.241206
1.467040e-05,-0.241206
1.467280e-05,-0.241206
1.467520e-05,-0.241206
1.467760e-05,-0.241206
1.468000e-05,-0.241206
1.468240e-05,-0.241206
1.468480e-05,-0.241206
1.468720e-05,-0.241206
1.468960e-05,-0.241206
1.469200e-05,-0.241206
1.469440e-05,-0.241206
1.469680e-05,-0.241206
1.469920e-05,-0.241206
1.470160e-05,-0.241206
1.470400e-05,-0.241206
1.470640e-05,-0.241206
1.470880e-05,-0.241206
1.471120e-05,-0.241206
1.471360e-05,-0.241206
1.471600e-05,-0.241206
1.471840e-05,-0.241206
1.472080e-05,-0.241206
1.472320e-05,-0.241206
1.472560e-05,-0.160804
1.472800e-05,-0.160804
1.473040e-05,-0.241206
1.473280e-05,-0.241206
1.473520e-05,-0.241206
1.473760e-05,-0.160804
1.474000e-05,-0.160804
1.474240e-05,-0.241206
1.474480e-05,-0.241206
1.474720e-05,-0.160804
1.474960e-05,-0.160804
1.475200e-05,-0.160804
1.475440e-05,-0.160804
1.475680e-05,-0.160804
1.475920e-05,-0.160804
1.476160e-05,-0.160804
1.476400e-05,-0.160804
1.476640e-05,-0.160804
1.476880e-05,-0.160804
1.477120e-05,-0.160804
1.477360e-05,-0.241206
1.477600e-05,-0.160804
1.477840e-05,-0.160804
1.478080e-05,-0.160804
1.478320e-05,-0.160804
1.478560e-05,-0.160804
1.478800e-05,-0.160804
1.479040e-05,-0.160804
1.479280e-05,-0.160804
1.479520e-05,-0.160804
1.479760e-05,-0.160804
1.480000e-05,-0.160804
1.480240e-05,-0.160804
1.480480e-05,-0.160804
1.480720e-05,-0.160804
1.480960e-05,-0.160804
1.481200e-05,-0.160804
1.481440e-05,-0.160804
1.481680e-05,-0.160804
1.481920e-05,-0.160804
1.482160e-05,-0.160804
1.482400e-05,-0.160804
1.482640e-05,-0.160804
1.482880e-05,-0.160804
1.483120e-05,-0.160804
1.483360e-05,-0.160804
1.483600e-05,-0.160804
1.483840e-05,-0.160804
1.484080e-05,-0.160804
1.484320e-05,-0.160804
1.484560e-05,-0.160804
1.484800e-05,-0.160804
1.485040e-05,-0.160804
1.485280e-05,-0.160804
1.485520e-05,-0.160804
1.485760e-05,-0.160804
1.486000e-05,-0.160804
1.486240e-05,-0.160804
1.486480e-05,-0.160804
1.486720e-05,-0.080402
1.486960e-05,-0.080402
1.487200e-05,-0.080402
1.487440e-05,-0.080402
1.487680e-05,-0.080402
1.487920e-05,-0.080402
1.488160e-05,-0.080402
1.488400e-05,-0.080402
1.488640e-05,-0.080402
1.488880e-05,-0.080402
1.489120e-05,-0.160804
1.489360e-05,-0.080402
1.489600e-05,-0.080402
1.489840e-05,-0.080402
1.490080e-05,-0.080402
1.490320e-05,-0.080402
1.490560e-05,-0.080402
1.490800e-05,-0.080402
1.491040e-05,-0.080402
1.491280e-05,-0.080402
1.491520e-05,-0.080402
1.491760e-05,-0.080402
1.492000e-05,-0.080402
1.492240e-05,-0.080402
1.492480e-05,-0.080402
1.492720e-05,-0.080402
1.492960e-05,-0.080402
1.493200e-05,-0.080402
1.493440e-05,-0.080402
1.493680e-05,-0.080402
1.493920e-05,0.000000
1.494160e-05,-0.080402
1.494400e-05,-0.080402
1.494640e-05,-0.080402
1.494880e-05,-0.080402
1.495120e-05,0.000000
1.495360e-05,0.000000
1.495600e-05,-0.080402
1.495840e-05,-0.080402
1.496080e-05,-0.080402
1.496320e-05,-0.080402
1.496560e-05,0.000000
1.496800e-05,-0.080402
1.497040e-05,0.000000
1.497280e-05,-0.080402
1.497520e-05,-0.080402
1.497760e-05,-0.080402
1.498000e-05,0.000000
1.498240e-05,-0.080402
1.498480e-05,-0.080402
1.498720e-05,-0.080402
1.498960e-05,-0.080402
1.499200e-05,0.000000
1.499440e-05,0.000000
1.499680e-05,0.000000
1.499920e-05,0.000000
1.500160e-05,0.000000
1.500400e-05,0.000000
1.500640e-05,0.000000
1.500880e-05,0.000000
1.501120e-05,0.000000
1.501360e-05,0.000000
1.501600e-05,0.000000
1.501840e-05,0.000000
1.502080e-05,0.000000
1.502320e-05,0.000000
1.502560e-05,0.000000
1.502800e-05,0.000000
1.503040e-05,0.000000
1.503280e-05,0.000000
1.503520e-05,0.000000
1.503760e-05,0.000000
1.504000e-05,0.000000
1.504240e-05,0.000000
1.504480e-05,0.000000
1.504720e-05,0.000000
1.504960e-05,0.000000
1.505200e-05,0.000000
1.505440e-05,0.000000
1.505680e-05,0.000000
1.505920e-05,0.000000
1.506160e-05,0.000000
1.506400e-05,0.000000
1.506640e-05,0.000000
1.506880e-05,0.000000
1.507120e-05,0.000000
1.507360e-05,0.000000
1.507600e-05,0.000000
1.507840e-05,0.000000
1.508080e-05,0.000000
1.508320e-05,0.000000
1.508560e-05,0.000000
1.508800e-05,0.000000
1.509040e-05,0.000000
1.509280e-05,0.000000
1.509520e-05,0.000000
1.509760e-05,0.000000
1.510000e-05,0.000000
1.510240e-05,0.000000
1.510480e-05,0.000000
1.510720e-05,0.000000
1.510960e-05,0.000000
1.511200e-05,0.000000
1.511440e-05,0.000000
1.511680e-05,0.000000
1.511920e-05,0.000000
1.512160e-05,0.000000
1.512400e-05,0.000000
1.512640e-05,0.000000
1.512880e-05,0.000000
1.513120e-05,0.000000
1.513360e-05,0.000000
1.513600e-05,0.000000
1.513840e-05,0.000000
1.514080e-05,0.000000
1.514320e-05,0.000000
1.514560e-05,0.000000
1.514800e-05,0.000000
1.515040e-05,0.000000
1.515280e-05,0.000000
1.515520e-05,0.000000
1.515760e-05,0.000000
1.516000e-05,0.000000
1.516240e-05,0.000000
1.516480e-05,0.000000
1.516720e-05,0.000000
1.516960e-05,0.000000
1.517200e-05,0.000000
1.517440e-05,0.000000
1.517680e-05,0.000000
1.517920e-05,0.000000
1.518160e-05,0.000000
1.518400e-05,0.000000
1.518640e-05,0.000000
1.518880e-05,0.000000
1.519120e-05,-0.080402
1.519360e-05,0.000000
1.519600e-05,0.000000
1.519840e-05,0.000000
1.520080e-05,0.000000
1.520320e-05,0.000000
1.520560e-05,0.000000
1.520800e-05,0.000000
1.521040e-05,0.000000
1.521280e-05,0.000000
1.521520e-05,0.000000
1.521760e-05,0.000000
1.522000e-05,0.000000
1.522240e-05,0.000000
1.522480e-05,0.000000
1.522720e-05,0.000000
1.522960e-05,0.000000
1.523200e-05,0.000000
1.523440e-05,0.000000
1.523680e-05,0.000000
1.523920e-05,0.000000
1.524160e-05,0.000000
1.524400e-05,0.000000
1.524640e-05,0.000000
1.524880e-05,0.000000
1.525120e-05,0.000000
1.525360e-05,0.000000
1.525600e-05,0.000000
1.525840e-05,0.000000
1.526080e-05,0.000000
1.526320e-05,0.000000
1.526560e-05,0.000000
1.526800e-05,0.000000
1.527040e-05,0.000000
1.527280e-05,0.000000
1.527520e-05,0.000000
1.527760e-05,0.000000
1.528000e-05,0.000000
1.528240e-05,0.000000
1.528480e-05,0.000000
1.528720e-05,0.000000
1.528960e-05,-0.080402
1.529200e-05,0.000000
1.529440e-05,0.000000
1.529680e-05,0.000000
1.529920e-05,-0.080402
1.530160e-05,-0.080402
1.530400e-05,0.000000
1.530640e-05,0.000000
1.530880e-05,-0.080402
1.531120e-05,-0.080402
1.531360e-05,0.000000
1.531600e-05,0.000000
1.531840e-05,0.000000
1.532080e-05,0.000000
1.532320e-05,-0.080402
1.532560e-05,0.000000
1.532800e-05,0.000000
1.533040e-05,0.000000
1.533280e-05,0.000000
1.533520e-05,-0.080402
1.533760e-05,-0.080402
1.534000e-05,0.000000
1.534240e-05,-0.080402
1.534480e-05,-0.080402
1.534720e-05,-0.080402
1.534960e-05,-0.080402
1.535200e-05,0.000000
1.535440e-05,-0.080402
1.535680e-05,-0.080402
1.535920e-05,0.000000
1.536160e-05,0.000000
1.536400e-05,0.000000
1.536640e-05,0.000000
1.536880e-05,-0.080402
1.537120e-05,-0.080402
1.537360e-05,0.000000
1.537600e-05,0.000000
1.537840e-05,0.000000
1.538080e-05,0.000000
1.538320e-05,0.000000
1.538560e-05,0.000000
1.538800e-05,0.000000
1.539040e-05,0.000000
1.539280e-05,0.000000
1.539520e-05,0.000000
1.539760e-05,-0.080402
1.540000e-05,-0.080402
1.540240e-05,-0.080402
1.540480e-05,0.000000
1.540720e-05,0.000000
1.540960e-05,0.000000
1.541200e-05,0.000000
1.541440e-05,-0.080402
1.541680e-05,-0.080402
1.541920e-05,-0.080402
1.542160e-05,-0.080402
1.542400e-05,-0.080402
1.542640e-05,-0.080402
1.542880e-05,-0.080402
1.543120e-05,-0.080402
1.543360e-05,-0.080402
1.543600e-05,-0.080402
1.543840e-05,-0.080402
1.544080e-05,-0.080402
1.544320e-05,-0.080402
1.544560e-05,0.000000
1.544800e-05,-0.080402
1.545040e-05,0.000000
1.545280e-05,-0.080402
1.545520e-05,-0.080402
1.545760e-05,-0.080402
1.546000e-05,-0.080402
1.546240e-05,-0.080402
1.546480e-05,-0.080402
1.546720e-05,-0.080402
1.546960e-05,-0.080402
1.547200e-05,-0.080402
1.547440e-05,0.000000
1.547680e-05,-0.080402
1.547920e-05,-0.080402
1.548160e-05,-0.080402
1.548400e-05,-0.080402
1.548640e-05,-0.080402
1.548880e-05,-0.080402
1.549120e-05,-0.080402
1.549360e-05,-0.080402
1.549600e-05,-0.080402
1.549840e-05,-0.080402
1.550080e-05,-0.080402
1.550320e-05,-0.080402
1.550560e-05,-0.080402
1.550800e-05,-0.080402
1.551040e-05,-0.080402
1.551280e-05,-0.080402
1.551520e-05,-0.080402
1.551760e-05,-0.080402
1.552000e-05,-0.080402
1.552240e-05,-0.080402
1.552480e-05,-0.080402
1.552720e-05,-0.080402
1.552960e-05,-0.080402
1.553200e-05,-0.080402
1.553440e-05,-0.080402
1.553680e-05,-0.080402
1.553920e-05,-0.080402
1.554160e-05,-0.080402
1.554400e-05,-0.080402
1.554640e-05,-0.080402
1.554880e-05,-0.080402
1.555120e-05,-0.080402
1.555360e-05,-0.080402
1.555600e-05,-0.080402
1.555840e-05,-0.080402
1.556080e-05,-0.080402
1.556320e-05,-0.080402
1.556560e-05,-0.080402
1.556800e-05,-0.080402
1.557040e-05,-0.080402
1.557280e-05,-0.080402
1.557520e-05,-0.080402
1.557760e-05,-0.080402
1.558000e-05,-0.080402
1.558240e-05,-0.080402
1.558480e-05,-0.080402
1.558720e-05,-0.080402
1.558960e-05,-0.080402
1.559200e-05,-0.080402
1.559440e-05,-0.080402
1.559680e-05,-0.080402
1.559920e-05,-0.080402
1.560160e-05,-0.080402
1.560400e-05,-0.080402
1.560640e-05,-0.080402
1.560880e-05,-0.080402
1.561120e-05,-0.080402
1.561360e-05,-0.080402
1.561600e-05,-0.080402
1.561840e-05,-0.080402
1.562080e-05,-0.080402
1.562320e-05,-0.080402
1.562560e-05,-0.080402
1.562800e-05,-0.080402
1.563040e-05,-0.080402
1.563280e-05,-0.080402
1.563520e-05,-0.080402
1.563760e-05,-0.080402
1.564000e-05,-0.080402
1.564240e-05,-0.080402
1.564480e-05,-0.080402
1.564720e-05,-0.080402
1.564960e-05,-0.080402
1.565200e-05,-0.080402
1.565440e-05,-0.080402
1.565680e-05,-0.080402
1.565920e-05,-0.080402
1.566160e-05,-0.080402
1.566400e-05,-0.080402
1.566640e-05,-0.080402
1.566880e-05,-0.080402
1.567120e-05,-0.080402
1.567360e-05,-0.160804
1.567600e-05,-0.160804
1.567840e-05,-0.160804
1.568080e-05,-0.160804
1.568320e-05,-0.160804
1.568560e-05,-0.080402
1.568800e-05,-0.080402
1.569040e-05,-0.080402
1.569280e-05,-0.160804
1.569520e-05,-0.080402
1.569760e-05,-0.080402
1.570000e-05,-0.080402
1.570240e-05,-0.080402
1.570480e-05,-0.080402
1.570720e-05,-0.080402
1.570960e-05,-0.080402
1.571200e-05,-0.080402
1.571440e-05,-0.080402
1.571680e-05,-0.160804
1.571920e-05,-0.160804
1.572160e-05,-0.160804
1.572400e-05,-0.160804
1.572640e-05,-0.160804
1.572880e-05,-0.160804
1.573120e-05,-0.080402
1.573360e-05,-0.160804
1.573600e-05,-0.160804
1.573840e-05,-0.160804
1.574080e-05,-0.160804
1.574320e-05,-0.160804
1.574560e-05,-0.160804
1.574800e-05,-0.160804
1.575040e-05,-0.160804
1.575280e-05,-0.160804
1.575520e-05,-0.160804
1.575760e-05,-0.160804
1.576000e-05,-0.160804
1.576240e-05,-0.160804
1.576480e-05,-0.160804
1.576720e-05,-0.160804
1.576960e-05,-0.160804
1.577200e-05,-0.160804
1.577440e-05,-0.160804
1.577680e-05,-0.080402
1.577920e-05,-0.080402
1.578160e-05,-0.160804
1.578400e-05,-0.160804
1.578640e-05,-0.160804
1.578880e-05,-0.160804
1.579120e-05,-0.160804
1.579360e-05,-0.160804
1.579600e-05,-0.160804
1.579840e-05,-0.160804
1.580080e-05,-0.160804
1.580320e-05,-0.160804
1.580560e-05,-0.160804
1.580800e-05,-0.160804
1.581040e-05,-0.160804
1.581280e-05,-0.160804
1.581520e-05,-0.160804
1.581760e-05,-0.160804
1.582000e-05,-0.160804
1.582240e-05,-0.080402
1.582480e-05,-0.160804
1.582720e-05,-0.160804
1.582960e-05,-0.160804
1.583200e-05,-0.160804
1.583440e-05,-0.160804
1.583680e-05,-0.160804
1.583920e-05,-0.160804
1.584160e-05,-0.160804
1.584400e-05,-0.160804
1.584640e-05,-0.160804
1.584880e-05,-0.160804
1.585120e-05,-0.160804
1.585360e-05,-0.160804
1.585600e-05,-0.160804
1.585840e-05,-0.160804
1.586080e-05,-0.160804
1.586320e-05,-0.160804
1.586560e-05,-0.160804
1.586800e-05,-0.160804
1.587040e-05,-0.160804
1.587280e-05,-0.160804
1.587520e-05,-0.160804
1.587760e-05,-0.160804
1.588000e-05,-0.160804
1.588240e-05,-0.160804
1.588480e-05,-0.160804
1.588720e-05,-0.160804
1.588960e-05,-0.160804
1.589200e-05,-0.160804
1.589440e-05,-0.160804
1.589680e-05,-0.160804
1.589920e-05,-0.160804
1.590160e-05,-0.160804
1.590400e-05,-0.160804
1.590640e-05,-0.160804
1.590880e-05,-0.160804
1.591120e-05,-0.160804
1.591360e-05,-0.160804
1.591600e-05,-0.160804
1.591840e-05,-0.160804
1.592080e-05,-0.160804
1.592320e-05,-0.160804
1.592560e-05,-0.160804
1.592800e-05,-0.160804
1.593040e-05,-0.160804
1.593280e-05,-0.160804
1.593520e-05,-0.160804
1.593760e-05,-0.160804
1.594000e-05,-0.160804
1.594240e-05,-0.160804
1.594480e-05,-0.160804
1.594720e-05,-0.160804
1.594960e-05,-0.160804
1.595200e-05,-0.160804
1.595440e-05,-0.160804
1.595680e-05,-0.160804
1.595920e-05,-0.160804
1.596160e-05,-0.160804
1.596400e-05,-0.160804
1.596640e-05,-0.160804
1.596880e-05,-0.160804
1.597120e-05,-0.160804
1.597360e-05,-0.160804
1.597600e-05,-0.160804
1.597840e-05,-0.160804
1.598080e-05,-0.160804
1.598320e-05,-0.160804
1.598560e-05,-0.160804
1.598800e-05,-0.160804
1.599040e-05,-0.160804
1.599280e-05,-0.160804
1.599520e-05,-0.160804
1.599760e-05,-0.160804
1.600000e-05,-0.160804
1.600240e-05,-0.160804
1.600480e-05,-0.160804
1.600720e-05,-0.160804
1.600960e-05,-0.160804
1.601200e-05,-0.160804
1.601440e-05,-0.160804
1.601680e-05,-0.160804
1.601920e-05,-0.160804
1.602160e-05,-0.160804
1.602400e-05,-0.160804
1.602640e-05,-0.160804
1.602880e-05,-0.160804
1.603120e-05,-0.160804
1.603360e-05,-0.160804
1.603600e-05,-0.160804
1.603840e-05,-0.160804
1.604080e-05,-0.160804
1.604320e-05,-0.160804
1.604560e-05,-0.160804
1.604800e-05,-0.160804
1.605040e-05,-0.160804
1.605280e-05,-0.160804
1.605520e-05,-0.160804
1.605760e-05,-0.160804
1.606000e-05,-0.160804
1.606240e-05,-0.160804
1.606480e-05,-0.160804
1.606720e-05,-0.160804
1.606960e-05,-0.160804
1.607200e-05,-0.160804
1.607440e-05,-0.160804
1.607680e-05,-0.160804
1.607920e-05,-0.160804
1.608160e-05,-0.160804
1.608400e-05,-0.160804
1.608640e-05,-0.160804
1.608880e-05,-0.160804
1.609120e-05,-0.160804
1.609360e-05,-0.160804
1.609600e-05,-0.160804
1.609840e-05,-0.160804
1.610080e-05,-0.160804
1.610320e-05,-0.160804
1.610560e-05,-0.160804
1.610800e-05,-0.160804
1.611040e-05,-0.160804
1.611280e-05,-0.160804
1.611520e-05,-0.160804
1.611760e-05,-0.160804
1.612000e-05,-0.160804
1.612240e-05,-0.160804
1.612480e-05,-0.160804
1.612720e-05,-0.160804
1.612960e-05,-0.160804
1.613200e-05,-0.160804
1.613440e-05,-0.160804
1.613680e-05,-0.160804
1.613920e-05,-0.160804
1.614160e-05,-0.080402
1.614400e-05,-0.160804
1.614640e-05,-0.160804
1.614880e-05,-0.160804
1.615120e-05,-0.160804
1.615360e-05,-0.160804
1.615600e-05,-0.160804
1.615840e-05,-0.160804
1.616080e-05,-0.160804
1.616320e-05,-0.160804
1.616560e-05,-0.160804
1.616800e-05,-0.160804
1.617040e-05,-0.160804
1.617280e-05,-0.160804
1.617520e-05,-0.160804
1.617760e-05,-0.160804
1.618000e-05,-0.160804
1.618240e-05,-0.160804
1.618480e-05,-0.160804
1.618720e-05,-0.160804
1.618960e-05,-0.160804
1.619200e-05,-0.160804
1.619440e-05,-0.160804
1.619680e-05,-0.160804
1.619920e-05,-0.160804
1.620160e-05,-0.160804
1.620400e-05,-0.160804
1.620640e-05,-0.160804
1.620880e-05,-0.160804
1.621120e-05,-0.160804
1.621360e-05,-0.160804
1.621600e-05,-0.160804
1.621840e-05,-0.160804
1.622080e-05,-0.160804
1.622320e-05,-0.160804
1.622560e-05,-0.080402
1.622800e-05,-0.080402
1.623040e-05,-0.080402
1.623280e-05,-0.080402
1.623520e-05,-0.160804
1.623760e-05,-0.080402
1.624000e-05,-0.160804
1.624240e-05,-0.080402
1.624480e-05,-0.080402
1.624720e-05,-0.160804
1.624960e-05,-0.080402
1.625200e-05,-0.080402
1.625440e-05,-0.160804
1.625680e-05,-0.160804
1.625920e-05,-0.080402
1.626160e-05,-0.080402
1.626400e-05,-0.080402
1.626640e-05,-0.160804
1.626880e-05,-0.160804
1.627120e-05,-0.080402
1.627360e-05,-0.080402
1.627600e-05,-0.080402
1.627840e-05,-0.160804
1.628080e-05,-0.080402
1.628320e-05,-0.160804
1.628560e-05,-0.080402
1.628800e-05,-0.080402
1.629040e-05,-0.160804
1.629280e-05,-0.080402
1.629520e-05,-0.080402
1.629760e-05,-0.080402
1.630000e-05,-0.160804
1.630240e-05,-0.160804
1.630480e-05,-0.160804
1.630720e-05,-0.080402
1.630960e-05,-0.080402
1.631200e-05,-0.080402
1.631440e-05,-0.080402
1.631680e-05,-0.080402
1.631920e-05,-0.080402
1.632160e-05,-0.080402
1.632400e-05,-0.080402
1.632640e-05,-0.080402
1.632880e-05,-0.160804
1.633120e-05,-0.160804
1.633360e-05,-0.080402
1.633600e-05,-0.080402
1.633840e-05,-0.160804
1.634080e-05,-0.080402
1.634320e-05,-0.080402
1.634560e-05,-0.080402
1.634800e-05,-0.080402
1.635040e-05,-0.080402
1.635280e-05,-0.080402
1.635520e-05,-0.080402
1.635760e-05,-0.080402
1.636000e-05,-0.080402
1.636240e-05,-0.080402
1.636480e-05,-0.080402
1.636720e-05,-0.080402
1.636960e-05,-0.080402
1.637200e-05,-0.080402
1.637440e-05,-0.080402
1.637680e-05,-0.080402
1.637920e-05,-0.080402
1.638160e-05,-0.080402
1.638400e-05,-0.080402
1.638640e-05,-0.080402
1.638880e-05,-0.080402
1.639120e-05,-0.080402
1.639360e-05,-0.080402
1.639600e-05,-0.080402
1.639840e-05,-0.080402
1.640080e-05,-0.080402
1.640320e-05,-0.080402
1.640560e-05,-0.080402
1.640800e-05,-0.080402
1.641040e-05,-0.080402
1.641280e-05,-0.080402
1.641520e-05,-0.080402
1.641760e-05,-0.080402
1.642000e-05,-0.080402
1.642240e-05,-0.080402
1.642480e-05,-0.080402
1.642720e-05,-0.080402
1.642960e-05,-0.080402
1.643200e-05,-0.080402
1.643440e-05,-0.080402
1.643680e-05,-0.080402
1.643920e-05,-0.080402
1.644160e-05,-0.080402
1.644400e-05,-0.080402
1.644640e-05,-0.080402
1.644880e-05,-0.080402
1.645120e-05,-0.080402
1.645360e-05,-0.080402
1.645600e-05,-0.080402
1.645840e-05,-0.080402
1.646080e-05,-0.080402
1.646320e-05,-0.080402
1.646560e-05,-0.080402
1.646800e-05,-0.080402
1.647040e-05,-0.080402
1.647280e-05,-0.080402
1.647520e-05,-0.080402
1.647760e-05,-0.080402
1.648000e-05,-0.080402
1.648240e-05,-0.080402
1.648480e-05,-0.080402
1.648720e-05,-0.080402
1.648960e-05,-0.080402
1.649200e-05,-0.080402
1.649440e-05,0.000000
1.649680e-05,-0.080402
1.649920e-05,-0.080402
1.650160e-05,-0.080402
1.650400e-05,-0.080402
1.650640e-05,-0.080402
1.650880e-05,-0.080402
1.651120e-05,-0.080402
1.651360e-05,-0.080402
1.651600e-05,-0.080402
1.651840e-05,-0.080402
1.652080e-05,-0.080402
1.652320e-05,-0.080402
1.652560e-05,-0.080402
1.652800e-05,-0.080402
1.653040e-05,-0.080402
1.653280e-05,-0.080402
1.653520e-05,-0.080402
1.653760e-05,-0.080402
1.654000e-05,-0.080402
1.654240e-05,-0.080402
1.654480e-05,-0.080402
1.654720e-05,-0.080402
1.654960e-05,-0.080402
1.655200e-05,-0.080402
1.655440e-05,-0.080402
1.655680e-05,-0.080402
1.655920e-05,-0.080402
1.656160e-05,-0.080402
1.656400e-05,-0.080402
1.656640e-05,-0.080402
1.656880e-05,-0.080402
1.657120e-05,0.000000
1.657360e-05,-0.080402
1.657600e-05,-0.080402
1.657840e-05,-0.080402
1.658080e-05,-0.080402
1.658320e-05,-0.080402
1.658560e-05,-0.080402
1.658800e-05,-0.080402
1.659040e-05,-0.080402
1.659280e-05,-0.080402
1.659520e-05,-0.080402
1.659760e-05,0.000000
1.660000e-05,-0.080402
1.660240e-05,-0.080402
1.660480e-05,-0.080402
1.660720e-05,-0.080402
1.660960e-05,-0.080402
1.661200e-05,-0.080402
1.661440e-05,0.000000
1.661680e-05,0.000000
1.661920e-05,-0.080402
1.662160e-05,-0.080402
1.662400e-05,-0.080402
1.662640e-05,-0.080402
1.662880e-05,0.000000
1.663120e-05,-0.080402
1.663360e-05,0.000000
1.663600e-05,-0.080402
1.663840e-05,0.000000
1.664080e-05,-0.080402
1.664320e-05,0.000000
1.664560e-05,-0.080402
1.664800e-05,0.000000
1.665040e-05,-0.080402
1.665280e-05,-0.080402
1.665520e-05,-0.080402
1.665760e-05,-0.080402
1.666000e-05,-0.080402
1.666240e-05,-0.080402
1.666480e-05,-0.080402
1.666720e-05,-0.080402
1.666960e-05,-0.080402
1.667200e-05,-0.080402
1.667440e-05,-0.080402
1.667680e-05,-0.080402
1.667920e-05,-0.080402
1.668160e-05,-0.080402
1.668400e-05,0.000000
1.668640e-05,0.000000
1.668880e-05,-0.080402
1.669120e-05,-0.080402
1.669360e-05,-0.080402
1.669600e-05,-0.080402
1.669840e-05,-0.080402
1.670080e-05,-0.080402
1.670320e-05,-0.080402
1.670560e-05,-0.080402
1.670800e-05,-0.080402
1.671040e-05,0.000000
1.671280e-05,-0.080402
1.671520e-05,0.000000
1.671760e-05,-0.080402
1.672000e-05,-0.080402
1.672240e-05,-0.080402
1.672480e-05,0.000000
1.672720e-05,-0.080402
1.672960e-05,-0.080402
1.673200e-05,0.000000
1.673440e-05,-0.080402
1.673680e-05,-0.080402
1.673920e-05,-0.080402
1.674160e-05,-0.080402
1.674400e-05,0.000000
1.674640e-05,-0.080402
1.674880e-05,-0.080402
1.675120e-05,-0.080402
1.675360e-05,-0.080402
1.675600e-05,-0.080402
1.675840e-05,-0.080402
1.676080e-05,0.000000
1.676320e-05,-0.080402
1.676560e-05,0.000000
1.676800e-05,-0.080402
1.677040e-05,-0.080402
1.677280e-05,-0.080402
1.677520e-05,0.000000
1.677760e-05,-0.080402
1.678000e-05,0.000000
1.678240e-05,0.000000
1.678480e-05,-0.080402
1.678720e-05,-0.080402
1.678960e-05,-0.080402
1.679200e-05,-0.080402
1.679440e-05,-0.080402
1.679680e-05,0.000000
1.679920e-05,0.000000
1.680160e-05,0.000000
1.680400e-05,0.000000
1.680640e-05,-0.080402
1.680880e-05,0.000000
1.681120e-05,-0.080402
1.681360e-05,-0.080402
1.681600e-05,-0.080402
1.681840e-05,-0.080402
1.682080e-05,-0.080402
1.682320e-05,-0.080402
1.682560e-05,-0.080402
1.682800e-05,-0.080402
1.683040e-05,-0.080402
1.683280e-05,-0.080402
1.683520e-05,-0.080402
1.683760e-05,0.000000
1.684000e-05,-0.080402
1.684240e-05,-0.080402
1.684480e-05,-0.080402
1.684720e-05,-0.080402
1.684960e-05,-0.080402
1.685200e-05,-0.080402
1.685440e-05,-0.080402
1.685680e-05,-0.080402
1.685920e-05,-0.080402
1.686160e-05,0.000000
1.686400e-05,0.000000
1.686640e-05,-0.080402
1.686880e-05,-0.080402
1.687120e-05,0.000000
1.687360e-05,-0.080402
1.687600e-05,0.000000
1.687840e-05,0.000000
1.688080e-05,0.000000
1.688320e-05,-0.080402
1.688560e-05,0.000000
1.688800e-05,-0.080402
1.689040e-05,-0.080402
1.689280e-05,0.000000
1.689520e-05,0.000000
1.689760e-05,-0.080402
1.690000e-05,-0.080402
1.690240e-05,-0.080402
1.690480e-05,-0.080402
1.690720e-05,-0.080402
1.690960e-05,-0.080402
1.691200e-05,-0.080402
1.691440e-05,-0.080402
1.691680e-05,-0.080402
1.691920e-05,-0.080402
1.692160e-05,-0.080402
1.692400e-05,-0.080402
1.692640e-05,-0.080402
1.692880e-05,-0.080402
1.693120e-05,-0.080402
1.693360e-05,-0.080402
1.693600e-05,-0.080402
1.693840e-05,-0.080402
1.694080e-05,-0.080402
1.694320e-05,-0.080402
1.694560e-05,-0.080402
1.694800e-05,-0.080402
1.695040e-05,-0.080402
1.695280e-05,-0.080402
1.695520e-05,-0.080402
1.695760e-05,-0.080402
1.696000e-05,-0.080402
1.696240e-05,-0.080402
1.696480e-05,-0.080402
1.696720e-05,-0.080402
1.696960e-05,-0.080402
1.697200e-05,-0.080402
1.697440e-05,-0.080402
1.697680e-05,-0.080402
1.697920e-05,-0.080402
1.698160e-05,-0.080402
1.698400e-05,-0.080402
1.698640e-05,-0.080402
1.698880e-05,-0.080402
1.699120e-05,-0.080402
1.699360e-05,-0.080402
1.699600e-05,-0.080402
1.699840e-05,-0.080402
1.700080e-05,-0.080402
1.700320e-05,-0.080402
1.700560e-05,-0.080402
1.700800e-05,-0.080402
1.701040e-05,-0.080402
1.701280e-05,-0.080402
1.701520e-05,-0.080402
1.701760e-05,-0.080402
1.702000e-05,-0.080402
1.702240e-05,-0.160804
1.702480e-05,-0.080402
1.702720e-05,-0.080402
1.702960e-05,-0.080402
1.703200e-05,-0.080402
1.703440e-05,-0.160804
1.703680e-05,-0.080402
1.703920e-05,-0.160804
1.704160e-05,-0.160804
1.704400e-05,-0.160804
1.704640e-05,-0.160804
1.704880e-05,-0.160804
1.705120e-05,-0.160804
1.705360e-05,-0.160804
1.705600e-05,-0.160804
1.705840e-05,-0.160804
1.706080e-05,-0.160804
1.706320e-05,-0.160804
1.706560e-05,-0.160804
1.706800e-05,-0.160804
1.707040e-05,-0.160804
1.707280e-05,-0.160804
1.707520e-05,-0.160804
1.707760e-05,-0.160804
1.708000e-05,-0.160804
1.708240e-05,-0.080402
1.708480e-05,-0.160804
1.708720e-05,-0.160804
1.708960e-05,-0.160804
1.709200e-05,-0.160804
1.709440e-05,-0.160804
1.709680e-05,-0.160804
1.709920e-05,-0.160804
1.710160e-05,-0.160804
1.710400e-05,-0.160804
1.710640e-05,-0.160804
1.710880e-05,-0.160804
1.711120e-05,-0.160804
1.711360e-05,-0.160804
1.711600e-05,-0.160804
1.711840e-05,-0.160804
1.712080e-05,-0.160804
1.712320e-05,-0.160804
1.712560e-05,-0.160804
1.712800e-05,-0.160804
1.713040e-05,-0.160804
1.713280e-05,-0.160804
1.713520e-05,-0.160804
1.713760e-05,-0.160804
1.714000e-05,-0.160804
1.714240e-05,-0.160804
1.714480e-05,-0.160804
1.714720e-05,-0.160804
1.714960e-05,-0.160804
1.715200e-05,-0.160804
1.715440e-05,-0.160804
1.715680e-05,-0.160804
1.715920e-05,-0.160804
1.716160e-05,-0.160804
1.716400e-05,-0.160804
1.716640e-05,-0.160804
1.716880e-05,-0.160804
1.717120e-05,-0.160804
1.717360e-05,-0.160804
1.717600e-05,-0.160804
1.717840e-05,-0.160804
1.718080e-05,-0.160804
1.718320e-05,-0.160804
1.718560e-05,-0.160804
1.718800e-05,-0.160804
1.719040e-05,-0.160804
1.719280e-05,-0.160804
1.719520e-05,-0.160804
1.719760e-05,-0.160804
1.720000e-05,-0.160804
1.720240e-05,-0.160804
1.720480e-05,-0.160804
1.720720e-05,-0.160804
1.720960e-05,-0.160804
1.721200e-05,-0.160804
1.721440e-05,-0.160804
1.721680e-05,-0.160804
1.721920e-05,-0.160804
1.722160e-05,-0.160804
1.722400e-05,-0.160804
1.722640e-05,-0.160804
1.722880e-05,-0.160804
1.723120e-05,-0.160804
1.723360e-05,-0.160804
1.723600e-05,-0.160804
1.723840e-05,-0.160804
1.724080e-05,-0.160804
1.724320e-05,-0.160804
1.724560e-05,-0.160804
1.724800e-05,-0.160804
1.725040e-05,-0.160804
1.725280e-05,-0.160804
1.725520e-05,-0.160804
1.725760e-05,-0.160804
1.726000e-05,-0.160804
1.726240e-05,-0.160804
1.726480e-05,-0.160804
1.726720e-05,-0.160804
1.726960e-05,-0.160804
1.727200e-05,-0.160804
1.727440e-05,-0.160804
1.727680e-05,-0.160804
1.727920e-05,-0.160804
1.728160e-05,-0.160804
1.728400e-05,-0.160804
1.728640e-05,-0.160804
1.728880e-05,-0.160804
1.729120e-05,-0.160804
1.729360e-05,-0.160804
1.729600e-05,-0.160804
1.729840e-05,-0.160804
1.730080e-05,-0.160804
1.730320e-05,-0.160804
1.730560e-05,-0.160804
1.730800e-05,-0.160804
1.731040e-05,-0.160804
1.731280e-05,-0.160804
1.731520e-05,-0.160804
1.731760e-05,-0.160804
1.732000e-05,-0.160804
1.732240e-05,-0.160804
1.732480e-05,-0.160804
1.732720e-05,-0.160804
1.732960e-05,-0.160804
1.733200e-05,-0.160804
1.733440e-05,-0.160804
1.733680e-05,-0.160804
1.733920e-05,-0.160804
1.734160e-05,-0.160804
1.734400e-05,-0.160804
1.734640e-05,-0.160804
1.734880e-05,-0.160804
1.735120e-05,-0.160804
1.735360e-05,-0.160804
1.735600e-05,-0.160804
1.735840e-05,-0.160804
1.736080e-05,-0.160804
1.736320e-05,-0.160804
1.736560e-05,-0.160804
1.736800e-05,-0.160804
1.737040e-05,-0.160804
1.737280e-05,-0.160804
1.737520e-05,-0.160804
1.737760e-05,-0.160804
1.738000e-05,-0.160804
1.738240e-05,-0.160804
1.738480e-05,-0.160804
1.738720e-05,-0.160804
1.738960e-05,-0.160804
1.739200e-05,-0.160804
1.739440e-05,-0.080402
1.739680e-05,-0.080402
1.739920e-05,-0.080402
1.740160e-05,-0.160804
1.740400e-05,-0.160804
1.740640e-05,-0.160804
1.740880e-05,-0.160804
1.741120e-05,-0.160804
1.741360e-05,-0.080402
1.741600e-05,-0.080402
1.741840e-05,-0.080402
1.742080e-05,-0.160804
1.742320e-05,-0.080402
1.742560e-05,-0.160804
1.742800e-05,-0.080402
1.743040e-05,-0.080402
1.743280e-05,-0.080402
1.743520e-05,-0.080402
1.743760e-05,-0.080402
1.744000e-05,-0.160804
1.744240e-05,-0.160804
1.744480e-05,-0.160804
1.744720e-05,-0.080402
1.744960e-05,-0.160804
1.745200e-05,-0.080402
1.745440e-05,-0.080402
1.745680e-05,-0.160804
1.745920e-05,-0.080402
1.746160e-05,-0.080402
1.746400e-05,-0.080402
1.746640e-05,-0.080402
1.746880e-05,-0.080402
1.747120e-05,-0.080402
1.747360e-05,-0.080402
1.747600e-05,-0.080402
1.747840e-05,-0.080402
1.748080e-05,-0.080402
1.748320e-05,-0.080402
1.748560e-05,-0.080402
1.748800e-05,-0.080402
1.749040e-05,-0.080402
1.749280e-05,-0.080402
1.749520e-05,-0.080402
1.749760e-05,-0.080402
1.750000e-05,-0.080402
1.750240e-05,-0.080402
1.750480e-05,-0.080402
1.750720e-05,-0.080402
1.750960e-05,-0.080402
1.751200e-05,-0.080402
1.751440e-05,-0.080402
1.751680e-05,-0.080402
1.751920e-05,-0.160804
1.752160e-05,-0.080402
1.752400e-05,-0.080402
1.752640e-05,-0.080402
1.752880e-05,-0.080402
1.753120e-05,-0.080402
1.753360e-05,-0.080402
1.753600e-05,-0.080402
1.753840e-05,-0.160804
1.754080e-05,-0.080402
1.754320e-05,-0.080402
1.754560e-05,-0.080402
1.754800e-05,-0.080402
1.755040e-05,-0.080402
1.755280e-05,-0.080402
1.755520e-05,-0.080402
1.755760e-05,-0.080402
1.756000e-05,-0.080402
1.756240e-05,-0.080402
1.756480e-05,-0.080402
1.756720e-05,-0.080402
1.756960e-05,-0.080402
1.757200e-05,-0.080402
1.757440e-05,-0.080402
1.757680e-05,-0.080402
1.757920e-05,-0.080402
1.758160e-05,-0.080402
1.758400e-05,-0.080402
1.758640e-05,-0.080402
1.758880e-05,-0.080402
1.759120e-05,-0.080402
1.759360e-05,-0.080402
1.759600e-05,-0.080402
1.759840e-05,-0.080402
1.760080e-05,0.000000
1.760320e-05,-0.080402
1.760560e-05,-0.080402
1.760800e-05,-0.080402
1.761040e-05,-0.080402
1.761280e-05,0.000000
1.761520e-05,0.000000
1.761760e-05,-0.080402
1.762000e-05,-0.080402
1.762240e-05,-0.080402
1.762480e-05,-0.080402
1.762720e-05,-0.080402
1.762960e-05,-0.080402
1.763200e-05,-0.080402
1.763440e-05,-0.080402
1.763680e-05,0.000000
1.763920e-05,-0.080402
1.764160e-05,-0.080402
1.764400e-05,-0.080402
1.764640e-05,0.000000
1.764880e-05,0.000000
1.765120e-05,-0.080402
1.765360e-05,-0.080402
1.765600e-05,-0.080402
1.765840e-05,-0.080402
1.766080e-05,-0.080402
1.766320e-05,-0.080402
1.766560e-05,-0.080402
1.766800e-05,-0.080402
1.767040e-05,-0.080402
1.767280e-05,-0.080402
1.767520e-05,-0.080402
1.767760e-05,-0.080402
1.768000e-05,-0.080402
1.768240e-05,-0.080402
1.768480e-05,-0.080402
1.768720e-05,-0.080402
1.768960e-05,0.000000
1.769200e-05,-0.080402
1.769440e-05,-0.080402
1.769680e-05,0.000000
1.769920e-05,-0.080402
1.770160e-05,-0.080402
1.770400e-05,-0.080402
1.770640e-05,-0.080402
1.770880e-05,0.000000
1.771120e-05,-0.080402
1.771360e-05,-0.080402
1.771600e-05,-0.080402
1.771840e-05,-0.080402
1.772080e-05,-0.080402
1.772320e-05,-0.080402
1.772560e-05,0.000000
1.772800e-05,0.000000
1.773040e-05,-0.080402
1.773280e-05,-0.080402
1.773520e-05,-0.080402
1.773760e-05,-0.080402
1.774000e-05,0.000000
1.774240e-05,-0.080402
1.774480e-05,-0.080402
1.774720e-05,-0.080402
1.774960e-05,-0.080402
1.775200e-05,-0.080402
1.775440e-05,-0.080402
1.775680e-05,-0.080402
1.775920e-05,-0.080402
1.776160e-05,-0.080402
1.776400e-05,-0.080402
1.776640e-05,-0.080402
1.776880e-05,-0.080402
1.777120e-05,-0.080402
1.777360e-05,0.000000
1.777600e-05,-0.080402
1.777840e-05,-0.080402
1.778080e-05,-0.080402
1.778320e-05,-0.080402
1.778560e-05,-0.080402
1.778800e-05,-0.080402
1.779040e-05,-0.080402
1.779280e-05,0.000000
1.779520e-05,-0.080402
1.779760e-05,-0.080402
1.780000e-05,-0.080402
1.780240e-05,-0.080402
1.780480e-05,-0.080402
1.780720e-05,-0.080402
1.780960e-05,-0.080402
1.781200e-05,-0.080402
1.781440e-05,0.000000
1.781680e-05,-0.080402
1.781920e-05,-0.080402
1.782160e-05,-0.080402
1.782400e-05,-0.080402
1.782640e-05,-0.080402
1.782880e-05,-0.080402
1.783120e-05,0.000000
1.783360e-05,-0.080402
1.783600e-05,-0.080402
1.783840e-05,-0.080402
1.784080e-05,-0.080402
1.784320e-05,-0.080402
1.784560e-05,-0.080402
1.784800e-05,-0.080402
1.785040e-05,-0.080402
1.785280e-05,0.000000
1.785520e-05,-0.080402
1.785760e-05,-0.080402
1.786000e-05,-0.080402
1.786240e-05,-0.080402
1.786480e-05,-0.080402
1.786720e-05,-0.080402
1.786960e-05,-0.080402
1.787200e-05,-0.080402
1.787440e-05,-0.080402
1.787680e-05,0.000000
1.787920e-05,-0.080402
1.788160e-05,-0.080402
1.788400e-05,-0.080402
1.788640e-05,-0.080402
1.788880e-05,0.000000
1.789120e-05,-0.080402
1.789360e-05,-0.080402
1.789600e-05,-0.080402
1.789840e-05,-0.080402
1.790080e-05,-0.080402
1.790320e-05,-0.080402
1.790560e-05,-0.080402
1.790800e-05,-0.080402
1.791040e-05,-0.080402
1.791280e-05,-0.080402
1.791520e-05,-0.080402
1.791760e-05,-0.080402
1.792000e-05,-0.080402
1.792240e-05,-0.080402
1.792480e-05,-0.080402
1.792720e-05,-0.080402
1.792960e-05,-0.080402
1.793200e-05,-0.080402
1.793440e-05,-0.080402
1.793680e-05,-0.080402
1.793920e-05,-0.080402
1.794160e-05,-0.080402
1.794400e-05,-0.080402
1.794640e-05,-0.080402
1.794880e-05,-0.080402
1.795120e-05,-0.080402
1.795360e-05,-0.080402
1.795600e-05,-0.080402
1.795840e-05,-0.080402
1.796080e-05,-0.080402
1.796320e-05,-0.080402
1.796560e-05,-0.080402
1.796800e-05,-0.080402
1.797040e-05,-0.080402
1.797280e-05,-0.080402
1.797520e-05,-0.080402
1.797760e-05,-0.080402
1.798000e-05,-0.080402
1.798240e-05,-0.080402
1.798480e-05,-0.080402
1.798720e-05,-0.080402
1.798960e-05,-0.080402
1.799200e-05,-0.080402
1.799440e-05,-0.080402
1.799680e-05,-0.080402
1.799920e-05,-0.080402
1.800160e-05,-0.160804
1.800400e-05,-0.080402
1.800640e-05,-0.160804
1.800880e-05,-0.080402
1.801120e-05,-0.080402
1.801360e-05,-0.080402
1.801600e-05,-0.160804
1.801840e-05,-0.080402
1.802080e-05,-0.080402
1.802320e-05,-0.080402
1.802560e-05,-0.080402
1.802800e-05,-0.080402
1.803040e-05,-0.080402
1.803280e-05,-0.080402
1.803520e-05,-0.080402
1.803760e-05,-0.080402
1.804000e-05,-0.080402
1.804240e-05,-0.080402
1.804480e-05,-0.080402
1.804720e-05,-0.080402
1.804960e-05,-0.080402
1.805200e-05,-0.080402
1.805440e-05,-0.080402
1.805680e-05,-0.160804
1.805920e-05,-0.080402
1.806160e-05,-0.080402
1.806400e-05,-0.160804
1.806640e-05,-0.080402
1.806880e-05,-0.080402
1.807120e-05,-0.080402
1.807360e-05,-0.080402
1.807600e-05,-0.080402
1.807840e-05,-0.080402
1.808080e-05,-0.080402
1.808320e-05,-0.080402
1.808560e-05,-0.080402
1.808800e-05,-0.080402
1.809040e-05,-0.080402
1.809280e-05,-0.080402
1.809520e-05,-0.080402
1.809760e-05,-0.080402
1.810000e-05,-0.080402
1.810240e-05,-0.080402
1.810480e-05,-0.080402
1.810720e-05,-0.080402
1.810960e-05,-0.080402
1.811200e-05,-0.080402
1.811440e-05,-0.080402
1.811680e-05,-0.080402
1.811920e-05,-0.080402
1.812160e-05,-0.080402
1.812400e-05,-0.080402
1.812640e-05,-0.080402
1.812880e-05,-0.080402
1.813120e-05,-0.080402
1.813360e-05,-0.080402
1.813600e-05,-0.080402
1.813840e-05,-0.080402
1.814080e-05,-0.080402
1.814320e-05,-0.080402
1.814560e-05,-0.080402
1.814800e-05,-0.160804
1.815040e-05,-0.080402
1.815280e-05,-0.080402
1.815520e-05,-0.080402
1.815760e-05,-0.080402
1.816000e-05,-0.080402
1.816240e-05,-0.080402
1.816480e-05,-0.080402
1.816720e-05,-0.080402
1.816960e-05,-0.160804
1.817200e-05,-0.080402
1.817440e-05,-0.160804
1.817680e-05,-0.080402
1.817920e-05,-0.160804
1.818160e-05,-0.080402
1.818400e-05,-0.080402
1.818640e-05,-0.080402
1.818880e-05,-0.080402
1.819120e-05,-0.080402
1.819360e-05,-0.080402
1.819600e-05,-0.080402
1.819840e-05,-0.080402
1.820080e-05,-0.080402
1.820320e-05,-0.080402
1.820560e-05,-0.080402
1.820800e-05,-0.080402
1.821040e-05,-0.080402
1.821280e-05,-0.080402
1.821520e-05,-0.080402
1.821760e-05,-0.080402
1.822000e-05,-0.080402
1.822240e-05,-0.080402
1.822480e-05,-0.080402
1.822720e-05,-0.080402
1.822960e-05,-0.080402
1.823200e-05,-0.080402
1.823440e-05,-0.080402
1.823680e-05,-0.080402
1.823920e-05,-0.080402
1.824160e-05,-0.080402
1.824400e-05,-0.080402
1.824640e-05,-0.080402
1.824880e-05,-0.080402
1.825120e-05,-0.160804
1.825360e-05,-0.080402
1.825600e-05,-0.080402
1.825840e-05,-0.080402
1.826080e-05,-0.080402
1.826320e-05,-0.080402
1.826560e-05,-0.080402
1.826800e-05,-0.080402
1.827040e-05,-0.080402
1.827280e-05,-0.080402
1.827520e-05,-0.160804
1.827760e-05,-0.080402
1.828000e-05,-0.080402
1.828240e-05,-0.080402
1.828480e-05,-0.080402
1.828720e-05,-0.080402
1.828960e-05,-0.080402
1.829200e-05,-0.080402
1.829440e-05,-0.160804
1.829680e-05,-0.080402
1.829920e-05,-0.080402
1.830160e-05,-0.080402
1.830400e-05,-0.080402
1.830640e-05,-0.080402
1.830880e-05,-0.080402
1.831120e-05,-0.080402
1.831360e-05,-0.080402
1.831600e-05,-0.080402
1.831840e-05,-0.080402
1.832080e-05,-0.080402
1.832320e-05,-0.080402
1.832560e-05,-0.080402
1.832800e-05,-0.080402
1.833040e-05,-0.080402
1.833280e-05,-0.160804
1.833520e-05,-0.080402
1.833760e-05,-0.080402
1.834000e-05,-0.080402
1.834240e-05,-0.080402
1.834480e-05,-0.080402
1.834720e-05,-0.080402
1.834960e-05,-0.080402
1.835200e-05,-0.080402
1.835440e-05,-0.080402
1.835680e-05,-0.080402
1.835920e-05,-0.080402
1.836160e-05,-0.080402
1.836400e-05,-0.080402
1.836640e-05,-0.160804
1.836880e-05,-0.160804
1.837120e-05,-0.080402
1.837360e-05,-0.080402
1.837600e-05,-0.080402
1.837840e-05,-0.080402
1.838080e-05,-0.080402
1.838320e-05,-0.080402
1.838560e-05,-0.160804
1.838800e-05,-0.160804
1.839040e-05,-0.080402
1.839280e-05,-0.080402
1.839520e-05,-0.080402
1.839760e-05,-0.080402
1.840000e-05,-0.080402
1.840240e-05,-0.080402
1.840480e-05,-0.080402
1.840720e-05,-0.080402
1.840960e-05,-0.080402
1.841200e-05,-0.080402
1.841440e-05,-0.080402
1.841680e-05,-0.080402
1.841920e-05,-0.080402
1.842160e-05,-0.080402
1.842400e-05,-0.160804
1.842640e-05,-0.080402
1.842880e-05,-0.080402
1.843120e-05,-0.080402
1.843360e-05,-0.080402
1.843600e-05,-0.080402
1.843840e-05,-0.160804
1.844080e-05,-0.080402
1.844320e-05,-0.080402
1.844560e-05,-0.080402
1.844800e-05,-0.160804
1.845040e-05,-0.080402
1.845280e-05,-0.080402
1.845520e-05,-0.160804
1.845760e-05,-0.080402
1.846000e-05,-0.160804
1.846240e-05,-0.160804
1.846480e-05,-0.160804
1.846720e-05,-0.160804
1.846960e-05,-0.080402
1.847200e-05,-0.080402
1.847440e-05,-0.080402
1.847680e-05,-0.080402
1.847920e-05,-0.160804
1.848160e-05,-0.160804
1.848400e-05,-0.160804
1.848640e-05,-0.160804
1.848880e-05,-0.160804
1.849120e-05,-0.080402
1.849360e-05,-0.160804
1.849600e-05,-0.080402
1.849840e-05,-0.160804
1.850080e-05,-0.080402
1.850320e-05,-0.080402
1.850560e-05,-0.080402
1.850800e-05,-0.080402
1.851040e-05,-0.080402
1.851280e-05,-0.080402
1.851520e-05,-0.080402
1.851760e-05,-0.080402
1.852000e-05,-0.080402
1.852240e-05,-0.080402
1.852480e-05,-0.080402
1.852720e-05,-0.080402
1.852960e-05,-0.160804
1.853200e-05,-0.080402
1.853440e-05,-0.080402
1.853680e-05,-0.160804
1.853920e-05,-0.160804
1.854160e-05,-0.160804
1.854400e-05,-0.160804
1.854640e-05,-0.080402
1.854880e-05,-0.080402
1.855120e-05,-0.160804
1.855360e-05,-0.160804
1.855600e-05,-0.080402
1.855840e-05,-0.160804
1.856080e-05,-0.080402
1.856320e-05,-0.080402
1.856560e-05,-0.160804
1.856800e-05,-0.080402
1.857040e-05,-0.160804
1.857280e-05,-0.160804
1.857520e-05,-0.080402
1.857760e-05,-0.080402
1.858000e-05,-0.080402
1.858240e-05,-0.080402
1.858480e-05,-0.160804
1.858720e-05,-0.160804
1.858960e-05,-0.160804
1.859200e-05,-0.160804
1.859440e-05,-0.080402
1.859680e-05,-0.080402
1.859920e-05,-0.160804
1.860160e-05,-0.080402
1.860400e-05,-0.080402
1.860640e-05,-0.080402
1.860880e-05,-0.160804
1.861120e-05,-0.080402
1.861360e-05,-0.160804
1.861600e-05,-0.160804
1.861840e-05,-0.080402
1.862080e-05,-0.080402
1.862320e-05,-0.080402
1.862560e-05,-0.080402
1.862800e-05,-0.080402
1.863040e-05,-0.160804
1.863280e-05,-0.080402
1.863520e-05,-0.160804
1.863760e-05,-0.160804
1.864000e-05,-0.160804
1.864240e-05,-0.160804
1.864480e-05,-0.160804
1.864720e-05,-0.160804
1.864960e-05,-0.080402
1.865200e-05,-0.080402
1.865440e-05,-0.080402
1.865680e-05,-0.080402
1.865920e-05,-0.160804
1.866160e-05,-0.160804
1.866400e-05,-0.080402
1.866640e-05,-0.160804
1.866880e-05,-0.080402
1.867120e-05,-0.160804
1.867360e-05,-0.160804
1.867600e-05,-0.160804
1.867840e-05,-0.160804
1.868080e-05,-0.080402
1.868320e-05,-0.080402
1.868560e-05,-0.160804
1.868800e-05,-0.160804
1.869040e-05,-0.080402
1.869280e-05,-0.080402
1.869520e-05,-0.080402
1.869760e-05,-0.080402
1.870000e-05,-0.160804
1.870240e-05,-0.160804
1.870480e-05,-0.160804
1.870720e-05,-0.080402
1.870960e-05,-0.080402
1.871200e-05,-0.080402
1.871440e-05,-0.080402
1.871680e-05,-0.080402
1.871920e-05,-0.160804
1.872160e-05,-0.080402
1.872400e-05,-0.080402
1.872640e-05,-0.080402
1.872880e-05,-0.160804
1.873120e-05,-0.160804
1.873360e-05,-0.160804
1.873600e-05,-0.080402
1.873840e-05,-0.160804
1.874080e-05,-0.080402
1.874320e-05,-0.080402
1.874560e-05,-0.160804
1.874800e-05,-0.160804
1.875040e-05,-0.160804
1.875280e-05,-0.160804
1.875520e-05,-0.080402
1.875760e-05,-0.160804
1.876000e-05,-0.160804
1.876240e-05,-0.160804
1.876480e-05,-0.160804
1.876720e-05,-0.080402
1.876960e-05,-0.160804
1.877200e-05,-0.160804
1.877440e-05,-0.160804
1.877680e-05,-0.160804
1.877920e-05,-0.080402
1.878160e-05,-0.080402
1.878400e-05,-0.080402
1.878640e-05,-0.080402
1.878880e-05,-0.080402
1.879120e-05,-0.080402
1.879360e-05,-0.080402
1.879600e-05,-0.160804
1.879840e-05,-0.160804
1.880080e-05,-0.160804
1.880320e-05,-0.160804
1.880560e-05,-0.160804
1.880800e-05,-0.160804
1.881040e-05,-0.160804
1.881280e-05,-0.080402
1.881520e-05,-0.080402
1.881760e-05,-0.080402
1.882000e-05,-0.080402
1.882240e-05,-0.160804
1.882480e-05,-0.160804
1.882720e-05,-0.080402
1.882960e-05,-0.160804
1.883200e-05,-0.160804
1.883440e-05,-0.160804
1.883680e-05,-0.160804
1.883920e-05,-0.160804
1.884160e-05,-0.080402
1.884400e-05,-0.160804
1.884640e-05,-0.160804
1.884880e-05,-0.160804
1.885120e-05,-0.160804
1.885360e-05,-0.160804
1.885600e-05,-0.080402
1.885840e-05,-0.160804
1.886080e-05,-0.160804
1.886320e-05,-0.160804
1.886560e-05,-0.160804
1.886800e-05,-0.080402
1.887040e-05,-0.160804
1.887280e-05,-0.080402
1.887520e-05,-0.080402
1.887760e-05,-0.080402
1.888000e-05,-0.080402
1.888240e-05,-0.160804
1.888480e-05,-0.160804
1.888720e-05,-0.080402
1.888960e-05,-0.160804
1.889200e-05,-0.160804
1.889440e-05,-0.160804
1.889680e-05,-0.160804
1.889920e-05,-0.160804
1.890160e-05,-0.160804
1.890400e-05,-0.160804
1.890640e-05,-0.160804
1.890880e-05,-0.160804
1.891120e-05,-0.080402
1.891360e-05,-0.080402
1.891600e-05,-0.160804
1.891840e-05,-0.080402
1.892080e-05,-0.160804
1.892320e-05,-0.160804
1.892560e-05,-0.080402
1.892800e-05,-0.080402
1.893040e-05,-0.080402
1.893280e-05,-0.080402
1.893520e-05,-0.080402
1.893760e-05,-0.080402
1.894000e-05,-0.080402
1.894240e-05,-0.080402
1.894480e-05,-0.080402
1.894720e-05,-0.080402
1.894960e-05,-0.080402
1.895200e-05,-0.080402
1.895440e-05,-0.080402
1.895680e-05,-0.080402
1.895920e-05,-0.080402
1.896160e-05,-0.080402
1.896400e-05,-0.080402
1.896640e-05,-0.160804
1.896880e-05,-0.080402
1.897120e-05,-0.080402
1.897360e-05,-0.080402
1.897600e-05,-0.080402
1.897840e-05,-0.080402
1.898080e-05,-0.080402
1.898320e-05,-0.080402
1.898560e-05,-0.080402
1.898800e-05,-0.080402
1.899040e-05,-0.080402
1.899280e-05,-0.080402
1.899520e-05,-0.080402
1.899760e-05,-0.160804
1.900000e-05,-0.080402
1.900240e-05,-0.080402
1.900480e-05,-0.080402
1.900720e-05,-0.080402
1.900960e-05,-0.080402
1.901200e-05,-0.080402
1.901440e-05,-0.080402
1.901680e-05,-0.080402
1.901920e-05,-0.080402
1.902160e-05,-0.080402
1.902400e-05,-0.080402
1.902640e-05,-0.080402
1.902880e-05,-0.080402
1.903120e-05,-0.080402
1.903360e-05,-0.160804
1.903600e-05,-0.080402
1.903840e-05,-0.080402
1.904080e-05,-0.080402
1.904320e-05,-0.080402
1.904560e-05,-0.080402
1.904800e-05,-0.080402
1.905040e-05,-0.080402
1.905280e-05,-0.080402
1.905520e-05,-0.080402
1.905760e-05,-0.080402
1.906000e-05,-0.160804
1.906240e-05,-0.160804
1.906480e-05,-0.080402
1.906720e-05,-0.080402
1.906960e-05,-0.080402
1.907200e-05,-0.080402
1.907440e-05,-0.080402
1.907680e-05,-0.080402
1.907920e-05,-0.080402
1.908160e-05,-0.080402
1.908400e-05,-0.080402
1.908640e-05,-0.080402
1.908880e-05,-0.080402
1.909120e-05,-0.080402
1.909360e-05,-0.080402
1.909600e-05,-0.080402
1.909840e-05,-0.080402
1.910080e-05,-0.080402
1.910320e-05,-0.080402
1.910560e-05,-0.080402
1.910800e-05,-0.080402
1.911040e-05,-0.080402
1.911280e-05,-0.080402
1.911520e-05,-0.080402
1.911760e-05,-0.080402
1.912000e-05,-0.080402
1.912240e-05,-0.080402
1.912480e-05,-0.080402
1.912720e-05,-0.080402
1.912960e-05,-0.080402
1.913200e-05,-0.080402
1.913440e-05,-0.080402
1.913680e-05,-0.080402
1.913920e-05,-0.080402
1.914160e-05,-0.080402
1.914400e-05,-0.080402
1.914640e-05,-0.080402
1.914880e-05,-0.080402
1.915120e-05,-0.080402
1.915360e-05,-0.080402
1.915600e-05,-0.080402
1.915840e-05,-0.080402
1.916080e-05,-0.080402
1.916320e-05,-0.080402
1.916560e-05,-0.080402
1.916800e-05,-0.080402
1.917040e-05,-0.080402
1.917280e-05,-0.080402
1.917520e-05,-0.080402
1.917760e-05,-0.080402
1.918000e-05,-0.080402
1.918240e-05,-0.080402
1.918480e-05,-0.080402
1.918720e-05,-0.080402
1.918960e-05,-0.080402
1.919200e-05,-0.080402
1.919440e-05,-0.080402
1.919680e-05,-0.080402
1.919920e-05,-0.080402
1.920160e-05,-0.080402
1.920400e-05,-0.080402
1.920640e-05,-0.080402
1.920880e-05,-0.080402
1.921120e-05,-0.080402
1.921360e-05,-0.080402
1.921600e-05,-0.080402
1.921840e-05,-0.080402
1.922080e-05,-0.080402
1.922320e-05,-0.080402
1.922560e-05,0.000000
1.922800e-05,-0.080402
1.923040e-05,-0.080402
1.923280e-05,-0.080402
1.923520e-05,-0.080402
1.923760e-05,-0.080402
1.924000e-05,-0.080402
1.924240e-05,-0.080402
1.924480e-05,-0.080402
1.924720e-05,-0.080402
1.924960e-05,-0.080402
1.925200e-05,-0.080402
1.925440e-05,-0.080402
1.925680e-05,-0.080402
1.925920e-05,-0.080402
1.926160e-05,-0.080402
1.926400e-05,-0.080402
1.926640e-05,-0.080402
1.926880e-05,-0.080402
1.927120e-05,-0.080402
1.927360e-05,-0.080402
1.927600e-05,-0.080402
1.927840e-05,-0.080402
1.928080e-05,-0.080402
1.928320e-05,-0.080402
1.928560e-05,-0.080402
1.928800e-05,-0.080402
1.929040e-05,-0.080402
1.929280e-05,-0.080402
1.929520e-05,-0.080402
1.929760e-05,-0.080402
1.930000e-05,-0.080402
1.930240e-05,-0.080402
1.930480e-05,-0.080402
1.930720e-05,-0.080402
1.930960e-05,-0.080402
1.931200e-05,-0.080402
1.931440e-05,-0.080402
1.931680e-05,-0.080402
1.931920e-05,-0.080402
1.932160e-05,-0.080402
1.932400e-05,-0.080402
1.932640e-05,-0.080402
1.932880e-05,-0.080402
1.933120e-05,-0.080402
1.933360e-05,-0.080402
1.933600e-05,-0.080402
1.933840e-05,-0.080402
1.934080e-05,-0.080402
1.934320e-05,-0.080402
1.934560e-05,-0.160804
1.934800e-05,-0.080402
1.935040e-05,-0.080402
1.935280e-05,-0.080402
1.935520e-05,-0.080402
1.935760e-05,-0.080402
1.936000e-05,-0.080402
1.936240e-05,-0.080402
1.936480e-05,-0.080402
1.936720e-05,-0.080402
1.936960e-05,-0.080402
1.937200e-05,-0.080402
1.937440e-05,-0.080402
1.937680e-05,-0.080402
1.937920e-05,-0.080402
1.938160e-05,-0.080402
1.938400e-05,-0.080402
1.938640e-05,-0.080402
1.938880e-05,-0.080402
1.939120e-05,-0.080402
1.939360e-05,-0.080402
1.939600e-05,-0.080402
1.939840e-05,-0.080402
1.940080e-05,-0.080402
1.940320e-05,-0.080402
1.940560e-05,-0.080402
1.940800e-05,-0.080402
1.941040e-05,-0.080402
1.941280e-05,-0.080402
1.941520e-05,-0.080402
1.941760e-05,-0.080402
1.942000e-05,-0.080402
1.942240e-05,-0.080402
1.942480e-05,-0.080402
1.942720e-05,-0.080402
1.942960e-05,-0.080402
1.943200e-05,-0.080402
1.943440e-05,-0.080402
1.943680e-05,-0.080402
1.943920e-05,-0.080402
1.944160e-05,-0.080402
1.944400e-05,-0.080402
1.944640e-05,-0.080402
1.944880e-05,-0.080402
1.945120e-05,-0.080402
1.945360e-05,-0.080402
1.945600e-05,-0.080402
1.945840e-05,-0.080402
1.946080e-05,-0.080402
1.946320e-05,-0.080402
1.946560e-05,-0.080402
1.946800e-05,-0.080402
1.947040e-05,-0.080402
1.947280e-05,-0.080402
1.947520e-05,-0.080402
1.947760e-05,-0.080402
1.948000e-05,-0.080402
1.948240e-05,-0.080402
1.948480e-05,-0.080402
1.948720e-05,-0.080402
1.948960e-05,-0.080402
1.949200e-05,-0.080402
1.949440e-05,-0.080402
1.949680e-05,-0.080402
1.949920e-05,-0.080402
1.950160e-05,-0.160804
1.950400e-05,-0.160804
1.950640e-05,-0.160804
1.950880e-05,-0.080402
1.951120e-05,-0.080402
1.951360e-05,-0.080402
1.951600e-05,-0.080402
1.951840e-05,-0.080402
1.952080e-05,-0.080402
1.952320e-05,-0.080402
1.952560e-05,-0.080402
1.952800e-05,-0.080402
1.953040e-05,-0.160804
1.953280e-05,-0.080402
1.953520e-05,-0.080402
1.953760e-05,-0.080402
1.954000e-05,-0.080402
1.954240e-05,-0.080402
1.954480e-05,-0.080402
1.954720e-05,-0.080402
1.954960e-05,-0.080402
1.955200e-05,-0.080402
1.955440e-05,-0.080402
1.955680e-05,-0.080402
1.955920e-05,-0.080402
1.956160e-05,-0.080402
1.956400e-05,-0.080402
1.956640e-05,-0.080402
1.956880e-05,-0.080402
1.957120e-05,-0.080402
1.957360e-05,-0.080402
1.957600e-05,-0.080402
1.957840e-05,-0.080402
1.958080e-05,-0.080402
1.958320e-05,-0.080402
1.958560e-05,-0.080402
1.958800e-05,-0.080402
1.959040e-05,-0.080402
1.959280e-05,-0.080402
1.959520e-05,-0.080402
1.959760e-05,-0.080402
1.960000e-05,-0.080402
1.960240e-05,-0.080402
1.960480e-05,-0.080402
1.960720e-05,-0.080402
1.960960e-05,-0.080402
1.961200e-05,-0.080402
1.961440e-05,-0.080402
1.961680e-05,-0.080402
1.961920e-05,-0.080402
1.962160e-05,-0.080402
1.962400e-05,-0.080402
1.962640e-05,-0.080402
1.962880e-05,-0.080402
1.963120e-05,-0.080402
1.963360e-05,-0.080402
1.963600e-05,-0.080402
1.963840e-05,-0.080402
1.964080e-05,-0.080402
1.964320e-05,-0.080402
1.964560e-05,-0.080402
1.964800e-05,-0.080402
1.965040e-05,-0.080402
1.965280e-05,-0.080402
1.965520e-05,-0.080402
1.965760e-05,-0.080402
1.966000e-05,-0.080402
1.966240e-05,-0.080402
1.966480e-05,-0.080402
1.966720e-05,-0.080402
1.966960e-05,-0.080402
1.967200e-05,-0.080402
1.967440e-05,-0.080402
1.967680e-05,-0.080402
1.967920e-05,-0.080402
1.968160e-05,-0.160804
1.968400e-05,-0.160804
1.968640e-05,-0.080402
1.968880e-05,-0.080402
1.969120e-05,-0.080402
1.969360e-05,-0.080402
1.969600e-05,-0.080402
1.969840e-05,-0.080402
1.970080e-05,-0.080402
1.970320e-05,-0.080402
1.970560e-05,-0.080402
1.970800e-05,-0.080402
1.971040e-05,-0.080402
1.971280e-05,-0.080402
1.971520e-05,-0.080402
1.971760e-05,-0.080402
1.972000e-05,-0.080402
1.972240e-05,-0.080402
1.972480e-05,-0.080402
1.972720e-05,-0.080402
1.972960e-05,-0.080402
1.973200e-05,-0.080402
1.973440e-05,-0.080402
1.973680e-05,-0.080402
1.973920e-05,-0.080402
1.974160e-05,-0.080402
1.974400e-05,-0.080402
1.974640e-05,-0.080402
1.974880e-05,-0.080402
1.975120e-05,-0.080402
1.975360e-05,-0.080402
1.975600e-05,-0.080402
1.975840e-05,-0.080402
1.976080e-05,-0.080402
1.976320e-05,-0.080402
1.976560e-05,-0.080402
1.976800e-05,-0.080402
1.977040e-05,-0.080402
1.977280e-05,-0.080402
1.977520e-05,-0.080402
1.977760e-05,-0.080402
1.978000e-05,-0.080402
1.978240e-05,-0.080402
1.978480e-05,-0.080402
1.978720e-05,-0.080402
1.978960e-05,-0.080402
1.979200e-05,-0.080402
1.979440e-05,-0.080402
1.979680e-05,-0.080402
1.979920e-05,-0.080402
1.980160e-05,-0.080402
1.980400e-05,-0.080402
1.980640e-05,-0.080402
1.980880e-05,-0.080402
1.981120e-05,-0.080402
1.981360e-05,-0.080402
1.981600e-05,-0.080402
1.981840e-05,-0.080402
1.982080e-05,-0.080402
1.982320e-05,-0.080402
1.982560e-05,-0.080402
1.982800e-05,-0.080402
1.983040e-05,-0.080402
1.983280e-05,-0.080402
1.983520e-05,-0.080402
1.983760e-05,-0.080402
1.984000e-05,-0.080402
1.984240e-05,-0.080402
1.984480e-05,-0.080402
1.984720e-05,-0.080402
1.984960e-05,-0.080402
1.985200e-05,-0.080402
1.985440e-05,-0.080402
1.985680e-05,-0.160804
1.985920e-05,-0.080402
1.986160e-05,-0.080402
1.986400e-05,-0.080402
1.986640e-05,-0.080402
1.986880e-05,-0.080402
1.987120e-05,-0.080402
1.987360e-05,-0.080402
1.987600e-05,-0.080402
1.987840e-05,-0.080402
1.988080e-05,-0.080402
1.988320e-05,-0.080402
1.988560e-05,-0.080402
1.988800e-05,-0.080402
1.989040e-05,-0.080402
1.989280e-05,-0.080402
1.989520e-05,-0.080402
1.989760e-05,-0.160804
1.990000e-05,-0.080402
1.990240e-05,-0.080402
1.990480e-05,-0.080402
1.990720e-05,-0.080402
1.990960e-05,-0.080402
1.991200e-05,-0.080402
1.991440e-05,-0.080402
1.991680e-05,-0.080402
1.991920e-05,-0.080402
1.992160e-05,-0.080402
1.992400e-05,-0.080402
1.992640e-05,-0.080402
1.992880e-05,-0.160804
1.993120e-05,-0.080402
1.993360e-05,-0.080402
1.993600e-05,-0.080402
1.993840e-05,-0.080402
1.994080e-05,-0.080402
1.994320e-05,-0.080402
1.994560e-05,-0.080402
1.994800e-05,-0.080402
1.995040e-05,-0.080402
1.995280e-05,-0.080402
1.995520e-05,-0.080402
1.995760e-05,-0.080402
1.996000e-05,-0.080402
1.996240e-05,-0.080402
1.996480e-05,-0.080402
1.996720e-05,-0.080402
1.996960e-05,-0.080402
1.997200e-05,-0.080402
1.997440e-05,-0.080402
1.997680e-05,-0.080402
1.997920e-05,-0.080402
1.998160e-05,-0.080402
1.998400e-05,-0.080402
1.998640e-05,-0.080402
1.998880e-05,-0.080402
1.999120e-05,-0.080402
1.999360e-05,-0.080402
1.999600e-05,-0.080402
1.999840e-05,-0.080402
2.000080e-05,-0.080402
2.000320e-05,-0.080402
2.000560e-05,-0.080402
2.000800e-05,-0.080402
2.001040e-05,-0.080402
2.001280e-05,-0.080402
2.001520e-05,-0.080402
2.001760e-05,-0.080402
2.002000e-05,-0.080402
2.002240e-05,-0.080402
2.002480e-05,-0.080402
2.002720e-05,-0.080402
2.002960e-05,-0.080402
2.003200e-05,-0.080402
2.003440e-05,-0.080402
2.003680e-05,-0.080402
2.003920e-05,-0.080402
2.004160e-05,-0.080402
2.004400e-05,-0.080402
2.004640e-05,-0.080402
2.004880e-05,-0.080402
2.005120e-05,-0.080402
2.005360e-05,-0.080402
2.005600e-05,-0.080402
2.005840e-05,-0.080402
2.006080e-05,-0.080402
2.006320e-05,-0.080402
2.006560e-05,-0.080402
2.006800e-05,-0.080402
2.007040e-05,-0.080402
2.007280e-05,-0.080402
2.007520e-05,-0.080402
2.007760e-05,-0.080402
2.008000e-05,-0.080402
2.008240e-05,-0.080402
2.008480e-05,-0.080402
2.008720e-05,-0.080402
2.008960e-05,-0.080402
2.009200e-05,-0.080402
2.009440e-05,-0.080402
2.009680e-05,-0.080402
2.009920e-05,-0.080402
2.010160e-05,-0.080402
2.010400e-05,-0.080402
2.010640e-05,-0.080402
2.010880e-05,-0.080402
2.011120e-05,-0.080402
2.011360e-05,-0.160804
2.011600e-05,-0.160804
2.011840e-05,-0.160804
2.012080e-05,-0.080402
2.012320e-05,-0.160804
2.012560e-05,-0.160804
2.012800e-05,-0.160804
2.013040e-05,-0.080402
2.013280e-05,-0.160804
2.013520e-05,-0.080402
2.013760e-05,-0.160804
2.014000e-05,-0.160804
2.014240e-05,-0.080402
2.014480e-05,-0.080402
2.014720e-05,-0.080402
2.014960e-05,-0.080402
2.015200e-05,-0.160804
2.015440e-05,-0.160804
2.015680e-05,-0.160804
2.015920e-05,-0.160804
2.016160e-05,-0.080402
2.016400e-05,-0.160804
2.016640e-05,-0.160804
2.016880e-05,-0.160804
2.017120e-05,-0.160804
2.017360e-05,-0.160804
2.017600e-05,-0.160804
2.017840e-05,-0.160804
2.018080e-05,-0.080402
2.018320e-05,-0.080402
2.018560e-05,-0.080402
2.018800e-05,-0.080402
2.019040e-05,-0.160804
2.019280e-05,-0.160804
2.019520e-05,-0.160804
2.019760e-05,-0.080402
2.020000e-05,-0.160804
2.020240e-05,-0.160804
2.020480e-05,-0.160804
2.020720e-05,-0.160804
2.020960e-05,-0.160804
2.021200e-05,-0.080402
2.021440e-05,-0.080402
2.021680e-05,-0.160804
2.021920e-05,-0.080402
2.022160e-05,-0.080402
2.022400e-05,-0.080402
2.022640e-05,-0.080402
2.022880e-05,-0.080402
2.023120e-05,-0.080402
2.023360e-05,-0.080402
2.023600e-05,-0.080402
2.023840e-05,-0.080402
2.024080e-05,-0.080402
2.024320e-05,-0.080402
2.024560e-05,-0.080402
2.024800e-05,-0.160804
2.025040e-05,-0.160804
2.025280e-05,-0.080402
2.025520e-05,-0.080402
2.025760e-05,-0.080402
2.026000e-05,-0.080402
2.026240e-05,-0.080402
2.026480e-05,-0.080402
2.026720e-05,-0.080402
2.026960e-05,-0.080402
2.027200e-05,-0.080402
2.027440e-05,-0.080402
2.027680e-05,-0.080402
2.027920e-05,-0.080402
2.028160e-05,-0.160804
2.028400e-05,-0.080402
2.028640e-05,-0.080402
2.028880e-05,-0.080402
2.029120e-05,-0.080402
2.029360e-05,-0.080402
2.029600e-05,-0.080402
2.029840e-05,-0.080402
2.030080e-05,-0.080402
2.030320e-05,-0.080402
2.030560e-05,-0.160804
2.030800e-05,-0.080402
2.031040e-05,-0.080402
2.031280e-05,-0.080402
2.031520e-05,-0.080402
2.031760e-05,-0.080402
2.032000e-05,-0.080402
2.032240e-05,-0.080402
2.032480e-05,-0.080402
2.032720e-05,-0.080402
2.032960e-05,-0.080402
2.033200e-05,-0.080402
2.033440e-05,-0.080402
2.033680e-05,-0.160804
2.033920e-05,-0.080402
2.034160e-05,-0.160804
2.034400e-05,-0.160804
2.034640e-05,-0.080402
2.034880e-05,-0.080402
2.035120e-05,-0.080402
2.035360e-05,-0.080402
2.035600e-05,-0.080402
2.035840e-05,-0.080402
2.036080e-05,-0.080402
2.036320e-05,-0.080402
2.036560e-05,-0.080402
2.036800e-05,-0.160804
2.037040e-05,-0.160804
2.037280e-05,-0.160804
2.037520e-05,-0.160804
2.037760e-05,-0.160804
2.038000e-05,-0.160804
2.038240e-05,-0.160804
2.038480e-05,-0.160804
2.038720e-05,-0.160804
2.038960e-05,-0.160804
2.039200e-05,-0.080402
2.039440e-05,-0.080402
2.039680e-05,-0.080402
2.039920e-05,-0.080402
2.040160e-05,-0.080402
2.040400e-05,-0.160804
2.040640e-05,-0.080402
2.040880e-05,-0.080402
2.041120e-05,-0.080402
2.041360e-05,-0.080402
2.041600e-05,-0.080402
2.041840e-05,-0.080402
2.042080e-05,-0.080402
2.042320e-05,-0.080402
2.042560e-05,-0.080402
2.042800e-05,-0.080402
2.043040e-05,-0.080402
2.043280e-05,-0.080402
2.043520e-05,-0.080402
2.043760e-05,-0.080402
2.044000e-05,-0.160804
2.044240e-05,-0.080402
2.044480e-05,-0.080402
2.044720e-05,-0.080402
2.044960e-05,-0.080402
2.045200e-05,-0.080402
2.045440e-05,-0.080402
2.045680e-05,-0.080402
2.045920e-05,-0.080402
2.046160e-05,-0.080402
2.046400e-05,-0.080402
2.046640e-05,-0.080402
2.046880e-05,-0.080402
2.047120e-05,-0.160804
2.047360e-05,-0.080402
2.047600e-05,-0.080402
2.047840e-05,-0.080402
2.048080e-05,-0.080402
2.048320e-05,-0.080402
2.048560e-05,-0.080402
2.048800e-05,-0.080402
2.049040e-05,-0.080402
2.049280e-05,-0.080402
2.049520e-05,-0.080402
2.049760e-05,-0.080402
2.050000e-05,-0.080402
2.050240e-05,-0.080402
2.050480e-05,-0.080402
2.050720e-05,-0.080402
2.050960e-05,-0.080402
2.051200e-05,-0.080402
2.051440e-05,-0.080402
2.051680e-05,-0.080402
2.051920e-05,-0.080402
2.052160e-05,-0.080402
2.052400e-05,-0.080402
2.052640e-05,-0.080402
2.052880e-05,-0.080402
2.053120e-05,-0.080402
2.053360e-05,-0.080402
2.053600e-05,-0.080402
2.053840e-05,-0.080402
2.054080e-05,-0.080402
2.054320e-05,-0.080402
2.054560e-05,-0.080402
2.054800e-05,-0.080402
2.055040e-05,-0.080402
2.055280e-05,-0.080402
2.055520e-05,-0.080402
2.055760e-05,-0.080402
2.056000e-05,-0.080402
2.056240e-05,-0.080402
2.056480e-05,-0.080402
2.056720e-05,-0.080402
2.056960e-05,-0.080402
2.057200e-05,-0.080402
2.057440e-05,-0.080402
2.057680e-05,-0.080402
2.057920e-05,-0.080402
2.058160e-05,-0.080402
2.058400e-05,-0.080402
2.058640e-05,-0.080402
2.058880e-05,-0.080402
2.059120e-05,-0.080402
2.059360e-05,-0.080402
2.059600e-05,-0.080402
2.059840e-05,-0.080402
2.060080e-05,-0.080402
2.060320e-05,-0.080402
2.060560e-05,-0.080402
2.060800e-05,-0.080402
2.061040e-05,-0.080402
2.061280e-05,-0.080402
2.061520e-05,-0.080402
2.061760e-05,-0.080402
2.062000e-05,-0.080402
2.062240e-05,-0.080402
2.062480e-05,-0.080402
2.062720e-05,-0.080402
2.062960e-05,-0.080402
2.063200e-05,-0.080402
2.063440e-05,-0.080402
2.063680e-05,-0.080402
2.063920e-05,-0.080402
2.064160e-05,-0.080402
2.064400e-05,-0.080402
2.064640e-05,-0.080402
2.064880e-05,-0.080402
2.065120e-05,-0.080402
2.065360e-05,-0.080402
2.065600e-05,-0.080402
2.065840e-05,-0.080402
2.066080e-05,-0.080402
2.066320e-05,-0.080402
2.066560e-05,-0.080402
2.066800e-05,-0.080402
2.067040e-05,-0.080402
2.067280e-05,-0.080402
2.067520e-05,-0.080402
2.067760e-05,-0.080402
2.068000e-05,-0.080402
2.068240e-05,-0.080402
2.068480e-05,-0.080402
2.068720e-05,-0.080402
2.068960e-05,-0.080402
2.069200e-05,-0.080402
2.069440e-05,-0.080402
2.069680e-05,-0.080402
2.069920e-05,-0.080402
2.070160e-05,-0.080402
2.070400e-05,-0.080402
2.070640e-05,-0.080402
2.070880e-05,-0.080402
2.071120e-05,-0.080402
2.071360e-05,-0.080402
2.071600e-05,-0.080402
2.071840e-05,-0.080402
2.072080e-05,-0.080402
2.072320e-05,-0.080402
2.072560e-05,-0.080402
2.072800e-05,-0.080402
2.073040e-05,-0.080402
2.073280e-05,-0.080402
2.073520e-05,-0.080402
2.073760e-05,-0.080402
2.074000e-05,-0.080402
2.074240e-05,-0.080402
2.074480e-05,-0.080402
2.074720e-05,-0.080402
2.074960e-05,-0.080402
2.075200e-05,-0.080402
2.075440e-05,-0.080402
2.075680e-05,-0.080402
2.075920e-05,-0.080402
2.076160e-05,-0.080402
2.076400e-05,-0.080402
2.076640e-05,-0.080402
2.076880e-05,-0.080402
2.077120e-05,-0.080402
2.077360e-05,-0.080402
2.077600e-05,-0.080402
2.077840e-05,-0.080402
2.078080e-05,-0.080402
2.078320e-05,-0.080402
2.078560e-05,-0.080402
2.078800e-05,-0.080402
2.079040e-05,-0.080402
2.079280e-05,-0.080402
2.079520e-05,-0.080402
2.079760e-05,-0.080402
2.080000e-05,-0.080402
2.080240e-05,-0.080402
2.080480e-05,-0.080402
2.080720e-05,-0.080402
2.080960e-05,-0.080402
2.081200e-05,-0.080402
2.081440e-05,-0.080402
2.081680e-05,-0.080402
2.081920e-05,-0.080402
2.082160e-05,-0.160804
2.082400e-05,-0.080402
2.082640e-05,-0.080402
2.082880e-05,-0.080402
2.083120e-05,-0.080402
2.083360e-05,-0.080402
2.083600e-05,-0.080402
2.083840e-05,-0.080402
2.084080e-05,-0.160804
2.084320e-05,-0.080402
2.084560e-05,-0.080402
2.084800e-05,-0.080402
2.085040e-05,-0.080402
2.085280e-05,-0.080402
2.085520e-05,-0.080402
2.085760e-05,-0.080402
2.086000e-05,-0.080402
2.086240e-05,-0.080402
2.086480e-05,-0.080402
2.086720e-05,-0.080402
2.086960e-05,-0.080402
2.087200e-05,-0.080402
2.087440e-05,-0.080402
2.087680e-05,-0.080402
2.087920e-05,-0.080402
2.088160e-05,-0.080402
2.088400e-05,-0.080402
2.088640e-05,-0.080402
2.088880e-05,-0.080402
2.089120e-05,-0.080402
2.089360e-05,-0.080402
2.089600e-05,-0.080402
2.089840e-05,-0.080402
2.090080e-05,-0.080402
2.090320e-05,-0.080402
2.090560e-05,-0.160804
2.090800e-05,-0.080402
2.091040e-05,-0.080402
2.091280e-05,-0.080402
2.091520e-05,-0.080402
2.091760e-05,-0.080402
2.092000e-05,-0.080402
2.092240e-05,-0.080402
2.092480e-05,-0.080402
2.092720e-05,-0.080402
2.092960e-05,-0.080402
2.093200e-05,-0.080402
2.093440e-05,-0.080402
2.093680e-05,-0.080402
2.093920e-05,-0.080402
2.094160e-05,-0.080402
2.094400e-05,-0.080402
2.094640e-05,-0.160804
2.094880e-05,-0.080402
2.095120e-05,-0.160804
2.095360e-05,-0.160804
2.095600e-05,-0.160804
2.095840e-05,-0.160804
2.096080e-05,-0.160804
2.096320e-05,-0.080402
2.096560e-05,-0.080402
2.096800e-05,-0.160804
2.097040e-05,-0.080402
2.097280e-05,-0.080402
2.097520e-05,-0.080402
2.097760e-05,-0.080402
2.098000e-05,-0.080402
2.098240e-05,-0.080402
2.098480e-05,-0.080402
2.098720e-05,-0.160804
2.098960e-05,-0.160804
2.099200e-05,-0.080402
2.099440e-05,-0.080402
2.099680e-05,-0.080402
2.099920e-05,-0.160804
2.100160e-05,-0.160804
2.100400e-05,-0.080402
2.100640e-05,-0.080402
2.100880e-05,-0.080402
2.101120e-05,-0.080402
2.101360e-05,-0.080402
2.101600e-05,-0.080402
2.101840e-05,-0.080402
2.102080e-05,-0.160804
2.102320e-05,-0.080402
2.102560e-05,-0.080402
2.102800e-05,-0.080402
2.103040e-05,-0.080402
2.103280e-05,-0.080402
2.103520e-05,-0.080402
2.103760e-05,-0.080402
2.104000e-05,-0.080402
2.104240e-05,-0.080402
2.104480e-05,-0.080402
2.104720e-05,-0.080402
2.104960e-05,-0.080402
2.105200e-05,-0.160804
2.105440e-05,-0.080402
2.105680e-05,-0.080402
2.105920e-05,-0.080402
2.106160e-05,-0.080402
2.106400e-05,-0.080402
2.106640e-05,-0.080402
2.106880e-05,-0.080402
2.107120e-05,-0.160804
2.107360e-05,-0.080402
2.107600e-05,-0.080402
2.107840e-05,-0.080402
2.108080e-05,-0.080402
2.108320e-05,-0.080402
2.108560e-05,-0.080402
2.108800e-05,-0.080402
2.109040e-05,-0.080402
2.109280e-05,-0.080402
2.109520e-05,-0.080402
2.109760e-05,-0.080402
2.110000e-05,-0.080402
2.110240e-05,-0.080402
2.110480e-05,-0.160804
2.110720e-05,-0.160804
2.110960e-05,-0.080402
2.111200e-05,-0.160804
2.111440e-05,-0.160804
2.111680e-05,-0.160804
2.111920e-05,-0.080402
2.112160e-05,-0.160804
2.112400e-05,-0.080402
2.112640e-05,-0.080402
2.112880e-05,-0.080402
2.113120e-05,-0.160804
2.113360e-05,-0.080402
2.113600e-05,-0.080402
2.113840e-05,-0.080402
2.114080e-05,-0.080402
2.114320e-05,-0.080402
2.114560e-05,-0.080402
2.114800e-05,-0.080402
2.115040e-05,-0.080402
2.115280e-05,-0.080402
2.115520e-05,-0.080402
2.115760e-05,-0.080402
2.116000e-05,-0.080402
2.116240e-05,-0.080402
2.116480e-05,-0.080402
2.116720e-05,-0.080402
2.116960e-05,-0.080402
2.117200e-05,-0.080402
2.117440e-05,-0.080402
2.117680e-05,-0.080402
2.117920e-05,-0.080402
2.118160e-05,-0.080402
2.118400e-05,-0.080402
2.118640e-05,-0.080402
2.118880e-05,-0.160804
2.119120e-05,-0.080402
2.119360e-05,-0.080402
2.119600e-05,-0.080402
2.119840e-05,-0.080402
2.120080e-05,-0.080402
2.120320e-05,-0.080402
2.120560e-05,-0.080402
2.120800e-05,-0.080402
2.121040e-05,-0.080402
2.121280e-05,-0.080402
2.121520e-05,-0.080402
2.121760e-05,-0.080402
2.122000e-05,-0.080402
2.122240e-05,-0.080402
2.122480e-05,-0.080402
2.122720e-05,-0.080402
2.122960e-05,-0.080402
2.123200e-05,-0.080402
2.123440e-05,-0.080402
2.123680e-05,-0.080402
2.123920e-05,-0.080402
2.124160e-05,-0.080402
2.124400e-05,-0.160804
2.124640e-05,-0.160804
2.124880e-05,-0.160804
2.125120e-05,-0.160804
2.125360e-05,-0.080402
2.125600e-05,-0.080402
2.125840e-05,-0.080402
2.126080e-05,-0.080402
2.126320e-05,-0.080402
2.126560e-05,-0.080402
2.126800e-05,-0.080402
2.127040e-05,-0.080402
2.127280e-05,-0.080402
2.127520e-05,-0.160804
2.127760e-05,-0.080402
2.128000e-05,-0.080402
2.128240e-05,-0.080402
2.128480e-05,-0.080402
2.128720e-05,-0.080402
2.128960e-05,-0.080402
2.129200e-05,-0.080402
2.129440e-05,-0.080402
2.129680e-05,-0.160804
2.129920e-05,-0.160804
2.130160e-05,-0.080402
2.130400e-05,-0.080402
2.130640e-05,-0.080402
2.130880e-05,-0.080402
2.131120e-05,-0.080402
2.131360e-05,-0.080402
2.131600e-05,-0.160804
2.131840e-05,-0.080402
2.132080e-05,-0.080402
2.132320e-05,-0.080402
2.132560e-05,-0.080402
2.132800e-05,-0.160804
2.133040e-05,-0.080402
2.133280e-05,-0.080402
2.133520e-05,-0.160804
2.133760e-05,-0.080402
2.134000e-05,-0.080402
2.134240e-05,-0.080402
2.134480e-05,-0.080402
2.134720e-05,-0.080402
2.134960e-05,-0.080402
2.135200e-05,-0.080402
2.135440e-05,-0.080402
2.135680e-05,-0.080402
2.135920e-05,-0.080402
2.136160e-05,-0.080402
2.136400e-05,-0.080402
2.136640e-05,-0.080402
2.136880e-05,-0.080402
2.137120e-05,-0.080402
2.137360e-05,-0.080402
2.137600e-05,-0.080402
2.137840e-05,-0.080402
2.138080e-05,-0.080402
2.138320e-05,-0.080402
2.138560e-05,-0.080402
2.138800e-05,-0.080402
2.139040e-05,-0.080402
2.139280e-05,-0.080402
2.139520e-05,-0.080402
2.139760e-05,-0.080402
2.140000e-05,-0.080402
2.140240e-05,-0.080402
2.140480e-05,-0.080402
2.140720e-05,-0.080402
2.140960e-05,-0.080402
2.141200e-05,-0.080402
2.141440e-05,-0.080402
2.141680e-05,-0.080402
2.141920e-05,-0.080402
2.142160e-05,-0.080402
2.142400e-05,-0.080402
2.142640e-05,-0.080402
2.142880e-05,-0.080402
2.143120e-05,-0.080402
2.143360e-05,-0.080402
2.143600e-05,-0.160804
2.143840e-05,-0.160804
2.144080e-05,-0.080402
2.144320e-05,-0.080402
2.144560e-05,-0.080402
2.144800e-05,-0.080402
2.145040e-05,-0.080402
2.145280e-05,-0.080402
2.145520e-05,-0.080402
2.145760e-05,-0.080402
2.146000e-05,-0.080402
2.146240e-05,-0.080402
2.146480e-05,-0.080402
2.146720e-05,-0.080402
2.146960e-05,-0.080402
2.147200e-05,-0.080402
2.147440e-05,-0.080402
2.147680e-05,-0.080402
2.147920e-05,-0.080402
2.148160e-05,-0.080402
2.148400e-05,-0.080402
2.148640e-05,-0.080402
2.148880e-05,-0.080402
2.149120e-05,-0.080402
2.149360e-05,-0.080402
2.149600e-05,-0.080402
2.149840e-05,-0.080402
2.150080e-05,-0.080402
2.150320e-05,-0.080402
2.150560e-05,-0.080402
2.150800e-05,-0.080402
2.151040e-05,-0.080402
2.151280e-05,-0.080402
2.151520e-05,-0.080402
2.151760e-05,-0.080402
2.152000e-05,-0.080402
2.152240e-05,-0.080402
2.152480e-05,-0.080402
2.152720e-05,-0.080402
2.152960e-05,-0.080402
2.153200e-05,-0.080402
2.153440e-05,-0.080402
2.153680e-05,-0.080402
2.153920e-05,-0.080402
2.154160e-05,-0.080402
2.154400e-05,-0.080402
2.154640e-05,-0.080402
2.154880e-05,-0.080402
2.155120e-05,-0.080402
2.155360e-05,-0.080402
2.155600e-05,-0.080402
2.155840e-05,-0.080402
2.156080e-05,-0.080402
2.156320e-05,-0.080402
2.156560e-05,-0.080402
2.156800e-05,-0.080402
2.157040e-05,-0.080402
2.157280e-05,-0.080402
2.157520e-05,-0.080402
2.157760e-05,-0.080402
2.158000e-05,-0.080402
2.158240e-05,-0.080402
2.158480e-05,-0.080402
2.158720e-05,-0.080402
2.158960e-05,-0.080402
2.159200e-05,-0.080402
2.159440e-05,-0.080402
2.159680e-05,-0.080402
2.159920e-05,-0.080402
2.160160e-05,-0.080402
2.160400e-05,-0.080402
2.160640e-05,-0.080402
2.160880e-05,-0.080402
2.161120e-05,-0.080402
2.161360e-05,-0.080402
2.161600e-05,-0.080402
2.161840e-05,-0.080402
2.162080e-05,-0.080402
2.162320e-05,-0.080402
2.162560e-05,-0.080402
2.162800e-05,-0.080402
2.163040e-05,-0.080402
2.163280e-05,-0.080402
2.163520e-05,-0.080402
2.163760e-05,-0.080402
2.164000e-05,-0.080402
2.164240e-05,-0.080402
2.164480e-05,-0.080402
2.164720e-05,-0.080402
2.164960e-05,-0.080402
2.165200e-05,-0.080402
2.165440e-05,-0.080402
2.165680e-05,-0.080402
2.165920e-05,-0.080402
2.166160e-05,-0.080402
2.166400e-05,-0.080402
2.166640e-05,-0.080402
2.166880e-05,-0.080402
2.167120e-05,-0.080402
2.167360e-05,-0.080402
2.167600e-05,-0.080402
2.167840e-05,-0.080402
2.168080e-05,-0.080402
2.168320e-05,-0.080402
2.168560e-05,-0.080402
2.168800e-05,-0.080402
2.169040e-05,-0.080402
2.169280e-05,-0.080402
2.169520e-05,-0.080402
2.169760e-05,-0.080402
2.170000e-05,-0.080402
2.170240e-05,-0.080402
2.170480e-05,-0.080402
2.170720e-05,-0.080402
2.170960e-05,-0.080402
2.171200e-05,-0.080402
2.171440e-05,-0.080402
2.171680e-05,-0.080402
2.171920e-05,-0.080402
2.172160e-05,-0.080402
2.172400e-05,-0.080402
2.172640e-05,-0.080402
2.172880e-05,-0.080402
2.173120e-05,-0.080402
2.173360e-05,-0.080402
2.173600e-05,-0.080402
2.173840e-05,-0.080402
2.174080e-05,-0.080402
2.174320e-05,-0.080402
2.174560e-05,-0.160804
2.174800e-05,-0.160804
2.175040e-05,-0.160804
2.175280e-05,-0.080402
2.175520e-05,-0.160804
2.175760e-05,-0.080402
2.176000e-05,-0.080402
2.176240e-05,-0.080402
2.176480e-05,-0.080402
2.176720e-05,-0.080402
2.176960e-05,-0.080402
2.177200e-05,-0.080402
2.177440e-05,-0.080402
2.177680e-05,-0.080402
2.177920e-05,-0.080402
2.178160e-05,-0.080402
2.178400e-05,-0.080402
2.178640e-05,-0.080402
2.178880e-05,-0.080402
2.179120e-05,-0.080402
2.179360e-05,-0.080402
2.179600e-05,-0.080402
2.179840e-05,-0.080402
2.180080e-05,-0.080402
2.180320e-05,-0.080402
2.180560e-05,-0.080402
2.180800e-05,-0.080402
2.181040e-05,-0.080402
2.181280e-05,-0.080402
2.181520e-05,-0.080402
2.181760e-05,-0.080402
2.182000e-05,-0.080402
2.182240e-05,-0.080402
2.182480e-05,-0.080402
2.182720e-05,-0.080402
2.182960e-05,-0.080402
2.183200e-05,-0.080402
2.183440e-05,-0.080402
2.183680e-05,-0.080402
2.183920e-05,-0.080402
2.184160e-05,-0.080402
2.184400e-05,-0.080402
2.184640e-05,-0.080402
2.184880e-05,-0.080402
2.185120e-05,-0.080402
2.185360e-05,-0.080402
2.185600e-05,-0.080402
2.185840e-05,-0.080402
2.186080e-05,-0.080402
2.186320e-05,-0.080402
2.186560e-05,-0.080402
2.186800e-05,-0.080402
2.187040e-05,-0.080402
2.187280e-05,-0.080402
2.187520e-05,-0.080402
2.187760e-05,-0.080402
2.188000e-05,-0.080402
2.188240e-05,-0.080402
2.188480e-05,-0.080402
2.188720e-05,-0.080402
2.188960e-05,-0.080402
2.189200e-05,-0.080402
2.189440e-05,-0.080402
2.189680e-05,-0.080402
2.189920e-05,-0.080402
2.190160e-05,-0.080402
2.190400e-05,-0.080402
2.190640e-05,-0.080402
2.190880e-05,-0.080402
2.191120e-05,-0.080402
2.191360e-05,-0.080402
2.191600e-05,-0.080402
2.191840e-05,-0.160804
2.192080e-05,-0.160804
2.192320e-05,-0.080402
2.192560e-05,-0.080402
2.192800e-05,-0.080402
2.193040e-05,-0.160804
2.193280e-05,-0.080402
2.193520e-05,-0.080402
2.193760e-05,-0.160804
2.194000e-05,-0.160804
2.194240e-05,-0.160804
2.194480e-05,-0.080402
2.194720e-05,-0.080402
2.194960e-05,-0.080402
2.195200e-05,-0.080402
2.195440e-05,-0.080402
2.195680e-05,-0.080402
2.195920e-05,-0.080402
2.196160e-05,-0.080402
2.196400e-05,-0.080402
2.196640e-05,-0.080402
2.196880e-05,-0.080402
2.197120e-05,-0.080402
2.197360e-05,-0.080402
2.197600e-05,-0.080402
2.197840e-05,-0.080402
2.198080e-05,-0.080402
2.198320e-05,-0.080402
2.198560e-05,-0.080402
2.198800e-05,-0.080402
2.199040e-05,-0.080402
2.199280e-05,-0.080402
2.199520e-05,-0.080402
2.199760e-05,-0.080402
2.200000e-05,-0.080402
2.200240e-05,-0.080402
2.200480e-05,-0.080402
2.200720e-05,-0.080402
2.200960e-05,-0.080402
2.201200e-05,-0.080402
2.201440e-05,-0.080402
2.201680e-05,-0.080402
2.201920e-05,-0.080402
2.202160e-05,-0.080402
2.202400e-05,-0.080402
2.202640e-05,-0.080402
2.202880e-05,-0.080402
2.203120e-05,-0.080402
2.203360e-05,-0.080402
2.203600e-05,-0.080402
2.203840e-05,-0.080402
2.204080e-05,-0.080402
2.204320e-05,-0.080402
2.204560e-05,-0.080402
2.204800e-05,-0.080402
2.205040e-05,-0.080402
2.205280e-05,-0.080402
2.205520e-05,-0.080402
2.205760e-05,-0.080402
2.206000e-05,-0.080402
2.206240e-05,-0.080402
2.206480e-05,-0.080402
2.206720e-05,-0.080402
2.206960e-05,-0.080402
2.207200e-05,-0.080402
2.207440e-05,-0.080402
2.207680e-05,-0.080402
2.207920e-05,-0.080402
2.208160e-05,-0.080402
2.208400e-05,-0.080402
2.208640e-05,-0.080402
2.208880e-05,-0.080402
2.209120e-05,-0.080402
2.209360e-05,-0.080402
2.209600e-05,-0.080402
2.209840e-05,-0.080402
2.210080e-05,-0.080402
2.210320e-05,-0.080402
2.210560e-05,-0.080402
2.210800e-05,-0.080402
2.211040e-05,-0.080402
2.211280e-05,-0.080402
2.211520e-05,-0.080402
2.211760e-05,-0.080402
2.212000e-05,-0.080402
2.212240e-05,-0.080402
2.212480e-05,-0.080402
2.212720e-05,-0.160804
2.212960e-05,-0.080402
2.213200e-05,-0.080402
2.213440e-05,-0.080402
2.213680e-05,-0.080402
2.213920e-05,-0.080402
2.214160e-05,-0.080402
2.214400e-05,-0.080402
2.214640e-05,-0.080402
2.214880e-05,-0.080402
2.215120e-05,-0.080402
2.215360e-05,-0.080402
2.215600e-05,-0.080402
2.215840e-05,-0.080402
2.216080e-05,-0.080402
2.216320e-05,-0.080402
2.216560e-05,-0.080402
2.216800e-05,-0.160804
2.217040e-05,-0.080402
2.217280e-05,-0.160804
2.217520e-05,-0.160804
2.217760e-05,-0.160804
2.218000e-05,-0.080402
2.218240e-05,-0.160804
2.218480e-05,-0.160804
2.218720e-05,-0.160804
2.218960e-05,-0.160804
2.219200e-05,-0.160804
2.219440e-05,-0.080402
2.219680e-05,-0.080402
2.219920e-05,-0.080402
2.220160e-05,-0.080402
2.220400e-05,-0.080402
2.220640e-05,-0.080402
2.220880e-05,-0.080402
2.221120e-05,-0.160804
2.221360e-05,-0.160804
2.221600e-05,-0.080402
2.221840e-05,-0.160804
2.222080e-05,-0.160804
2.222320e-05,-0.160804
2.222560e-05,-0.160804
2.222800e-05,-0.160804
2.223040e-05,-0.160804
2.223280e-05,-0.080402
2.223520e-05,-0.160804
2.223760e-05,-0.160804
2.224000e-05,-0.160804
2.224240e-05,-0.080402
2.224480e-05,-0.080402
2.224720e-05,-0.160804
2.224960e-05,-0.160804
2.225200e-05,-0.160804
2.225440e-05,-0.160804
2.225680e-05,-0.160804
2.225920e-05,-0.160804
2.226160e-05,-0.160804
2.226400e-05,-0.160804
2.226640e-05,-0.080402
2.226880e-05,-0.080402
2.227120e-05,-0.080402
2.227360e-05,-0.160804
2.227600e-05,-0.160804
2.227840e-05,-0.160804
2.228080e-05,-0.080402
2.228320e-05,-0.160804
2.228560e-05,-0.160804
2.228800e-05,-0.080402
2.229040e-05,-0.160804
2.229280e-05,-0.160804
2.229520e-05,-0.160804
2.229760e-05,-0.160804
2.230000e-05,-0.160804
2.230240e-05,-0.160804
2.230480e-05,-0.160804
2.230720e-05,-0.080402
2.230960e-05,-0.160804
2.231200e-05,-0.160804
2.231440e-05,-0.160804
2.231680e-05,-0.080402
2.231920e-05,-0.080402
2.232160e-05,-0.080402
2.232400e-05,-0.160804
2.232640e-05,-0.160804
2.232880e-05,-0.160804
2.233120e-05,-0.160804
2.233360e-05,-0.160804
2.233600e-05,-0.160804
2.233840e-05,-0.160804
2.234080e-05,-0.080402
2.234320e-05,-0.160804
2.234560e-05,-0.160804
2.234800e-05,-0.160804
2.235040e-05,-0.160804
2.235280e-05,-0.160804
2.235520e-05,-0.160804
2.235760e-05,-0.160804
2.236000e-05,-0.160804
2.236240e-05,-0.160804
2.236480e-05,-0.160804
2.236720e-05,-0.160804
2.236960e-05,-0.160804
2.237200e-05,-0.160804
2.237440e-05,-0.160804
2.237680e-05,-0.160804
2.237920e-05,-0.160804
2.238160e-05,-0.160804
2.238400e-05,-0.160804
2.238640e-05,-0.160804
2.238880e-05,-0.160804
2.239120e-05,-0.160804
2.239360e-05,-0.160804
2.239600e-05,-0.160804
2.239840e-05,-0.160804
2.240080e-05,-0.160804
2.240320e-05,-0.160804
2.240560e-05,-0.160804
2.240800e-05,-0.160804
2.241040e-05,-0.160804
2.241280e-05,-0.160804
2.241520e-05,-0.160804
2.241760e-05,-0.160804
2.242000e-05,-0.160804
2.242240e-05,-0.160804
2.242480e-05,-0.160804
2.242720e-05,-0.160804
2.242960e-05,-0.160804
2.243200e-05,-0.160804
2.243440e-05,-0.160804
2.243680e-05,-0.160804
2.243920e-05,-0.160804
2.244160e-05,-0.160804
2.244400e-05,-0.160804
2.244640e-05,-0.160804
2.244880e-05,-0.160804
2.245120e-05,-0.160804
2.245360e-05,-0.160804
2.245600e-05,-0.160804
2.245840e-05,-0.160804
2.246080e-05,-0.160804
2.246320e-05,-0.160804
2.246560e-05,-0.160804
2.246800e-05,-0.160804
2.247040e-05,-0.160804
2.247280e-05,-0.160804
2.247520e-05,-0.160804
2.247760e-05,-0.160804
2.248000e-05,-0.160804
2.248240e-05,-0.241206
2.248480e-05,-0.160804
2.248720e-05,-0.160804
2.248960e-05,-0.160804
2.249200e-05,-0.160804
2.249440e-05,-0.160804
2.249680e-05,-0.160804
2.249920e-05,-0.160804
2.250160e-05,-0.160804
2.250400e-05,-0.160804
2.250640e-05,-0.160804
2.250880e-05,-0.160804
2.251120e-05,-0.160804
2.251360e-05,-0.160804
2.251600e-05,-0.160804
2.251840e-05,-0.160804
2.252080e-05,-0.160804
2.252320e-05,-0.160804
2.252560e-05,-0.160804
2.252800e-05,-0.160804
2.253040e-05,-0.160804
2.253280e-05,-0.160804
2.253520e-05,-0.160804
2.253760e-05,-0.160804
2.254000e-05,-0.160804
2.254240e-05,-0.160804
2.254480e-05,-0.160804
2.254720e-05,-0.160804
2.254960e-05,-0.160804
2.255200e-05,-0.160804
2.255440e-05,-0.241206
2.255680e-05,-0.160804
2.255920e-05,-0.160804
2.256160e-05,-0.160804
2.256400e-05,-0.160804
2.256640e-05,-0.160804
2.256880e-05,-0.160804
2.257120e-05,-0.160804
2.257360e-05,-0.160804
2.257600e-05,-0.160804
2.257840e-05,-0.160804
2.258080e-05,-0.160804
2.258320e-05,-0.160804
2.258560e-05,-0.160804
2.258800e-05,-0.160804
2.259040e-05,-0.160804
2.259280e-05,-0.160804
2.259520e-05,-0.160804
2.259760e-05,-0.160804
2.260000e-05,-0.160804
2.260240e-05,-0.160804
2.260480e-05,-0.160804
2.260720e-05,-0.160804
2.260960e-05,-0.160804
2.261200e-05,-0.160804
2.261440e-05,-0.160804
2.261680e-05,-0.160804
2.261920e-05,-0.160804
2.262160e-05,-0.160804
2.262400e-05,-0.160804
2.262640e-05,-0.160804
2.262880e-05,-0.160804
2.263120e-05,-0.160804
2.263360e-05,-0.160804
2.263600e-05,-0.160804
2.263840e-05,-0.160804
2.264080e-05,-0.160804
2.264320e-05,-0.160804
2.264560e-05,-0.160804
2.264800e-05,-0.160804
2.265040e-05,-0.160804
2.265280e-05,-0.160804
2.265520e-05,-0.160804
2.265760e-05,-0.080402
2.266000e-05,-0.080402
2.266240e-05,-0.160804
2.266480e-05,-0.160804
2.266720e-05,-0.160804
2.266960e-05,-0.080402
2.267200e-05,-0.160804
2.267440e-05,-0.080402
2.267680e-05,-0.080402
2.267920e-05,-0.160804
2.268160e-05,-0.080402
2.268400e-05,-0.080402
2.268640e-05,-0.080402
2.268880e-05,-0.080402
2.269120e-05,-0.080402
2.269360e-05,-0.080402
2.269600e-05,-0.080402
2.269840e-05,-0.080402
2.270080e-05,-0.080402
2.270320e-05,-0.080402
2.270560e-05,-0.080402
2.270800e-05,-0.080402
2.271040e-05,-0.080402
2.271280e-05,-0.080402
2.271520e-05,-0.080402
2.271760e-05,-0.080402
2.272000e-05,-0.080402
2.272240e-05,-0.080402
2.272480e-05,-0.080402
2.272720e-05,-0.080402
2.272960e-05,-0.080402
2.273200e-05,-0.080402
2.273440e-05,-0.080402
2.273680e-05,-0.080402
2.273920e-05,-0.080402
2.274160e-05,-0.080402
2.274400e-05,-0.080402
2.274640e-05,-0.080402
2.274880e-05,-0.080402
2.275120e-05,-0.080402
2.275360e-05,-0.080402
2.275600e-05,-0.080402
2.275840e-05,-0.080402
2.276080e-05,-0.080402
2.276320e-05,-0.080402
2.276560e-05,-0.080402
2.276800e-05,-0.080402
2.277040e-05,-0.080402
2.277280e-05,-0.080402
2.277520e-05,-0.080402
2.277760e-05,0.000000
2.278000e-05,0.000000
2.278240e-05,0.000000
2.278480e-05,-0.080402
2.278720e-05,-0.080402
2.278960e-05,-0.080402
2.279200e-05,0.000000
2.279440e-05,-0.080402
2.279680e-05,-0.080402
2.279920e-05,-0.080402
2.280160e-05,-0.080402
2.280400e-05,-0.080402
2.280640e-05,-0.080402
2.280880e-05,-0.080402
2.281120e-05,-0.080402
2.281360e-05,-0.080402
2.281600e-05,-0.080402
2.281840e-05,0.000000
2.282080e-05,-0.080402
2.282320e-05,-0.080402
2.282560e-05,-0.080402
2.282800e-05,-0.080402
2.283040e-05,-0.080402
2.283280e-05,-0.080402
2.283520e-05,-0.080402
2.283760e-05,-0.080402
2.284000e-05,-0.080402
2.284240e-05,0.000000
2.284480e-05,0.000000
2.284720e-05,0.000000
2.284960e-05,0.000000
2.285200e-05,0.000000
2.285440e-05,0.000000
2.285680e-05,0.000000
2.285920e-05,0.000000
2.286160e-05,0.000000
2.286400e-05,0.000000
2.286640e-05,0.000000
2.286880e-05,0.000000
2.287120e-05,0.000000
2.287360e-05,0.000000
2.287600e-05,0.000000
2.287840e-05,0.000000
2.288080e-05,0.000000
2.288320e-05,0.000000
2.288560e-05,0.000000
2.288800e-05,0.000000
2.289040e-05,0.000000
2.289280e-05,0.000000
2.289520e-05,0.000000
2.289760e-05,0.000000
2.290000e-05,0.000000
2.290240e-05,0.000000
2.290480e-05,0.000000
2.290720e-05,0.000000
2.290960e-05,0.000000
2.291200e-05,0.000000
2.291440e-05,0.000000
2.291680e-05,0.000000
2.291920e-05,0.000000
2.292160e-05,0.000000
2.292400e-05,0.000000
2.292640e-05,0.000000
2.292880e-05,0.000000
2.293120e-05,0.000000
2.293360e-05,0.000000
2.293600e-05,0.000000
2.293840e-05,0.000000
2.294080e-05,0.000000
2.294320e-05,0.000000
2.294560e-05,0.000000
2.294800e-05,0.000000
2.295040e-05,0.000000
2.295280e-05,0.000000
2.295520e-05,0.000000
2.295760e-05,0.000000
2.296000e-05,0.000000
2.296240e-05,0.000000
2.296480e-05,0.000000
2.296720e-05,0.000000
2.296960e-05,0.000000
2.297200e-05,0.000000
2.297440e-05,0.000000
2.297680e-05,0.000000
2.297920e-05,0.000000
2.298160e-05,0.000000
2.298400e-05,0.080402
2.298640e-05,0.000000
2.298880e-05,0.000000
2.299120e-05,0.000000
2.299360e-05,0.000000
2.299600e-05,0.000000
2.299840e-05,0.000000
2.300080e-05,0.000000
2.300320e-05,0.000000
2.300560e-05,0.000000
2.300800e-05,0.000000
2.301040e-05,0.000000
2.301280e-05,0.000000
2.301520e-05,0.000000
2.301760e-05,0.000000
2.302000e-05,0.000000
2.302240e-05,0.080402
2.302480e-05,0.000000
2.302720e-05,0.000000
2.302960e-05,0.000000
2.303200e-05,0.000000
2.303440e-05,0.000000
2.303680e-05,0.000000
2.303920e-05,0.000000
2.304160e-05,0.000000
2.304400e-05,0.000000
2.304640e-05,0.000000
2.304880e-05,0.000000
2.305120e-05,0.000000
2.305360e-05,0.080402
2.305600e-05,0.080402
2.305840e-05,0.000000
2.306080e-05,0.000000
2.306320e-05,0.000000
2.306560e-05,0.080402
2.306800e-05,0.000000
2.307040e-05,0.000000
2.307280e-05,0.000000
2.307520e-05,0.000000
2.307760e-05,0.000000
2.308000e-05,0.000000
2.308240e-05,0.000000
2.308480e-05,0.000000
2.308720e-05,0.000000
2.308960e-05,0.000000
2.309200e-05,0.000000
2.309440e-05,0.000000
2.309680e-05,0.000000
2.309920e-05,0.000000
2.310160e-05,0.000000
2.310400e-05,0.000000
2.310640e-05,0.000000
2.310880e-05,0.000000
2.311120e-05,0.000000
2.311360e-05,-0.080402
2.311600e-05,0.000000
2.311840e-05,0.000000
2.312080e-05,0.000000
2.312320e-05,0.000000
2.312560e-05,0.000000
2.312800e-05,0.000000
2.313040e-05,0.000000
2.313280e-05,0.000000
2.313520e-05,0.000000
2.313760e-05,0.000000
2.314000e-05,0.000000
2.314240e-05,0.000000
2.314480e-05,0.000000
2.314720e-05,0.000000
2.314960e-05,0.000000
2.315200e-05,0.000000
2.315440e-05,0.000000
2.315680e-05,0.000000
2.315920e-05,0.000000
2.316160e-05,0.000000
2.316400e-05,0.000000
2.316640e-05,0.000000
2.316880e-05,0.000000
2.317120e-05,0.000000
2.317360e-05,0.000000
2.317600e-05,0.000000
2.317840e-05,0.000000
2.318080e-05,0.000000
2.318320e-05,0.000000
2.318560e-05,0.000000
2.318800e-05,0.000000
2.319040e-05,0.000000
2.319280e-05,-0.080402
2.319520e-05,0.000000
2.319760e-05,-0.080402
2.320000e-05,-0.080402
2.320240e-05,0.000000
2.320480e-05,-0.080402
2.320720e-05,-0.080402
2.320960e-05,-0.080402
2.321200e-05,-0.080402
2.321440e-05,-0.080402
2.321680e-05,-0.080402
2.321920e-05,-0.080402
2.322160e-05,-0.080402
2.322400e-05,-0.080402
2.322640e-05,-0.080402
2.322880e-05,-0.080402
2.323120e-05,-0.080402
2.323360e-05,-0.080402
2.323600e-05,-0.080402
2.323840e-05,-0.080402
2.324080e-05,-0.080402
2.324320e-05,-0.080402
2.324560e-05,-0.080402
2.324800e-05,-0.080402
2.325040e-05,-0.080402
2.325280e-05,-0.080402
2.325520e-05,-0.080402
2.325760e-05,-0.080402
2.326000e-05,-0.080402
2.326240e-05,-0.080402
2.326480e-05,-0.080402
2.326720e-05,-0.080402
2.326960e-05,-0.080402
2.327200e-05,-0.080402
2.327440e-05,-0.080402
2.327680e-05,-0.080402
2.327920e-05,-0.160804
2.328160e-05,-0.160804
2.328400e-05,-0.080402
2.328640e-05,-0.080402
2.328880e-05,-0.080402
2.329120e-05,-0.080402
2.329360e-05,-0.080402
2.329600e-05,-0.080402
2.329840e-05,-0.160804
2.330080e-05,-0.080402
2.330320e-05,-0.080402
2.330560e-05,-0.080402
2.330800e-05,-0.080402
2.331040e-05,-0.080402
2.331280e-05,-0.080402
2.331520e-05,-0.080402
2.331760e-05,-0.080402
2.332000e-05,-0.160804
2.332240e-05,-0.160804
2.332480e-05,-0.080402
2.332720e-05,-0.160804
2.332960e-05,-0.160804
2.333200e-05,-0.160804
2.333440e-05,-0.160804
2.333680e-05,-0.080402
2.333920e-05,-0.080402
2.334160e-05,-0.080402
2.334400e-05,-0.080402
2.334640e-05,-0.160804
2.334880e-05,-0.160804
2.335120e-05,-0.160804
2.335360e-05,-0.160804
2.335600e-05,-0.160804
2.335840e-05,-0.160804
2.336080e-05,-0.160804
2.336320e-05,-0.160804
2.336560e-05,-0.080402
2.336800e-05,-0.160804
2.337040e-05,-0.160804
2.337280e-05,-0.160804
2.337520e-05,-0.160804
2.337760e-05,-0.160804
2.338000e-05,-0.160804
2.338240e-05,-0.160804
2.338480e-05,-0.160804
2.338720e-05,-0.080402
2.338960e-05,-0.160804
2.339200e-05,-0.160804
2.339440e-05,-0.160804
2.339680e-05,-0.160804
2.339920e-05,-0.160804
2.340160e-05,-0.160804
2.340400e-05,-0.160804
2.340640e-05,-0.080402
2.340880e-05,-0.160804
2.341120e-05,-0.160804
2.341360e-05,-0.160804
2.341600e-05,-0.160804
2.341840e-05,-0.160804
2.342080e-05,-0.080402
2.342320e-05,-0.160804
2.342560e-05,-0.160804
2.342800e-05,-0.160804
2.343040e-05,-0.160804
2.343280e-05,-0.160804
2.343520e-05,-0.160804
2.343760e-05,-0.160804
2.344000e-05,-0.160804
2.344240e-05,-0.160804
2.344480e-05,-0.241206
2.344720e-05,-0.160804
2.344960e-05,-0.160804
2.345200e-05,-0.160804
2.345440e-05,-0.160804
2.345680e-05,-0.160804
2.345920e-05,-0.160804
2.346160e-05,-0.160804
2.346400e-05,-0.160804
2.346640e-05,-0.160804
2.346880e-05,-0.160804
2.347120e-05,-0.160804
2.347360e-05,-0.160804
2.347600e-05,-0.160804
2.347840e-05,-0.160804
2.348080e-05,-0.160804
2.348320e-05,-0.160804
2.348560e-05,-0.160804
2.348800e-05,-0.160804
2.349040e-05,-0.241206
2.349280e-05,-0.160804
2.349520e-05,-0.160804
2.349760e-05,-0.160804
2.350000e-05,-0.160804
2.350240e-05,-0.160804
2.350480e-05,-0.241206
2.350720e-05,-0.160804
2.350960e-05,-0.160804
2.351200e-05,-0.160804
2.351440e-05,-0.160804
2.351680e-05,-0.160804
2.351920e-05,-0.160804
2.352160e-05,-0.160804
2.352400e-05,-0.160804
2.352640e-05,-0.241206
2.352880e-05,-0.160804
2.353120e-05,-0.241206
2.353360e-05,-0.241206
2.353600e-05,-0.160804
2.353840e-05,-0.241206
2.354080e-05,-0.241206
2.354320e-05,-0.241206
2.354560e-05,-0.160804
2.354800e-05,-0.160804
2.355040e-05,-0.241206
2.355280e-05,-0.160804
2.355520e-05,-0.160804
2.355760e-05,-0.160804
2.356000e-05,-0.241206
2.356240e-05,-0.160804
2.356480e-05,-0.160804
2.356720e-05,-0.241206
2.356960e-05,-0.241206
2.357200e-05,-0.160804
2.357440e-05,-0.241206
2.357680e-05,-0.241206
2.357920e-05,-0.241206
2.358160e-05,-0.160804
2.358400e-05,-0.160804
2.358640e-05,-0.160804
2.358880e-05,-0.241206
2.359120e-05,-0.160804
2.359360e-05,-0.160804
2.359600e-05,-0.160804
2.359840e-05,-0.160804
2.360080e-05,-0.241206
2.360320e-05,-0.160804
2.360560e-05,-0.160804
2.360800e-05,-0.160804
2.361040e-05,-0.160804
2.361280e-05,-0.160804
2.361520e-05,-0.160804
2.361760e-05,-0.160804
2.362000e-05,-0.160804
2.362240e-05,-0.160804
2.362480e-05,-0.241206
2.362720e-05,-0.241206
2.362960e-05,-0.241206
2.363200e-05,-0.241206
2.363440e-05,-0.241206
2.363680e-05,-0.241206
2.363920e-05,-0.160804
2.364160e-05,-0.160804
2.364400e-05,-0.241206
2.364640e-05,-0.241206
2.364880e-05,-0.160804
2.365120e-05,-0.160804
2.365360e-05,-0.160804
2.365600e-05,-0.160804
2.365840e-05,-0.160804
2.366080e-05,-0.160804
2.366320e-05,-0.160804
2.366560e-05,-0.160804
2.366800e-05,-0.160804
2.367040e-05,-0.241206
2.367280e-05,-0.241206
2.367520e-05,-0.160804
2.367760e-05,-0.160804
2.368000e-05,-0.160804
2.368240e-05,-0.160804
2.368480e-05,-0.160804
2.368720e-05,-0.160804
2.368960e-05,-0.160804
2.369200e-05,-0.160804
2.369440e-05,-0.160804
2.369680e-05,-0.160804
2.369920e-05,-0.160804
2.370160e-05,-0.160804
2.370400e-05,-0.160804
2.370640e-05,-0.160804
2.370880e-05,-0.160804
2.371120e-05,-0.160804
2.371360e-05,-0.160804
2.371600e-05,-0.160804
2.371840e-05,-0.160804
2.372080e-05,-0.241206
2.372320e-05,-0.160804
2.372560e-05,-0.160804
2.372800e-05,-0.160804
2.373040e-05,-0.160804
2.373280e-05,-0.160804
2.373520e-05,-0.160804
2.373760e-05,-0.160804
2.374000e-05,-0.160804
2.374240e-05,-0.160804
2.374480e-05,-0.160804
2.374720e-05,-0.160804
2.374960e-05,-0.160804
2.375200e-05,-0.160804
2.375440e-05,-0.160804
2.375680e-05,-0.160804
2.375920e-05,-0.160804
2.376160e-05,-0.160804
2.376400e-05,-0.160804
2.376640e-05,-0.160804
2.376880e-05,-0.160804
2.377120e-05,-0.160804
2.377360e-05,-0.160804
2.377600e-05,-0.160804
2.377840e-05,-0.160804
2.378080e-05,-0.160804
2.378320e-05,-0.160804
2.378560e-05,-0.160804
2.378800e-05,-0.160804
2.379040e-05,-0.080402
2.379280e-05,-0.160804
2.379520e-05,-0.160804
2.379760e-05,-0.160804
2.380000e-05,-0.160804
2.380240e-05,-0.160804
2.380480e-05,-0.160804
2.380720e-05,-0.160804
2.380960e-05,-0.160804
2.381200e-05,-0.080402
2.381440e-05,-0.160804
2.381680e-05,-0.160804
2.381920e-05,-0.160804
2.382160e-05,-0.160804
2.382400e-05,-0.160804
2.382640e-05,-0.080402
2.382880e-05,-0.080402
2.383120e-05,-0.080402
2.383360e-05,-0.080402
2.383600e-05,-0.080402
2.383840e-05,-0.160804
2.384080e-05,-0.160804
2.384320e-05,-0.160804
2.384560e-05,-0.080402
2.384800e-05,-0.080402
2.385040e-05,-0.080402
2.385280e-05,-0.160804
2.385520e-05,-0.160804
2.385760e-05,-0.080402
2.386000e-05,-0.080402
2.386240e-05,-0.080402
2.386480e-05,-0.160804
2.386720e-05,-0.080402
2.386960e-05,-0.080402
2.387200e-05,-0.080402
2.387440e-05,-0.080402
2.387680e-05,-0.080402
2.387920e-05,-0.080402
2.388160e-05,-0.080402
2.388400e-05,-0.080402
2.388640e-05,-0.080402
2.388880e-05,-0.080402
2.389120e-05,-0.080402
2.389360e-05,-0.080402
2.389600e-05,-0.080402
2.389840e-05,-0.080402
2.390080e-05,-0.080402
2.390320e-05,-0.080402
2.390560e-05,-0.080402
2.390800e-05,-0.080402
2.391040e-05,-0.080402
2.391280e-05,-0.080402
2.391520e-05,-0.080402
2.391760e-05,-0.080402
2.392000e-05,-0.080402
2.392240e-05,-0.080402
2.392480e-05,-0.080402
2.392720e-05,-0.080402
2.392960e-05,-0.080402
2.393200e-05,-0.080402
2.393440e-05,-0.080402
2.393680e-05,-0.080402
2.393920e-05,-0.080402
2.394160e-05,-0.080402
2.394400e-05,-0.080402
2.394640e-05,-0.080402
2.394880e-05,-0.080402
2.395120e-05,-0.080402
2.395360e-05,-0.080402
2.395600e-05,-0.080402
2.395840e-05,-0.080402
2.396080e-05,-0.080402
2.396320e-05,-0.080402
2.396560e-05,-0.080402
2.396800e-05,-0.080402
2.397040e-05,-0.080402
2.397280e-05,-0.080402
2.397520e-05,-0.080402
2.397760e-05,-0.080402
2.398000e-05,-0.080402
2.398240e-05,-0.080402
2.398480e-05,-0.080402
2.398720e-05,-0.080402
2.398960e-05,-0.080402
2.399200e-05,-0.080402
2.399440e-05,-0.080402
2.399680e-05,-0.080402
2.399920e-05,-0.080402
2.400160e-05,-0.080402
2.400400e-05,-0.080402
2.400640e-05,-0.080402
2.400880e-05,-0.080402
2.401120e-05,0.000000
2.401360e-05,0.000000
2.401600e-05,0.000000
2.401840e-05,-0.080402
2.402080e-05,-0.080402
2.402320e-05,-0.080402
2.402560e-05,-0.080402
2.402800e-05,-0.080402
2.403040e-05,-0.080402
2.403280e-05,-0.080402
2.403520e-05,-0.080402
2.403760e-05,-0.080402
2.404000e-05,0.000000
2.404240e-05,-0.080402
2.404480e-05,-0.080402
2.404720e-05,-0.080402
2.404960e-05,-0.080402
2.405200e-05,-0.080402
2.405440e-05,0.000000
2.405680e-05,0.000000
2.405920e-05,0.000000
2.406160e-05,-0.080402
2.406400e-05,0.000000
2.406640e-05,-0.080402
2.406880e-05,-0.080402
2.407120e-05,-0.080402
2.407360e-05,-0.080402
2.407600e-05,-0.080402
2.407840e-05,-0.080402
2.408080e-05,-0.080402
2.408320e-05,-0.080402
2.408560e-05,-0.080402
2.408800e-05,-0.080402
2.409040e-05,-0.080402
2.409280e-05,-0.080402
2.409520e-05,-0.080402
2.409760e-05,-0.080402
2.410000e-05,-0.080402
2.410240e-05,-0.080402
2.410480e-05,-0.080402
2.410720e-05,-0.080402
2.410960e-05,-0.080402
2.411200e-05,-0.080402
2.411440e-05,-0.080402
2.411680e-05,-0.080402
2.411920e-05,-0.080402
2.412160e-05,-0.080402
2.412400e-05,-0.080402
2.412640e-05,-0.080402
2.412880e-05,-0.080402
2.413120e-05,-0.080402
2.413360e-05,-0.080402
2.413600e-05,-0.080402
2.413840e-05,-0.080402
2.414080e-05,-0.080402
2.414320e-05,-0.080402
2.414560e-05,-0.080402
2.414800e-05,-0.080402
2.415040e-05,-0.080402
2.415280e-05,-0.080402
2.415520e-05,-0.080402
2.415760e-05,-0.080402
2.416000e-05,-0.080402
2.416240e-05,-0.080402
2.416480e-05,-0.080402
2.416720e-05,-0.080402
2.416960e-05,-0.080402
2.417200e-05,-0.080402
2.417440e-05,-0.080402
2.417680e-05,-0.080402
2.417920e-05,-0.080402
2.418160e-05,-0.080402
2.418400e-05,-0.080402
2.418640e-05,-0.080402
2.418880e-05,-0.080402
2.419120e-05,-0.080402
2.419360e-05,-0.080402
2.419600e-05,-0.080402
2.419840e-05,-0.080402
2.420080e-05,-0.080402
2.420320e-05,-0.080402
2.420560e-05,-0.080402
2.420800e-05,-0.080402
2.421040e-05,-0.080402
2.421280e-05,-0.080402
2.421520e-05,-0.080402
2.421760e-05,-0.080402
2.422000e-05,-0.080402
2.422240e-05,-0.080402
2.422480e-05,-0.080402
2.422720e-05,-0.080402
2.422960e-05,-0.080402
2.423200e-05,-0.080402
2.423440e-05,-0.080402
2.423680e-05,-0.080402
2.423920e-05,-0.080402
2.424160e-05,-0.080402
2.424400e-05,-0.080402
2.424640e-05,-0.080402
2.424880e-05,-0.080402
2.425120e-05,-0.080402
2.425360e-05,-0.080402
2.425600e-05,-0.080402
2.425840e-05,-0.080402
2.426080e-05,-0.080402
2.426320e-05,-0.080402
2.426560e-05,-0.080402
2.426800e-05,-0.080402
2.427040e-05,-0.080402
2.427280e-05,-0.080402
2.427520e-05,-0.080402
2.427760e-05,-0.080402
2.428000e-05,-0.080402
2.428240e-05,-0.080402
2.428480e-05,-0.080402
2.428720e-05,-0.080402
2.428960e-05,-0.080402
2.429200e-05,-0.080402
2.429440e-05,-0.080402
2.429680e-05,-0.080402
2.429920e-05,-0.080402
2.430160e-05,-0.080402
2.430400e-05,-0.080402
2.430640e-05,-0.080402
2.430880e-05,-0.080402
2.431120e-05,-0.080402
2.431360e-05,-0.080402
2.431600e-05,-0.080402
2.431840e-05,-0.080402
2.432080e-05,-0.080402
2.432320e-05,-0.080402
2.432560e-05,-0.080402
2.432800e-05,-0.080402
2.433040e-05,-0.080402
2.433280e-05,-0.080402
2.433520e-05,-0.080402
2.433760e-05,-0.080402
2.434000e-05,-0.080402
2.434240e-05,-0.080402
2.434480e-05,-0.080402
2.434720e-05,-0.080402
2.434960e-05,-0.080402
2.435200e-05,-0.080402
2.435440e-05,-0.080402
2.435680e-05,-0.080402
2.435920e-05,-0.080402
2.436160e-05,-0.080402
2.436400e-05,-0.080402
2.436640e-05,-0.080402
2.436880e-05,-0.080402
2.437120e-05,-0.080402
2.437360e-05,-0.080402
2.437600e-05,-0.080402
2.437840e-05,-0.080402
2.438080e-05,-0.080402
2.438320e-05,-0.080402
2.438560e-05,-0.080402
2.438800e-05,-0.080402
2.439040e-05,-0.080402
2.439280e-05,-0.080402
2.439520e-05,-0.080402
2.439760e-05,-0.080402
2.440000e-05,-0.080402
2.440240e-05,-0.080402
2.440480e-05,-0.080402
2.440720e-05,-0.080402
2.440960e-05,-0.080402
2.441200e-05,-0.080402
2.441440e-05,-0.080402
2.441680e-05,-0.080402
2.441920e-05,-0.080402
2.442160e-05,-0.080402
2.442400e-05,-0.080402
2.442640e-05,-0.080402
2.442880e-05,-0.080402
2.443120e-05,-0.080402
2.443360e-05,-0.080402
2.443600e-05,-0.080402
2.443840e-05,-0.080402
2.444080e-05,-0.080402
2.444320e-05,-0.080402
2.444560e-05,-0.080402
2.444800e-05,-0.080402
2.445040e-05,-0.080402
2.445280e-05,-0.080402
2.445520e-05,-0.080402
2.445760e-05,-0.080402
2.446000e-05,-0.080402
2.446240e-05,-0.080402
2.446480e-05,-0.080402
2.446720e-05,-0.080402
2.446960e-05,-0.080402
2.447200e-05,-0.080402
2.447440e-05,-0.080402
2.447680e-05,-0.080402
2.447920e-05,-0.080402
2.448160e-05,-0.080402
2.448400e-05,-0.080402
2.448640e-05,-0.080402
2.448880e-05,-0.080402
2.449120e-05,-0.080402
2.449360e-05,-0.080402
2.449600e-05,-0.080402
2.449840e-05,-0.080402
2.450080e-05,-0.080402
2.450320e-05,-0.080402
2.450560e-05,-0.160804
2.450800e-05,-0.080402
2.451040e-05,-0.080402
2.451280e-05,-0.080402
2.451520e-05,-0.080402
2.451760e-05,-0.080402
2.452000e-05,-0.080402
2.452240e-05,-0.080402
2.452480e-05,-0.080402
2.452720e-05,-0.080402
2.452960e-05,-0.080402
2.453200e-05,-0.080402
2.453440e-05,-0.080402
2.453680e-05,-0.080402
2.453920e-05,-0.080402
2.454160e-05,-0.080402
2.454400e-05,-0.080402
2.454640e-05,-0.080402
2.454880e-05,-0.080402
2.455120e-05,-0.080402
2.455360e-05,-0.080402
2.455600e-05,-0.080402
2.455840e-05,-0.080402
2.456080e-05,-0.080402
2.456320e-05,-0.080402
2.456560e-05,-0.080402
2.456800e-05,-0.080402
2.457040e-05,-0.080402
2.457280e-05,-0.080402
2.457520e-05,-0.080402
2.457760e-05,-0.080402
2.458000e-05,-0.160804
2.458240e-05,-0.080402
2.458480e-05,-0.080402
2.458720e-05,-0.080402
2.458960e-05,-0.080402
2.459200e-05,-0.080402
2.459440e-05,-0.080402
2.459680e-05,-0.080402
2.459920e-05,-0.160804
2.460160e-05,-0.080402
2.460400e-05,-0.080402
2.460640e-05,-0.080402
2.460880e-05,-0.160804
2.461120e-05,-0.160804
2.461360e-05,-0.160804
2.461600e-05,-0.080402
2.461840e-05,-0.080402
2.462080e-05,-0.080402
2.462320e-05,-0.080402
2.462560e-05,-0.080402
2.462800e-05,-0.080402
2.463040e-05,-0.080402
2.463280e-05,-0.080402
2.463520e-05,-0.080402
2.463760e-05,-0.080402
2.464000e-05,-0.080402
2.464240e-05,-0.080402
2.464480e-05,-0.080402
2.464720e-05,-0.080402
2.464960e-05,-0.080402
2.465200e-05,-0.080402
2.465440e-05,-0.080402
2.465680e-05,-0.080402
2.465920e-05,-0.080402
2.466160e-05,-0.080402
2.466400e-05,-0.080402
2.466640e-05,-0.080402
2.466880e-05,-0.080402
2.467120e-05,-0.080402
2.467360e-05,-0.080402
2.467600e-05,-0.080402
2.467840e-05,-0.080402
2.468080e-05,-0.080402
2.468320e-05,-0.080402
2.468560e-05,-0.080402
2.468800e-05,-0.080402
2.469040e-05,-0.080402
2.469280e-05,-0.160804
2.469520e-05,-0.080402
2.469760e-05,-0.080402
2.470000e-05,-0.080402
2.470240e-05,-0.080402
2.470480e-05,-0.080402
2.470720e-05,-0.080402
2.470960e-05,-0.080402
2.471200e-05,-0.080402
2.471440e-05,-0.080402
2.471680e-05,-0.080402
2.471920e-05,-0.080402
2.472160e-05,-0.080402
2.472400e-05,-0.080402
2.472640e-05,-0.080402
2.472880e-05,-0.080402
2.473120e-05,-0.080402
2.473360e-05,-0.080402
2.473600e-05,-0.080402
2.473840e-05,-0.080402
2.474080e-05,-0.080402
2.474320e-05,-0.080402
2.474560e-05,-0.080402
2.474800e-05,-0.080402
2.475040e-05,-0.080402
2.475280e-05,-0.080402
2.475520e-05,-0.080402
2.475760e-05,-0.080402
2.476000e-05,-0.080402
2.476240e-05,-0.080402
2.476480e-05,-0.080402
2.476720e-05,-0.080402
2.476960e-05,-0.080402
2.477200e-05,-0.080402
2.477440e-05,-0.080402
2.477680e-05,-0.080402
2.477920e-05,-0.080402
2.478160e-05,-0.080402
2.478400e-05,-0.080402
2.478640e-05,-0.080402
2.478880e-05,-0.080402
2.479120e-05,-0.080402
2.479360e-05,-0.080402
2.479600e-05,-0.080402
2.479840e-05,-0.080402
2.480080e-05,-0.080402
2.480320e-05,-0.080402
2.480560e-05,-0.080402
2.480800e-05,-0.080402
2.481040e-05,-0.080402
2.481280e-05,-0.080402
2.481520e-05,-0.080402
2.481760e-05,-0.080402
2.482000e-05,-0.080402
2.482240e-05,-0.080402
2.482480e-05,-0.080402
2.482720e-05,-0.080402
2.482960e-05,-0.080402
2.483200e-05,-0.080402
2.483440e-05,-0.080402
2.483680e-05,-0.080402
2.483920e-05,-0.080402
2.484160e-05,-0.080402
2.484400e-05,-0.080402
2.484640e-05,-0.080402
2.484880e-05,-0.080402
2.485120e-05,-0.080402
2.485360e-05,-0.080402
2.485600e-05,-0.080402
2.485840e-05,-0.080402
2.486080e-05,-0.080402
2.486320e-05,-0.080402
2.486560e-05,-0.080402
2.486800e-05,-0.080402
2.487040e-05,-0.080402
2.487280e-05,-0.080402
2.487520e-05,-0.080402
2.487760e-05,-0.080402
2.488000e-05,-0.080402
2.488240e-05,-0.080402
2.488480e-05,-0.080402
2.488720e-05,-0.080402
2.488960e-05,-0.080402
2.489200e-05,-0.080402
2.489440e-05,-0.080402
2.489680e-05,-0.080402
2.489920e-05,-0.080402
2.490160e-05,-0.080402
2.490400e-05,-0.080402
2.490640e-05,-0.080402
2.490880e-05,-0.080402
2.491120e-05,-0.080402
2.491360e-05,-0.160804
2.491600e-05,-0.080402
2.491840e-05,-0.080402
2.492080e-05,-0.080402
2.492320e-05,-0.080402
2.492560e-05,-0.080402
2.492800e-05,-0.080402
2.493040e-05,-0.080402
2.493280e-05,-0.080402
2.493520e-05,-0.080402
2.493760e-05,-0.080402
2.494000e-05,-0.080402
2.494240e-05,-0.080402
2.494480e-05,-0.080402
2.494720e-05,-0.080402
2.494960e-05,-0.080402
2.495200e-05,-0.080402
2.495440e-05,-0.080402
2.495680e-05,-0.080402
2.495920e-05,-0.080402
2.496160e-05,-0.080402
2.496400e-05,-0.080402
2.496640e-05,-0.080402
2.496880e-05,-0.080402
2.497120e-05,-0.080402
2.497360e-05,-0.080402
2.497600e-05,-0.080402
2.497840e-05,-0.160804
2.498080e-05,-0.080402
2.498320e-05,-0.080402
2.498560e-05,-0.160804
2.498800e-05,-0.160804
2.499040e-05,-0.080402
2.499280e-05,-0.080402
2.499520e-05,-0.080402
2.499760e-05,-0.080402
2.500000e-05,-0.080402
2.500240e-05,-0.080402
2.500480e-05,-0.080402
2.500720e-05,-0.080402
2.500960e-05,-0.080402
2.501200e-05,-0.080402
2.501440e-05,-0.080402
2.501680e-05,-0.080402
2.501920e-05,-0.080402
2.502160e-05,-0.080402
2.502400e-05,-0.080402
2.502640e-05,-0.080402
2.502880e-05,-0.080402
2.503120e-05,-0.080402
2.503360e-05,-0.080402
2.503600e-05,-0.080402
2.503840e-05,-0.080402
2.504080e-05,-0.080402
2.504320e-05,-0.080402
2.504560e-05,-0.080402
2.504800e-05,-0.080402
2.505040e-05,-0.080402
2.505280e-05,-0.080402
2.505520e-05,-0.080402
2.505760e-05,-0.080402
2.506000e-05,-0.080402
2.506240e-05,-0.080402
2.506480e-05,-0.160804
2.506720e-05,-0.160804
2.506960e-05,-0.160804
2.507200e-05,-0.080402
2.507440e-05,-0.080402
2.507680e-05,-0.080402
2.507920e-05,-0.080402
2.508160e-05,-0.080402
2.508400e-05,-0.080402
2.508640e-05,-0.080402
2.508880e-05,-0.080402
2.509120e-05,-0.160804
2.509360e-05,-0.080402
2.509600e-05,-0.080402
2.509840e-05,-0.160804
2.510080e-05,-0.080402
2.510320e-05,-0.080402
2.510560e-05,-0.080402
2.510800e-05,-0.080402
2.511040e-05,-0.080402
2.511280e-05,-0.080402
2.511520e-05,-0.080402
2.511760e-05,-0.080402
2.512000e-05,-0.080402
2.512240e-05,-0.080402
2.512480e-05,-0.080402
2.512720e-05,-0.080402
2.512960e-05,-0.080402
2.513200e-05,-0.080402
2.513440e-05,-0.080402
2.513680e-05,-0.080402
2.513920e-05,-0.160804
2.514160e-05,-0.080402
2.514400e-05,-0.080402
2.514640e-05,-0.080402
2.514880e-05,-0.080402
2.515120e-05,-0.080402
2.515360e-05,-0.080402
2.515600e-05,-0.080402
2.515840e-05,-0.160804
2.516080e-05,-0.160804
2.516320e-05,-0.080402
2.516560e-05,-0.160804
2.516800e-05,-0.080402
2.517040e-05,-0.080402
2.517280e-05,-0.160804
2.517520e-05,-0.160804
2.517760e-05,-0.160804
2.518000e-05,-0.160804
2.518240e-05,-0.160804
2.518480e-05,-0.160804
2.518720e-05,-0.080402
2.518960e-05,-0.160804
2.519200e-05,-0.160804
2.519440e-05,-0.160804
2.519680e-05,-0.160804
2.519920e-05,-0.080402
2.520160e-05,-0.080402
2.520400e-05,-0.080402
2.520640e-05,-0.080402
2.520880e-05,-0.080402
2.521120e-05,-0.160804
2.521360e-05,-0.160804
2.521600e-05,-0.160804
2.521840e-05,-0.160804
2.522080e-05,-0.160804
2.522320e-05,-0.160804
2.522560e-05,-0.160804
2.522800e-05,-0.160804
2.523040e-05,-0.160804
2.523280e-05,-0.160804
2.523520e-05,-0.160804
2.523760e-05,-0.160804
2.524000e-05,-0.160804
2.524240e-05,-0.080402
2.524480e-05,-0.080402
2.524720e-05,-0.080402
2.524960e-05,-0.080402
2.525200e-05,-0.080402
2.525440e-05,-0.080402
2.525680e-05,-0.080402
2.525920e-05,-0.160804
2.526160e-05,-0.080402
2.526400e-05,-0.080402
2.526640e-05,-0.080402
2.526880e-05,-0.160804
2.527120e-05,-0.160804
2.527360e-05,-0.160804
2.527600e-05,-0.080402
2.527840e-05,-0.160804
2.528080e-05,-0.160804
2.528320e-05,-0.160804
2.528560e-05,-0.160804
2.528800e-05,-0.160804
2.529040e-05,-0.160804
2.529280e-05,-0.160804
2.529520e-05,-0.160804
2.529760e-05,-0.160804
2.530000e-05,-0.160804
2.530240e-05,-0.160804
2.530480e-05,-0.080402
2.530720e-05,-0.160804
2.530960e-05,-0.080402
2.531200e-05,-0.080402
2.531440e-05,-0.080402
2.531680e-05,-0.160804
2.531920e-05,-0.080402
2.532160e-05,-0.080402
2.532400e-05,-0.080402
2.532640e-05,-0.080402
2.532880e-05,-0.080402
2.533120e-05,-0.080402
2.533360e-05,-0.080402
2.533600e-05,-0.160804
2.533840e-05,-0.080402
2.534080e-05,-0.160804
2.534320e-05,-0.160804
2.534560e-05,-0.160804
2.534800e-05,-0.160804
2.535040e-05,-0.080402
2.535280e-05,-0.160804
2.535520e-05,-0.160804
2.535760e-05,-0.080402
2.536000e-05,-0.080402
2.536240e-05,-0.080402
2.536480e-05,-0.080402
2.536720e-05,-0.080402
2.536960e-05,-0.080402
2.537200e-05,-0.080402
2.537440e-05,-0.080402
2.537680e-05,-0.080402
2.537920e-05,-0.080402
2.538160e-05,-0.160804
2.538400e-05,-0.160804
2.538640e-05,-0.080402
2.538880e-05,-0.080402
2.539120e-05,-0.080402
2.539360e-05,-0.160804
2.539600e-05,-0.080402
2.539840e-05,-0.080402
2.540080e-05,-0.080402
2.540320e-05,-0.160804
2.540560e-05,-0.160804
2.540800e-05,-0.160804
2.541040e-05,-0.080402
2.541280e-05,-0.080402
2.541520e-05,-0.160804
2.541760e-05,-0.080402
2.542000e-05,-0.160804
2.542240e-05,-0.160804
2.542480e-05,-0.160804
2.542720e-05,-0.080402
2.542960e-05,-0.160804
2.543200e-05,-0.160804
2.543440e-05,-0.080402
2.543680e-05,-0.080402
2.543920e-05,-0.080402
2.544160e-05,-0.080402
2.544400e-05,-0.080402
2.544640e-05,-0.080402
2.544880e-05,-0.080402
2.545120e-05,-0.080402
2.545360e-05,-0.160804
2.545600e-05,-0.080402
2.545840e-05,-0.080402
2.546080e-05,-0.080402
2.546320e-05,-0.080402
2.546560e-05,-0.080402
2.546800e-05,-0.080402
2.547040e-05,-0.080402
2.547280e-05,-0.080402
2.547520e-05,-0.080402
2.547760e-05,-0.080402
2.548000e-05,-0.080402
2.548240e-05,-0.160804
2.548480e-05,-0.080402
2.548720e-05,-0.080402
2.548960e-05,-0.080402
2.549200e-05,-0.080402
2.549440e-05,-0.080402
2.549680e-05,-0.080402
2.549920e-05,-0.080402
2.550160e-05,-0.080402
2.550400e-05,-0.080402
2.550640e-05,-0.080402
2.550880e-05,-0.080402
2.551120e-05,-0.080402
2.551360e-05,-0.080402
2.551600e-05,-0.080402
2.551840e-05,-0.080402
2.552080e-05,-0.080402
2.552320e-05,-0.080402
2.552560e-05,-0.080402
2.552800e-05,-0.080402
2.553040e-05,-0.080402
2.553280e-05,-0.080402
2.553520e-05,-0.080402
2.553760e-05,-0.080402
2.554000e-05,-0.080402
2.554240e-05,-0.080402
2.554480e-05,-0.080402
2.554720e-05,-0.080402
2.554960e-05,-0.080402
2.555200e-05,-0.080402
2.555440e-05,-0.080402
2.555680e-05,-0.080402
2.555920e-05,-0.080402
2.556160e-05,-0.080402
2.556400e-05,-0.080402
2.556640e-05,-0.080402
2.556880e-05,-0.080402
2.557120e-05,-0.080402
2.557360e-05,-0.080402
2.557600e-05,-0.080402
2.557840e-05,-0.080402
2.558080e-05,-0.080402
2.558320e-05,-0.080402
2.558560e-05,-0.080402
2.558800e-05,-0.080402
2.559040e-05,-0.080402
2.559280e-05,-0.080402
2.559520e-05,-0.080402
2.559760e-05,-0.080402
2.560000e-05,-0.080402
2.560240e-05,-0.080402
2.560480e-05,-0.080402
2.560720e-05,-0.080402
2.560960e-05,-0.080402
2.561200e-05,-0.080402
2.561440e-05,0.000000
2.561680e-05,-0.080402
2.561920e-05,-0.080402
2.562160e-05,-0.080402
2.562400e-05,-0.080402
2.562640e-05,-0.080402
2.562880e-05,-0.080402
2.563120e-05,-0.080402
2.563360e-05,-0.080402
2.563600e-05,-0.080402
2.563840e-05,-0.080402
2.564080e-05,-0.080402
2.564320e-05,-0.080402
2.564560e-05,-0.080402
2.564800e-05,-0.080402
2.565040e-05,-0.080402
2.565280e-05,-0.080402
2.565520e-05,-0.080402
2.565760e-05,-0.080402
2.566000e-05,-0.080402
2.566240e-05,-0.080402
2.566480e-05,-0.080402
2.566720e-05,-0.080402
2.566960e-05,-0.080402
2.567200e-05,-0.080402
2.567440e-05,-0.080402
2.567680e-05,-0.080402
2.567920e-05,-0.080402
2.568160e-05,-0.080402
2.568400e-05,-0.080402
2.568640e-05,-0.080402
2.568880e-05,-0.080402
2.569120e-05,0.000000
2.569360e-05,-0.080402
2.569600e-05,-0.080402
2.569840e-05,-0.080402
2.570080e-05,-0.080402
2.570320e-05,-0.080402
2.570560e-05,-0.080402
2.570800e-05,0.000000
2.571040e-05,-0.080402
2.571280e-05,-0.080402
2.571520e-05,-0.080402
2.571760e-05,0.000000
2.572000e-05,-0.080402
2.572240e-05,0.000000
2.572480e-05,-0.080402
2.572720e-05,0.000000
2.572960e-05,-0.080402
2.573200e-05,-0.080402
2.573440e-05,-0.080402
2.573680e-05,-0.080402
2.573920e-05,-0.080402
2.574160e-05,-0.080402
2.574400e-05,-0.080402
2.574640e-05,-0.080402
2.574880e-05,-0.080402
2.575120e-05,-0.080402
2.575360e-05,-0.080402
2.575600e-05,0.000000
2.575840e-05,-0.080402
2.576080e-05,-0.080402
2.576320e-05,-0.080402
2.576560e-05,-0.080402
2.576800e-05,0.000000
2.577040e-05,-0.080402
2.577280e-05,-0.080402
2.577520e-05,0.000000
2.577760e-05,0.000000
2.578000e-05,-0.080402
2.578240e-05,-0.080402
2.578480e-05,0.000000
2.578720e-05,-0.080402
2.578960e-05,-0.080402
2.579200e-05,-0.080402
2.579440e-05,-0.080402
2.579680e-05,-0.080402
2.579920e-05,-0.080402
2.580160e-05,-0.080402
2.580400e-05,-0.080402
2.580640e-05,-0.080402
2.580880e-05,-0.080402
2.581120e-05,-0.080402
2.581360e-05,-0.080402
2.581600e-05,0.000000
2.581840e-05,-0.080402
2.582080e-05,0.000000
2.582320e-05,0.000000
2.582560e-05,0.000000
2.582800e-05,-0.080402
2.583040e-05,-0.080402
2.583280e-05,-0.080402
2.583520e-05,-0.080402
2.583760e-05,-0.080402
2.584000e-05,-0.080402
2.584240e-05,-0.080402
2.584480e-05,0.000000
2.584720e-05,-0.080402
2.584960e-05,-0.080402
2.585200e-05,0.000000
2.585440e-05,0.000000
2.585680e-05,0.000000
2.585920e-05,-0.080402
2.586160e-05,-0.080402
2.586400e-05,0.000000
2.586640e-05,-0.080402
2.586880e-05,-0.080402
2.587120e-05,-0.080402
2.587360e-05,-0.080402
2.587600e-05,-0.080402
2.587840e-05,-0.080402
2.588080e-05,0.000000
2.588320e-05,-0.080402
2.588560e-05,-0.080402
2.588800e-05,-0.080402
2.589040e-05,-0.080402
2.589280e-05,-0.080402
2.589520e-05,-0.080402
2.589760e-05,-0.080402
2.590000e-05,-0.080402
2.590240e-05,-0.080402
2.590480e-05,-0.080402
2.590720e-05,-0.080402
2.590960e-05,-0.080402
2.591200e-05,-0.080402
2.591440e-05,-0.080402
2.591680e-05,-0.080402
2.591920e-05,-0.080402
2.592160e-05,-0.080402
2.592400e-05,-0.080402
2.592640e-05,-0.080402
2.592880e-05,-0.080402
2.593120e-05,-0.080402
2.593360e-05,-0.080402
2.593600e-05,-0.080402
2.593840e-05,-0.080402
2.594080e-05,-0.080402
2.594320e-05,-0.080402
2.594560e-05,-0.080402
2.594800e-05,-0.080402
2.595040e-05,-0.080402
2.595280e-05,-0.080402
2.595520e-05,-0.080402
2.595760e-05,-0.080402
2.596000e-05,-0.080402
2.596240e-05,-0.080402
2.596480e-05,-0.080402
2.596720e-05,-0.080402
2.596960e-05,-0.080402
2.597200e-05,-0.080402
2.597440e-05,-0.080402
2.597680e-05,-0.080402
2.597920e-05,-0.080402
2.598160e-05,-0.080402
2.598400e-05,-0.080402
2.598640e-05,-0.080402
2.598880e-05,-0.080402
2.599120e-05,-0.080402
2.599360e-05,-0.080402
2.599600e-05,-0.080402
2.599840e-05,-0.080402
2.600080e-05,-0.080402
2.600320e-05,-0.080402
2.600560e-05,-0.080402
2.600800e-05,-0.080402
2.601040e-05,-0.080402
2.601280e-05,-0.080402
2.601520e-05,-0.080402
2.601760e-05,-0.080402
2.602000e-05,-0.080402
2.602240e-05,-0.080402
2.602480e-05,-0.080402
2.602720e-05,-0.080402
2.602960e-05,-0.080402
2.603200e-05,-0.080402
2.603440e-05,-0.080402
2.603680e-05,-0.080402
2.603920e-05,-0.080402
2.604160e-05,-0.080402
2.604400e-05,-0.160804
2.604640e-05,-0.080402
2.604880e-05,-0.160804
2.605120e-05,-0.160804
2.605360e-05,-0.080402
2.605600e-05,-0.080402
2.605840e-05,-0.080402
2.606080e-05,-0.080402
2.606320e-05,-0.160804
2.606560e-05,-0.160804
2.606800e-05,-0.160804
2.607040e-05,-0.160804
2.607280e-05,-0.160804
2.607520e-05,-0.080402
2.607760e-05,-0.160804
2.608000e-05,-0.160804
2.608240e-05,-0.160804
2.608480e-05,-0.160804
2.608720e-05,-0.160804
2.608960e-05,-0.160804
2.609200e-05,-0.080402
2.609440e-05,-0.160804
2.609680e-05,-0.160804
2.609920e-05,-0.160804
2.610160e-05,-0.160804
2.610400e-05,-0.160804
2.610640e-05,-0.160804
2.610880e-05,-0.160804
2.611120e-05,-0.160804
2.611360e-05,-0.160804
2.611600e-05,-0.160804
2.611840e-05,-0.160804
2.612080e-05,-0.160804
2.612320e-05,-0.160804
2.612560e-05,-0.160804
2.612800e-05,-0.160804
2.613040e-05,-0.160804
2.613280e-05,-0.160804
2.613520e-05,-0.160804
2.613760e-05,-0.160804
2.614000e-05,-0.160804
2.614240e-05,-0.160804
2.614480e-05,-0.160804
2.614720e-05,-0.160804
2.614960e-05,-0.160804
2.615200e-05,-0.160804
2.615440e-05,-0.160804
2.615680e-05,-0.160804
2.615920e-05,-0.160804
2.616160e-05,-0.160804
2.616400e-05,-0.160804
2.616640e-05,-0.160804
2.616880e-05,-0.160804
2.617120e-05,-0.160804
2.617360e-05,-0.160804
2.617600e-05,-0.160804
2.617840e-05,-0.160804
2.618080e-05,-0.160804
2.618320e-05,-0.160804
2.618560e-05,-0.160804
2.618800e-05,-0.160804
2.619040e-05,-0.160804
2.619280e-05,-0.160804
2.619520e-05,-0.160804
2.619760e-05,-0.160804
2.620000e-05,-0.160804
2.620240e-05,-0.160804
2.620480e-05,-0.160804
2.620720e-05,-0.160804
2.620960e-05,-0.160804
2.621200e-05,-0.160804
2.621440e-05,-0.160804
2.621680e-05,-0.160804
2.621920e-05,-0.160804
2.622160e-05,-0.160804
2.622400e-05,-0.160804
2.622640e-05,-0.160804
2.622880e-05,-0.160804
2.623120e-05,-0.160804
2.623360e-05,-0.160804
2.623600e-05,-0.160804
2.623840e-05,-0.160804
2.624080e-05,-0.160804
2.624320e-05,-0.160804
2.624560e-05,-0.160804
2.624800e-05,-0.160804
2.625040e-05,-0.160804
2.625280e-05,-0.080402
2.625520e-05,-0.160804
2.625760e-05,-0.160804
2.626000e-05,-0.160804
2.626240e-05,-0.160804
2.626480e-05,-0.160804
2.626720e-05,-0.160804
2.626960e-05,-0.160804
2.627200e-05,-0.160804
2.627440e-05,-0.160804
2.627680e-05,-0.160804
2.627920e-05,-0.160804
2.628160e-05,-0.160804
2.628400e-05,-0.160804
2.628640e-05,-0.160804
2.628880e-05,-0.160804
2.629120e-05,-0.160804
2.629360e-05,-0.160804
2.629600e-05,-0.160804
2.629840e-05,-0.160804
2.630080e-05,-0.160804
2.630320e-05,-0.160804
2.630560e-05,-0.160804
2.630800e-05,-0.160804
2.631040e-05,-0.160804
2.631280e-05,-0.160804
2.631520e-05,-0.160804
2.631760e-05,-0.160804
2.632000e-05,-0.160804
2.632240e-05,-0.160804
2.632480e-05,-0.160804
2.632720e-05,-0.160804
2.632960e-05,-0.160804
2.633200e-05,-0.160804
2.633440e-05,-0.160804
2.633680e-05,-0.160804
2.633920e-05,-0.160804
2.634160e-05,-0.160804
2.634400e-05,-0.160804
2.634640e-05,-0.160804
2.634880e-05,-0.160804
2.635120e-05,-0.160804
2.635360e-05,-0.160804
2.635600e-05,-0.160804
2.635840e-05,-0.160804
2.636080e-05,-0.160804
2.636320e-05,-0.160804
2.636560e-05,-0.160804
2.636800e-05,-0.160804
2.637040e-05,-0.160804
2.637280e-05,-0.160804
2.637520e-05,-0.160804
2.637760e-05,-0.160804
2.638000e-05,-0.160804
2.638240e-05,-0.160804
2.638480e-05,-0.160804
2.638720e-05,-0.160804
2.638960e-05,-0.160804
2.639200e-05,-0.160804
2.639440e-05,-0.080402
2.639680e-05,-0.160804
2.639920e-05,-0.160804
2.640160e-05,-0.160804
2.640400e-05,-0.160804
2.640640e-05,-0.160804
2.640880e-05,-0.160804
2.641120e-05,-0.160804
2.641360e-05,-0.160804
2.641600e-05,-0.160804
2.641840e-05,-0.160804
2.642080e-05,-0.160804
2.642320e-05,-0.160804
2.642560e-05,-0.160804
2.642800e-05,-0.160804
2.643040e-05,-0.160804
2.643280e-05,-0.160804
2.643520e-05,-0.160804
2.643760e-05,-0.160804
2.644000e-05,-0.160804
2.644240e-05,-0.080402
2.644480e-05,-0.080402
2.644720e-05,-0.160804
2.644960e-05,-0.160804
2.645200e-05,-0.080402
2.645440e-05,-0.160804
2.645680e-05,-0.080402
2.645920e-05,-0.080402
2.646160e-05,-0.080402
2.646400e-05,-0.080402
2.646640e-05,-0.080402
2.646880e-05,-0.080402
2.647120e-05,-0.080402
2.647360e-05,-0.080402
2.647600e-05,-0.080402
2.647840e-05,-0.080402
2.648080e-05,-0.080402
2.648320e-05,-0.080402
2.648560e-05,-0.080402
2.648800e-05,-0.080402
2.649040e-05,-0.080402
2.649280e-05,-0.080402
2.649520e-05,-0.080402
2.649760e-05,-0.080402
2.650000e-05,-0.160804
2.650240e-05,-0.160804
2.650480e-05,-0.160804
2.650720e-05,-0.160804
2.650960e-05,-0.160804
2.651200e-05,-0.160804
2.651440e-05,-0.160804
2.651680e-05,-0.080402
2.651920e-05,-0.160804
2.652160e-05,-0.160804
2.652400e-05,-0.160804
2.652640e-05,-0.080402
2.652880e-05,-0.080402
2.653120e-05,-0.080402
2.653360e-05,-0.160804
2.653600e-05,-0.160804
2.653840e-05,-0.080402
2.654080e-05,-0.080402
2.654320e-05,-0.080402
2.654560e-05,-0.080402
2.654800e-05,-0.160804
2.655040e-05,-0.160804
2.655280e-05,-0.080402
2.655520e-05,-0.080402
2.655760e-05,-0.080402
2.656000e-05,-0.080402
2.656240e-05,-0.080402
2.656480e-05,-0.080402
2.656720e-05,-0.080402
2.656960e-05,-0.080402
2.657200e-05,-0.080402
2.657440e-05,-0.080402
2.657680e-05,-0.080402
2.657920e-05,-0.080402
2.658160e-05,-0.080402
2.658400e-05,-0.080402
2.658640e-05,-0.080402
2.658880e-05,-0.080402
2.659120e-05,-0.080402
2.659360e-05,-0.080402
2.659600e-05,-0.080402
2.659840e-05,-0.080402
2.660080e-05,-0.080402
2.660320e-05,-0.080402
2.660560e-05,-0.080402
2.660800e-05,-0.080402
2.661040e-05,-0.080402
2.661280e-05,-0.080402
2.661520e-05,-0.080402
2.661760e-05,-0.080402
2.662000e-05,-0.080402
2.662240e-05,-0.080402
2.662480e-05,-0.080402
2.662720e-05,-0.080402
2.662960e-05,-0.080402
2.663200e-05,-0.080402
2.663440e-05,-0.080402
2.663680e-05,-0.080402
2.663920e-05,-0.080402
2.664160e-05,-0.080402
2.664400e-05,-0.080402
2.664640e-05,-0.080402
2.664880e-05,-0.080402
2.665120e-05,-0.080402
2.665360e-05,-0.080402
2.665600e-05,-0.080402
2.665840e-05,0.000000
2.666080e-05,-0.080402
2.666320e-05,-0.080402
2.666560e-05,-0.080402
2.666800e-05,-0.080402
2.667040e-05,-0.080402
2.667280e-05,-0.080402
2.667520e-05,-0.080402
2.667760e-05,-0.080402
2.668000e-05,-0.080402
2.668240e-05,-0.080402
2.668480e-05,-0.080402
2.668720e-05,-0.080402
2.668960e-05,-0.080402
2.669200e-05,-0.080402
2.669440e-05,-0.080402
2.669680e-05,-0.080402
2.669920e-05,-0.080402
2.670160e-05,0.000000
2.670400e-05,0.000000
2.670640e-05,0.000000
2.670880e-05,-0.080402
2.671120e-05,-0.080402
2.671360e-05,-0.080402
2.671600e-05,-0.080402
2.671840e-05,-0.080402
2.672080e-05,-0.080402
2.672320e-05,-0.080402
2.672560e-05,-0.080402
2.672800e-05,-0.080402
2.673040e-05,-0.080402
2.673280e-05,-0.080402
2.673520e-05,-0.080402
2.673760e-05,-0.080402
2.674000e-05,-0.080402
2.674240e-05,-0.080402
2.674480e-05,-0.080402
2.674720e-05,-0.080402
2.674960e-05,-0.080402
2.675200e-05,-0.080402
2.675440e-05,-0.080402
2.675680e-05,-0.080402
2.675920e-05,-0.080402
2.676160e-05,-0.080402
2.676400e-05,-0.080402
2.676640e-05,-0.080402
2.676880e-05,-0.080402
2.677120e-05,-0.080402
2.677360e-05,-0.080402
2.677600e-05,-0.080402
2.677840e-05,-0.080402
2.678080e-05,-0.080402
2.678320e-05,-0.080402
2.678560e-05,-0.080402
2.678800e-05,0.000000
2.679040e-05,-0.080402
2.679280e-05,-0.080402
2.679520e-05,-0.080402
2.679760e-05,0.000000
2.680000e-05,-0.080402
2.680240e-05,-0.080402
2.680480e-05,0.000000
2.680720e-05,-0.080402
2.680960e-05,-0.080402
2.681200e-05,-0.080402
2.681440e-05,-0.080402
2.681680e-05,-0.080402
2.681920e-05,-0.080402
2.682160e-05,-0.080402
2.682400e-05,-0.080402
2.682640e-05,-0.080402
2.682880e-05,-0.080402
2.683120e-05,-0.080402
2.683360e-05,-0.080402
2.683600e-05,0.000000
2.683840e-05,-0.080402
2.684080e-05,-0.080402
2.684320e-05,-0.080402
2.684560e-05,-0.080402
2.684800e-05,-0.080402
2.685040e-05,-0.080402
2.685280e-05,-0.080402
2.685520e-05,-0.080402
2.685760e-05,0.000000
2.686000e-05,0.000000
2.686240e-05,-0.080402
2.686480e-05,-0.080402
2.686720e-05,-0.080402
2.686960e-05,-0.080402
2.687200e-05,-0.080402
2.687440e-05,-0.080402
2.687680e-05,-0.080402
2.687920e-05,-0.080402
2.688160e-05,-0.080402
2.688400e-05,-0.080402
2.688640e-05,-0.080402
2.688880e-05,-0.080402
2.689120e-05,-0.080402
2.689360e-05,-0.080402
2.689600e-05,-0.080402
2.689840e-05,-0.080402
2.690080e-05,-0.080402
2.690320e-05,-0.080402
2.690560e-05,-0.080402
2.690800e-05,-0.080402
2.691040e-05,-0.080402
2.691280e-05,-0.080402
2.691520e-05,-0.080402
2.691760e-05,-0.080402
2.692000e-05,-0.080402
2.692240e-05,-0.080402
2.692480e-05,-0.080402
2.692720e-05,-0.080402
2.692960e-05,-0.080402
2.693200e-05,-0.080402
2.693440e-05,-0.080402
2.693680e-05,-0.080402
2.693920e-05,-0.080402
2.694160e-05,-0.080402
2.694400e-05,-0.080402
2.694640e-05,-0.080402
2.694880e-05,-0.080402
2.695120e-05,-0.080402
2.695360e-05,-0.080402
2.695600e-05,-0.080402
2.695840e-05,-0.080402
2.696080e-05,-0.080402
2.696320e-05,-0.080402
2.696560e-05,-0.080402
2.696800e-05,-0.080402
2.697040e-05,-0.080402
2.697280e-05,-0.080402
2.697520e-05,-0.080402
2.697760e-05,-0.080402
2.698000e-05,-0.080402
2.698240e-05,-0.080402
2.698480e-05,-0.080402
2.698720e-05,-0.080402
2.698960e-05,0.000000
2.699200e-05,-0.080402
2.699440e-05,-0.080402
2.699680e-05,-0.080402
2.699920e-05,-0.080402
2.700160e-05,-0.080402
2.700400e-05,-0.080402
2.700640e-05,-0.080402
2.700880e-05,-0.080402
2.701120e-05,0.000000
2.701360e-05,-0.080402
2.701600e-05,-0.080402
2.701840e-05,-0.080402
2.702080e-05,-0.080402
2.702320e-05,-0.080402
2.702560e-05,-0.080402
2.702800e-05,-0.080402
2.703040e-05,-0.080402
2.703280e-05,-0.080402
2.703520e-05,-0.080402
2.703760e-05,-0.080402
2.704000e-05,-0.080402
2.704240e-05,-0.080402
2.704480e-05,-0.080402
2.704720e-05,-0.080402
2.704960e-05,-0.080402
2.705200e-05,-0.080402
2.705440e-05,-0.080402
2.705680e-05,-0.080402
2.705920e-05,-0.080402
2.706160e-05,-0.080402
2.706400e-05,-0.080402
2.706640e-05,-0.080402
2.706880e-05,-0.080402
2.707120e-05,-0.080402
2.707360e-05,-0.080402
2.707600e-05,-0.080402
2.707840e-05,-0.080402
2.708080e-05,-0.080402
2.708320e-05,-0.080402
2.708560e-05,-0.080402
2.708800e-05,-0.080402
2.709040e-05,-0.080402
2.709280e-05,-0.080402
2.709520e-05,-0.080402
2.709760e-05,-0.080402
2.710000e-05,-0.080402
2.710240e-05,-0.080402
2.710480e-05,-0.080402
2.710720e-05,-0.080402
2.710960e-05,-0.080402
2.711200e-05,-0.080402
2.711440e-05,-0.080402
2.711680e-05,-0.160804
2.711920e-05,-0.080402
2.712160e-05,-0.160804
2.712400e-05,-0.080402
2.712640e-05,-0.160804
2.712880e-05,-0.080402
2.713120e-05,-0.080402
2.713360e-05,-0.080402
2.713600e-05,-0.080402
2.713840e-05,-0.160804
2.714080e-05,-0.080402
2.714320e-05,-0.080402
2.714560e-05,-0.080402
2.714800e-05,-0.080402
2.715040e-05,-0.080402
2.715280e-05,-0.080402
2.715520e-05,-0.080402
2.715760e-05,-0.080402
2.716000e-05,-0.160804
2.716240e-05,-0.080402
2.716480e-05,-0.080402
2.716720e-05,-0.080402
2.716960e-05,-0.080402
2.717200e-05,-0.080402
2.717440e-05,-0.160804
2.717680e-05,-0.080402
2.717920e-05,-0.080402
2.718160e-05,-0.080402
2.718400e-05,-0.080402
2.718640e-05,-0.080402
2.718880e-05,-0.080402
2.719120e-05,-0.080402
2.719360e-05,-0.080402
2.719600e-05,-0.080402
2.719840e-05,-0.080402
2.720080e-05,-0.080402
2.720320e-05,-0.080402
2.720560e-05,-0.080402
2.720800e-05,-0.080402
2.721040e-05,-0.080402
2.721280e-05,-0.080402
2.721520e-05,-0.080402
2.721760e-05,-0.080402
2.722000e-05,-0.080402
2.722240e-05,-0.080402
2.722480e-05,-0.080402
2.722720e-05,-0.080402
2.722960e-05,-0.080402
2.723200e-05,-0.080402
2.723440e-05,-0.080402
2.723680e-05,-0.080402
2.723920e-05,-0.080402
2.724160e-05,-0.080402
2.724400e-05,-0.080402
2.724640e-05,-0.080402
2.724880e-05,-0.160804
2.725120e-05,-0.080402
2.725360e-05,-0.080402
2.725600e-05,-0.080402
2.725840e-05,-0.080402
2.726080e-05,-0.080402
2.726320e-05,-0.080402
2.726560e-05,-0.160804
2.726800e-05,-0.160804
2.727040e-05,-0.080402
2.727280e-05,-0.080402
2.727520e-05,-0.080402
2.727760e-05,-0.080402
2.728000e-05,-0.080402
2.728240e-05,-0.080402
2.728480e-05,-0.080402
2.728720e-05,-0.160804
2.728960e-05,-0.080402
2.729200e-05,-0.080402
2.729440e-05,-0.160804
2.729680e-05,-0.080402
2.729920e-05,-0.080402
2.730160e-05,-0.160804
2.730400e-05,-0.160804
2.730640e-05,-0.160804
2.730880e-05,-0.160804
2.731120e-05,-0.080402
2.731360e-05,-0.080402
2.731600e-05,-0.080402
2.731840e-05,-0.080402
2.732080e-05,-0.080402
2.732320e-05,-0.080402
2.732560e-05,-0.080402
2.732800e-05,-0.080402
2.733040e-05,-0.160804
2.733280e-05,-0.160804
2.733520e-05,-0.080402
2.733760e-05,-0.080402
2.734000e-05,-0.160804
2.734240e-05,-0.080402
2.734480e-05,-0.080402
2.734720e-05,-0.160804
2.734960e-05,-0.160804
2.735200e-05,-0.160804
2.735440e-05,-0.080402
2.735680e-05,-0.160804
2.735920e-05,-0.080402
2.736160e-05,-0.080402
2.736400e-05,-0.160804
2.736640e-05,-0.080402
2.736880e-05,-0.080402
2.737120e-05,-0.080402
2.737360e-05,-0.080402
2.737600e-05,-0.080402
2.737840e-05,-0.080402
2.738080e-05,-0.080402
2.738320e-05,-0.080402
2.738560e-05,-0.080402
2.738800e-05,-0.080402
2.739040e-05,-0.080402
2.739280e-05,-0.080402
2.739520e-05,-0.080402
2.739760e-05,-0.080402
2.740000e-05,-0.080402
2.740240e-05,-0.080402
2.740480e-05,-0.080402
2.740720e-05,-0.080402
2.740960e-05,-0.080402
2.741200e-05,-0.080402
2.741440e-05,-0.080402
2.741680e-05,-0.080402
2.741920e-05,-0.080402
2.742160e-05,-0.080402
2.742400e-05,-0.080402
2.742640e-05,-0.080402
2.742880e-05,-0.080402
2.743120e-05,-0.080402
2.743360e-05,-0.080402
2.743600e-05,-0.080402
2.743840e-05,-0.080402
2.744080e-05,-0.080402
2.744320e-05,-0.080402
2.744560e-05,-0.080402
2.744800e-05,-0.080402
2.745040e-05,-0.080402
2.745280e-05,-0.080402
2.745520e-05,-0.080402
2.745760e-05,-0.080402
2.746000e-05,-0.080402
2.746240e-05,-0.080402
2.746480e-05,-0.080402
2.746720e-05,-0.080402
2.746960e-05,-0.080402
2.747200e-05,-0.080402
2.747440e-05,-0.080402
2.747680e-05,-0.080402
2.747920e-05,-0.160804
2.748160e-05,-0.080402
2.748400e-05,-0.080402
2.748640e-05,-0.160804
2.748880e-05,-0.080402
2.749120e-05,-0.080402
2.749360e-05,-0.160804
2.749600e-05,-0.080402
2.749840e-05,-0.080402
2.750080e-05,-0.080402
2.750320e-05,-0.080402
2.750560e-05,-0.080402
2.750800e-05,-0.080402
2.751040e-05,-0.080402
2.751280e-05,-0.080402
2.751520e-05,-0.080402
2.751760e-05,-0.080402
2.752000e-05,-0.080402
2.752240e-05,-0.080402
2.752480e-05,-0.080402
2.752720e-05,-0.080402
2.752960e-05,-0.080402
2.753200e-05,-0.080402
2.753440e-05,-0.080402
2.753680e-05,-0.080402
2.753920e-05,-0.080402
2.754160e-05,-0.080402
2.754400e-05,-0.080402
2.754640e-05,-0.080402
2.754880e-05,-0.080402
2.755120e-05,-0.080402
2.755360e-05,-0.080402
2.755600e-05,-0.080402
2.755840e-05,-0.080402
2.756080e-05,-0.080402
2.756320e-05,-0.080402
2.756560e-05,-0.080402
2.756800e-05,-0.080402
2.757040e-05,-0.080402
2.757280e-05,-0.080402
2.757520e-05,-0.080402
2.757760e-05,-0.080402
2.758000e-05,-0.080402
2.758240e-05,-0.080402
2.758480e-05,-0.080402
2.758720e-05,-0.080402
2.758960e-05,-0.080402
2.759200e-05,-0.080402
2.759440e-05,-0.080402
2.759680e-05,-0.080402
2.759920e-05,-0.080402
2.760160e-05,-0.080402
2.760400e-05,-0.080402
2.760640e-05,-0.080402
2.760880e-05,-0.080402
2.761120e-05,-0.080402
2.761360e-05,-0.080402
2.761600e-05,-0.080402
2.761840e-05,-0.080402
2.762080e-05,-0.080402
2.762320e-05,-0.080402
2.762560e-05,-0.080402
2.762800e-05,-0.080402
2.763040e-05,-0.080402
2.763280e-05,-0.080402
2.763520e-05,-0.080402
2.763760e-05,-0.080402
2.764000e-05,-0.080402
2.764240e-05,-0.080402
2.764480e-05,-0.080402
2.764720e-05,-0.080402
2.764960e-05,-0.080402
2.765200e-05,-0.080402
2.765440e-05,-0.080402
2.765680e-05,-0.080402
2.765920e-05,-0.080402
2.766160e-05,-0.080402
2.766400e-05,-0.080402
2.766640e-05,-0.080402
2.766880e-05,-0.080402
2.767120e-05,-0.080402
2.767360e-05,-0.080402
2.767600e-05,-0.080402
2.767840e-05,-0.080402
2.768080e-05,-0.080402
2.768320e-05,-0.080402
2.768560e-05,-0.080402
2.768800e-05,-0.080402
2.769040e-05,-0.080402
2.769280e-05,-0.080402
2.769520e-05,-0.080402
2.769760e-05,-0.080402
2.770000e-05,-0.080402
2.770240e-05,-0.080402
2.770480e-05,-0.080402
2.770720e-05,-0.080402
2.770960e-05,-0.080402
2.771200e-05,-0.080402
2.771440e-05,-0.080402
2.771680e-05,-0.080402
2.771920e-05,-0.080402
2.772160e-05,-0.080402
2.772400e-05,-0.080402
2.772640e-05,-0.080402
2.772880e-05,-0.080402
2.773120e-05,-0.080402
2.773360e-05,-0.080402
2.773600e-05,-0.080402
2.773840e-05,-0.080402
2.774080e-05,-0.080402
2.774320e-05,-0.080402
2.774560e-05,-0.080402
2.774800e-05,-0.080402
2.775040e-05,-0.080402
2.775280e-05,-0.080402
2.775520e-05,-0.080402
2.775760e-05,-0.080402
2.776000e-05,-0.080402
2.776240e-05,-0.080402
2.776480e-05,0.000000
2.776720e-05,-0.080402
2.776960e-05,-0.080402
2.777200e-05,-0.080402
2.777440e-05,-0.080402
2.777680e-05,-0.080402
2.777920e-05,0.000000
2.778160e-05,-0.080402
2.778400e-05,-0.080402
2.778640e-05,-0.080402
2.778880e-05,-0.080402
2.779120e-05,-0.080402
2.779360e-05,-0.080402
2.779600e-05,-0.080402
2.779840e-05,-0.080402
2.780080e-05,-0.080402
2.780320e-05,-0.080402
2.780560e-05,-0.080402
2.780800e-05,-0.080402
2.781040e-05,-0.080402
2.781280e-05,-0.080402
2.781520e-05,-0.080402
2.781760e-05,-0.080402
2.782000e-05,-0.080402
2.782240e-05,-0.080402
2.782480e-05,-0.080402
2.782720e-05,-0.080402
2.782960e-05,-0.080402
2.783200e-05,-0.080402
2.783440e-05,-0.080402
2.783680e-05,-0.080402
2.783920e-05,-0.080402
2.784160e-05,-0.080402
2.784400e-05,-0.080402
2.784640e-05,-0.080402
2.784880e-05,-0.080402
2.785120e-05,-0.080402
2.785360e-05,-0.080402
2.785600e-05,-0.080402
2.785840e-05,-0.080402
2.786080e-05,-0.080402
2.786320e-05,-0.080402
2.786560e-05,-0.080402
2.786800e-05,-0.080402
2.787040e-05,-0.080402
2.787280e-05,-0.080402
2.787520e-05,-0.080402
2.787760e-05,-0.080402
2.788000e-05,-0.080402
2.788240e-05,-0.080402
2.788480e-05,-0.080402
2.788720e-05,-0.080402
2.788960e-05,-0.080402
2.789200e-05,-0.080402
2.789440e-05,-0.080402
2.789680e-05,-0.080402
2.789920e-05,-0.080402
2.790160e-05,-0.080402
2.790400e-05,-0.080402
2.790640e-05,-0.080402
2.790880e-05,-0.080402
2.791120e-05,-0.080402
2.791360e-05,-0.080402
2.791600e-05,-0.080402
2.791840e-05,-0.080402
2.792080e-05,-0.080402
2.792320e-05,-0.080402
2.792560e-05,-0.080402
2.792800e-05,-0.080402
2.793040e-05,-0.080402
2.793280e-05,-0.080402
2.793520e-05,-0.080402
2.793760e-05,-0.080402
2.794000e-05,-0.080402
2.794240e-05,-0.080402
2.794480e-05,-0.080402
2.794720e-05,-0.080402
2.794960e-05,-0.080402
2.795200e-05,-0.080402
2.795440e-05,-0.080402
2.795680e-05,-0.080402
2.795920e-05,-0.080402
2.796160e-05,-0.080402
2.796400e-05,-0.080402
2.796640e-05,-0.080402
2.796880e-05,-0.080402
2.797120e-05,-0.080402
2.797360e-05,-0.160804
2.797600e-05,-0.080402
2.797840e-05,-0.080402
2.798080e-05,-0.080402
2.798320e-05,-0.080402
2.798560e-05,-0.080402
2.798800e-05,-0.080402
2.799040e-05,-0.080402
2.799280e-05,-0.080402
2.799520e-05,-0.080402
2.799760e-05,-0.080402
2.800000e-05,-0.080402
2.800240e-05,-0.080402
2.800480e-05,-0.080402
2.800720e-05,-0.160804
2.800960e-05,-0.160804
2.801200e-05,-0.160804
2.801440e-05,-0.160804
2.801680e-05,-0.160804
2.801920e-05,-0.160804
2.802160e-05,-0.160804
2.802400e-05,-0.160804
2.802640e-05,-0.080402
2.802880e-05,-0.160804
2.803120e-05,-0.160804
2.803360e-05,-0.160804
2.803600e-05,-0.160804
2.803840e-05,-0.160804
2.804080e-05,-0.160804
2.804320e-05,-0.160804
2.804560e-05,-0.160804
2.804800e-05,-0.160804
2.805040e-05,-0.160804
2.805280e-05,-0.160804
2.805520e-05,-0.160804
2.805760e-05,-0.160804
2.806000e-05,-0.160804
2.806240e-05,-0.160804
2.806480e-05,-0.160804
2.806720e-05,-0.160804
2.806960e-05,-0.160804
2.807200e-05,-0.160804
2.807440e-05,-0.160804
2.807680e-05,-0.160804
2.807920e-05,-0.160804
2.808160e-05,-0.160804
2.808400e-05,-0.160804
2.808640e-05,-0.160804
2.808880e-05,-0.160804
2.809120e-05,-0.160804
2.809360e-05,-0.160804
2.809600e-05,-0.160804
2.809840e-05,-0.160804
2.810080e-05,-0.160804
2.810320e-05,-0.160804
2.810560e-05,-0.160804
2.810800e-05,-0.160804
2.811040e-05,-0.160804
2.811280e-05,-0.160804
2.811520e-05,-0.160804
2.811760e-05,-0.160804
2.812000e-05,-0.160804
2.812240e-05,-0.160804
2.812480e-05,-0.160804
2.812720e-05,-0.080402
2.812960e-05,-0.160804
2.813200e-05,-0.160804
2.813440e-05,-0.160804
2.813680e-05,-0.160804
2.813920e-05,-0.160804
2.814160e-05,-0.160804
2.814400e-05,-0.160804
2.814640e-05,-0.160804
2.814880e-05,-0.160804
2.815120e-05,-0.160804
2.815360e-05,-0.160804
2.815600e-05,-0.160804
2.815840e-05,-0.160804
2.816080e-05,-0.160804
2.816320e-05,-0.160804
2.816560e-05,-0.160804
2.816800e-05,-0.160804
2.817040e-05,-0.160804
2.817280e-05,-0.160804
2.817520e-05,-0.160804
2.817760e-05,-0.160804
2.818000e-05,-0.160804
2.818240e-05,-0.160804
2.818480e-05,-0.160804
2.818720e-05,-0.160804
2.818960e-05,-0.160804
2.819200e-05,-0.160804
2.819440e-05,-0.160804
2.819680e-05,-0.160804
2.819920e-05,-0.160804
2.820160e-05,-0.160804
2.820400e-05,-0.160804
2.820640e-05,-0.160804
2.820880e-05,-0.160804
2.821120e-05,-0.160804
2.821360e-05,-0.160804
2.821600e-05,-0.160804
2.821840e-05,-0.160804
2.822080e-05,-0.160804
2.822320e-05,-0.160804
2.822560e-05,-0.160804
2.822800e-05,-0.160804
2.823040e-05,-0.160804
2.823280e-05,-0.160804
2.823520e-05,-0.160804
2.823760e-05,-0.160804
2.824000e-05,-0.160804
2.824240e-05,-0.160804
2.824480e-05,-0.160804
2.824720e-05,-0.160804
2.824960e-05,-0.160804
2.825200e-05,-0.160804
2.825440e-05,-0.160804
2.825680e-05,-0.160804
2.825920e-05,-0.160804
2.826160e-05,-0.160804
2.826400e-05,-0.160804
2.826640e-05,-0.160804
2.826880e-05,-0.160804
2.827120e-05,-0.160804
2.827360e-05,-0.160804
2.827600e-05,-0.160804
2.827840e-05,-0.160804
2.828080e-05,-0.160804
2.828320e-05,-0.080402
2.828560e-05,-0.080402
2.828800e-05,-0.160804
2.829040e-05,-0.160804
2.829280e-05,-0.080402
2.829520e-05,-0.080402
2.829760e-05,-0.160804
2.830000e-05,-0.160804
2.830240e-05,-0.080402
2.830480e-05,-0.160804
2.830720e-05,-0.160804
2.830960e-05,-0.160804
2.831200e-05,-0.160804
2.831440e-05,-0.080402
2.831680e-05,-0.080402
2.831920e-05,-0.160804
2.832160e-05,-0.160804
2.832400e-05,-0.160804
2.832640e-05,-0.080402
2.832880e-05,-0.080402
2.833120e-05,-0.160804
2.833360e-05,-0.160804
2.833600e-05,-0.080402
2.833840e-05,-0.080402
2.834080e-05,-0.160804
2.834320e-05,-0.080402
2.834560e-05,-0.080402
2.834800e-05,-0.080402
2.835040e-05,-0.160804
2.835280e-05,-0.080402
2.835520e-05,-0.160804
2.835760e-05,-0.160804
2.836000e-05,-0.160804
2.836240e-05,-0.160804
2.836480e-05,-0.160804
2.836720e-05,-0.160804
2.836960e-05,-0.160804
2.837200e-05,-0.160804
2.837440e-05,-0.160804
2.837680e-05,-0.160804
2.837920e-05,-0.160804
2.838160e-05,-0.160804
2.838400e-05,-0.080402
2.838640e-05,-0.160804
2.838880e-05,-0.160804
2.839120e-05,-0.080402
2.839360e-05,-0.080402
2.839600e-05,-0.080402
2.839840e-05,-0.080402
2.840080e-05,-0.080402
2.840320e-05,-0.080402
2.840560e-05,-0.080402
2.840800e-05,-0.160804
2.841040e-05,-0.080402
2.841280e-05,-0.080402
2.841520e-05,-0.160804
2.841760e-05,-0.080402
2.842000e-05,-0.160804
2.842240e-05,-0.080402
2.842480e-05,-0.080402
2.842720e-05,-0.080402
2.842960e-05,-0.160804
2.843200e-05,-0.160804
2.843440e-05,-0.160804
2.843680e-05,-0.080402
2.843920e-05,-0.080402
2.844160e-05,-0.080402
2.844400e-05,-0.080402
2.844640e-05,-0.080402
2.844880e-05,-0.080402
2.845120e-05,-0.080402
2.845360e-05,-0.080402
2.845600e-05,-0.080402
2.845840e-05,-0.080402
2.846080e-05,-0.080402
2.846320e-05,-0.080402
2.846560e-05,-0.080402
2.846800e-05,-0.080402
2.847040e-05,-0.080402
2.847280e-05,-0.080402
2.847520e-05,-0.080402
2.847760e-05,-0.080402
2.848000e-05,-0.080402
2.848240e-05,-0.080402
2.848480e-05,-0.080402
2.848720e-05,-0.080402
2.848960e-05,-0.080402
2.849200e-05,-0.080402
2.849440e-05,-0.080402
2.849680e-05,-0.080402
2.849920e-05,-0.080402
2.850160e-05,-0.080402
2.850400e-05,-0.080402
2.850640e-05,-0.080402
2.850880e-05,-0.080402
2.851120e-05,-0.080402
2.851360e-05,-0.080402
2.851600e-05,-0.080402
2.851840e-05,-0.080402
2.852080e-05,-0.080402
2.852320e-05,-0.080402
2.852560e-05,-0.080402
2.852800e-05,-0.080402
2.853040e-05,-0.160804
2.853280e-05,-0.160804
2.853520e-05,-0.080402
2.853760e-05,-0.080402
2.854000e-05,-0.080402
2.854240e-05,-0.080402
2.854480e-05,-0.080402
2.854720e-05,-0.080402
2.854960e-05,-0.080402
2.855200e-05,-0.080402
2.855440e-05,-0.080402
2.855680e-05,-0.160804
2.855920e-05,-0.080402
2.856160e-05,-0.080402
2.856400e-05,-0.080402
2.856640e-05,-0.160804
2.856880e-05,-0.160804
2.857120e-05,-0.080402
2.857360e-05,-0.080402
2.857600e-05,-0.080402
2.857840e-05,-0.080402
2.858080e-05,-0.080402
2.858320e-05,-0.080402
2.858560e-05,-0.080402
2.858800e-05,-0.080402
2.859040e-05,-0.080402
2.859280e-05,-0.080402
2.859520e-05,-0.080402
2.859760e-05,-0.080402
2.860000e-05,-0.080402
2.860240e-05,-0.080402
2.860480e-05,-0.080402
2.860720e-05,-0.080402
2.860960e-05,-0.080402
2.861200e-05,-0.080402
2.861440e-05,-0.080402
2.861680e-05,-0.080402
2.861920e-05,-0.080402
2.862160e-05,-0.080402
2.862400e-05,-0.080402
2.862640e-05,-0.080402
2.862880e-05,-0.080402
2.863120e-05,-0.080402
2.863360e-05,-0.080402
2.863600e-05,-0.080402
2.863840e-05,-0.080402
2.864080e-05,-0.080402
2.864320e-05,-0.080402
2.864560e-05,-0.080402
2.864800e-05,-0.080402
2.865040e-05,-0.080402
2.865280e-05,-0.080402
2.865520e-05,-0.080402
2.865760e-05,-0.160804
2.866000e-05,-0.080402
2.866240e-05,-0.080402
2.866480e-05,-0.080402
2.866720e-05,-0.160804
2.866960e-05,-0.160804
2.867200e-05,-0.080402
2.867440e-05,-0.160804
2.867680e-05,-0.160804
2.867920e-05,-0.080402
2.868160e-05,-0.080402
2.868400e-05,-0.080402
2.868640e-05,-0.080402
2.868880e-05,-0.080402
2.869120e-05,-0.080402
2.869360e-05,-0.080402
2.869600e-05,-0.080402
2.869840e-05,-0.080402
2.870080e-05,-0.080402
2.870320e-05,-0.080402
2.870560e-05,-0.080402
2.870800e-05,-0.080402
2.871040e-05,-0.080402
2.871280e-05,-0.080402
2.871520e-05,-0.080402
2.871760e-05,-0.080402
2.872000e-05,-0.080402
2.872240e-05,-0.080402
2.872480e-05,-0.080402
2.872720e-05,-0.080402
2.872960e-05,-0.080402
2.873200e-05,-0.080402
2.873440e-05,-0.080402
2.873680e-05,-0.080402
2.873920e-05,-0.080402
2.874160e-05,-0.080402
2.874400e-05,-0.080402
2.874640e-05,-0.080402
2.874880e-05,-0.080402
2.875120e-05,-0.080402
2.875360e-05,-0.080402
2.875600e-05,-0.080402
2.875840e-05,-0.080402
2.876080e-05,-0.080402
2.876320e-05,-0.080402
2.876560e-05,-0.080402
2.876800e-05,-0.080402
2.877040e-05,-0.080402
2.877280e-05,-0.080402
2.877520e-05,-0.080402
2.877760e-05,-0.080402
2.878000e-05,-0.080402
2.878240e-05,-0.080402
2.878480e-05,-0.080402
2.878720e-05,-0.080402
2.878960e-05,-0.080402
2.879200e-05,-0.080402
2.879440e-05,-0.080402
2.879680e-05,-0.080402
2.879920e-05,-0.080402
2.880160e-05,-0.080402
2.880400e-05,-0.080402
2.880640e-05,-0.080402
2.880880e-05,-0.080402
2.881120e-05,-0.080402
2.881360e-05,-0.080402
2.881600e-05,-0.080402
2.881840e-05,-0.080402
2.882080e-05,-0.080402
2.882320e-05,-0.080402
2.882560e-05,-0.080402
2.882800e-05,-0.080402
2.883040e-05,-0.080402
2.883280e-05,-0.080402
2.883520e-05,-0.080402
2.883760e-05,-0.080402
2.884000e-05,-0.080402
2.884240e-05,-0.080402
2.884480e-05,-0.080402
2.884720e-05,-0.080402
2.884960e-05,-0.080402
2.885200e-05,-0.080402
2.885440e-05,-0.080402
2.885680e-05,-0.080402
2.885920e-05,-0.080402
2.886160e-05,-0.080402
2.886400e-05,-0.080402
2.886640e-05,-0.080402
2.886880e-05,-0.080402
2.887120e-05,-0.080402
2.887360e-05,-0.080402
2.887600e-05,-0.080402
2.887840e-05,-0.080402
2.888080e-05,-0.080402
2.888320e-05,-0.080402
2.888560e-05,-0.080402
2.888800e-05,-0.080402
2.889040e-05,0.000000
2.889280e-05,-0.080402
2.889520e-05,-0.080402
2.889760e-05,-0.080402
2.890000e-05,-0.080402
2.890240e-05,-0.080402
2.890480e-05,0.000000
2.890720e-05,0.000000
2.890960e-05,0.000000
2.891200e-05,0.000000
2.891440e-05,-0.080402
2.891680e-05,0.000000
2.891920e-05,-0.080402
2.892160e-05,-0.080402
2.892400e-05,0.000000
2.892640e-05,0.000000
2.892880e-05,0.000000
2.893120e-05,0.000000
2.893360e-05,-0.080402
2.893600e-05,-0.080402
2.893840e-05,-0.080402
2.894080e-05,0.000000
2.894320e-05,0.000000
2.894560e-05,-0.080402
2.894800e-05,0.000000
2.895040e-05,0.000000
2.895280e-05,-0.080402
2.895520e-05,-0.080402
2.895760e-05,-0.080402
2.896000e-05,-0.080402
2.896240e-05,-0.080402
2.896480e-05,-0.080402
2.896720e-05,-0.080402
2.896960e-05,-0.080402
2.897200e-05,0.000000
2.897440e-05,-0.080402
2.897680e-05,0.000000
2.897920e-05,-0.080402
2.898160e-05,-0.080402
2.898400e-05,-0.080402
2.898640e-05,-0.080402
2.898880e-05,-0.080402
2.899120e-05,-0.080402
2.899360e-05,-0.080402
2.899600e-05,0.000000
2.899840e-05,0.000000
2.900080e-05,0.000000
2.900320e-05,0.000000
2.900560e-05,0.000000
2.900800e-05,-0.080402
2.901040e-05,-0.080402
2.901280e-05,-0.080402
2.901520e-05,0.000000
2.901760e-05,-0.080402
2.902000e-05,0.000000
2.902240e-05,0.000000
2.902480e-05,0.000000
2.902720e-05,-0.080402
2.902960e-05,0.000000
2.903200e-05,0.000000
2.903440e-05,0.000000
2.903680e-05,0.000000
2.903920e-05,-0.080402
2.904160e-05,0.000000
2.904400e-05,0.000000
2.904640e-05,-0.080402
2.904880e-05,-0.080402
2.905120e-05,-0.080402
2.905360e-05,-0.080402
2.905600e-05,0.000000
2.905840e-05,0.000000
2.906080e-05,-0.080402
2.906320e-05,0.000000
2.906560e-05,0.000000
2.906800e-05,-0.080402
2.907040e-05,-0.080402
2.907280e-05,0.000000
2.907520e-05,0.000000
2.907760e-05,0.000000
2.908000e-05,0.000000
2.908240e-05,0.000000
2.908480e-05,0.000000
2.908720e-05,0.000000
2.908960e-05,0.000000
2.909200e-05,0.000000
2.909440e-05,0.000000
2.909680e-05,0.000000
2.909920e-05,0.000000
2.910160e-05,0.000000
2.910400e-05,0.000000
2.910640e-05,0.000000
2.910880e-05,0.000000
2.911120e-05,0.000000
2.911360e-05,0.000000
2.911600e-05,-0.080402
2.911840e-05,-0.080402
2.912080e-05,-0.080402
2.912320e-05,0.000000
2.912560e-05,0.000000
2.912800e-05,0.000000
2.913040e-05,-0.080402
2.913280e-05,-0.080402
2.913520e-05,0.000000
2.913760e-05,-0.080402
2.914000e-05,-0.080402
2.914240e-05,-0.080402
2.914480e-05,-0.080402
2.914720e-05,-0.080402
2.914960e-05,-0.080402
2.915200e-05,-0.080402
2.915440e-05,-0.080402
2.915680e-05,-0.080402
2.915920e-05,-0.080402
2.916160e-05,-0.080402
2.916400e-05,-0.080402
2.916640e-05,-0.080402
2.916880e-05,-0.080402
2.917120e-05,-0.080402
2.917360e-05,-0.080402
2.917600e-05,-0.080402
2.917840e-05,-0.080402
2.918080e-05,-0.080402
2.918320e-05,-0.080402
2.918560e-05,-0.080402
2.918800e-05,-0.080402
2.919040e-05,-0.080402
2.919280e-05,-0.080402
2.919520e-05,-0.080402
2.919760e-05,-0.080402
2.920000e-05,-0.080402
2.920240e-05,-0.080402
2.920480e-05,-0.080402
2.920720e-05,-0.080402
2.920960e-05,-0.080402
2.921200e-05,-0.080402
2.921440e-05,-0.080402
2.921680e-05,-0.080402
2.921920e-05,-0.080402
2.922160e-05,-0.080402
2.922400e-05,-0.080402
2.922640e-05,-0.080402
2.922880e-05,-0.080402
2.923120e-05,-0.080402
2.923360e-05,-0.080402
2.923600e-05,-0.080402
2.923840e-05,-0.080402
2.924080e-05,-0.080402
2.924320e-05,-0.080402
2.924560e-05,-0.080402
2.924800e-05,-0.080402
2.925040e-05,-0.080402
2.925280e-05,-0.080402
2.925520e-05,-0.080402
2.925760e-05,-0.080402
2.926000e-05,-0.080402
2.926240e-05,-0.080402
2.926480e-05,-0.080402
2.926720e-05,-0.080402
2.926960e-05,-0.080402
2.927200e-05,-0.080402
2.927440e-05,-0.080402
2.927680e-05,-0.080402
2.927920e-05,-0.080402
2.928160e-05,-0.080402
2.928400e-05,-0.080402
2.928640e-05,-0.080402
2.928880e-05,-0.080402
2.929120e-05,-0.080402
2.929360e-05,-0.080402
2.929600e-05,-0.080402
2.929840e-05,-0.080402
2.930080e-05,-0.080402
2.930320e-05,-0.080402
2.930560e-05,-0.080402
2.930800e-05,-0.080402
2.931040e-05,-0.080402
2.931280e-05,-0.080402
2.931520e-05,-0.080402
2.931760e-05,-0.080402
2.932000e-05,-0.080402
2.932240e-05,-0.080402
2.932480e-05,-0.080402
2.932720e-05,-0.080402
2.932960e-05,-0.080402
2.933200e-05,-0.080402
2.933440e-05,-0.080402
2.933680e-05,-0.080402
2.933920e-05,-0.080402
2.934160e-05,-0.160804
2.934400e-05,-0.160804
2.934640e-05,-0.160804
2.934880e-05,-0.160804
2.935120e-05,-0.080402
2.935360e-05,-0.080402
2.935600e-05,-0.080402
2.935840e-05,-0.080402
2.936080e-05,-0.080402
2.936320e-05,-0.080402
2.936560e-05,-0.080402
2.936800e-05,-0.160804
2.937040e-05,-0.080402
2.937280e-05,-0.160804
2.937520e-05,-0.080402
2.937760e-05,-0.160804
2.938000e-05,-0.160804
2.938240e-05,-0.080402
2.938480e-05,-0.080402
2.938720e-05,-0.160804
2.938960e-05,-0.080402
2.939200e-05,-0.080402
2.939440e-05,-0.080402
2.939680e-05,-0.160804
2.939920e-05,-0.080402
2.940160e-05,-0.160804
2.940400e-05,-0.160804
2.940640e-05,-0.160804
2.940880e-05,-0.160804
2.941120e-05,-0.160804
2.941360e-05,-0.160804
2.941600e-05,-0.160804
2.941840e-05,-0.160804
2.942080e-05,-0.160804
2.942320e-05,-0.160804
2.942560e-05,-0.160804
2.942800e-05,-0.160804
2.943040e-05,-0.160804
2.943280e-05,-0.080402
2.943520e-05,-0.160804
2.943760e-05,-0.160804
2.944000e-05,-0.160804
2.944240e-05,-0.160804
2.944480e-05,-0.160804
2.944720e-05,-0.160804
2.944960e-05,-0.080402
2.945200e-05,-0.160804
2.945440e-05,-0.160804
2.945680e-05,-0.160804
2.945920e-05,-0.160804
2.946160e-05,-0.160804
2.946400e-05,-0.160804
2.946640e-05,-0.160804
2.946880e-05,-0.160804
2.947120e-05,-0.160804
2.947360e-05,-0.080402
2.947600e-05,-0.080402
2.947840e-05,-0.160804
2.948080e-05,-0.160804
2.948320e-05,-0.160804
2.948560e-05,-0.160804
2.948800e-05,-0.160804
2.949040e-05,-0.160804
2.949280e-05,-0.080402
2.949520e-05,-0.160804
2.949760e-05,-0.160804
2.950000e-05,-0.160804
2.950240e-05,-0.160804
2.950480e-05,-0.160804
2.950720e-05,-0.160804
2.950960e-05,-0.160804
2.951200e-05,-0.160804
2.951440e-05,-0.160804
2.951680e-05,-0.160804
2.951920e-05,-0.160804
2.952160e-05,-0.160804
2.952400e-05,-0.160804
2.952640e-05,-0.160804
2.952880e-05,-0.160804
2.953120e-05,-0.160804
2.953360e-05,-0.160804
2.953600e-05,-0.160804
2.953840e-05,-0.160804
2.954080e-05,-0.160804
2.954320e-05,-0.160804
2.954560e-05,-0.160804
2.954800e-05,-0.160804
2.955040e-05,-0.160804
2.955280e-05,-0.160804
2.955520e-05,-0.160804
2.955760e-05,-0.160804
2.956000e-05,-0.160804
2.956240e-05,-0.160804
2.956480e-05,-0.160804
2.956720e-05,-0.160804
2.956960e-05,-0.160804
2.957200e-05,-0.160804
2.957440e-05,-0.160804
2.957680e-05,-0.160804
2.957920e-05,-0.160804
2.958160e-05,-0.160804
2.958400e-05,-0.160804
2.958640e-05,-0.160804
2.958880e-05,-0.160804
2.959120e-05,-0.160804
2.959360e-05,-0.160804
2.959600e-05,-0.160804
2.959840e-05,-0.160804
2.960080e-05,-0.160804
2.960320e-05,-0.160804
2.960560e-05,-0.160804
2.960800e-05,-0.160804
2.961040e-05,-0.160804
2.961280e-05,-0.160804
2.961520e-05,-0.160804
2.961760e-05,-0.160804
2.962000e-05,-0.160804
2.962240e-05,-0.160804
2.962480e-05,-0.160804
2.962720e-05,-0.160804
2.962960e-05,-0.160804
2.963200e-05,-0.160804
2.963440e-05,-0.160804
2.963680e-05,-0.160804
2.963920e-05,-0.160804
2.964160e-05,-0.160804
2.964400e-05,-0.160804
2.964640e-05,-0.160804
2.964880e-05,-0.160804
2.965120e-05,-0.160804
2.965360e-05,-0.160804
2.965600e-05,-0.160804
2.965840e-05,-0.160804
2.966080e-05,-0.160804
2.966320e-05,-0.160804
2.966560e-05,-0.160804
2.966800e-05,-0.160804
2.967040e-05,-0.160804
2.967280e-05,-0.160804
2.967520e-05,-0.160804
2.967760e-05,-0.160804
2.968000e-05,-0.160804
2.968240e-05,-0.160804
2.968480e-05,-0.160804
2.968720e-05,-0.160804
2.968960e-05,-0.160804
2.969200e-05,-0.160804
2.969440e-05,-0.160804
2.969680e-05,-0.160804
2.969920e-05,-0.160804
2.970160e-05,-0.160804
2.970400e-05,-0.160804
2.970640e-05,-0.160804
2.970880e-05,-0.160804
2.971120e-05,-0.160804
2.971360e-05,-0.080402
2.971600e-05,-0.160804
2.971840e-05,-0.160804
2.972080e-05,-0.160804
2.972320e-05,-0.160804
2.972560e-05,-0.160804
2.972800e-05,-0.160804
2.973040e-05,-0.160804
2.973280e-05,-0.160804
2.973520e-05,-0.160804
2.973760e-05,-0.160804
2.974000e-05,-0.160804
2.974240e-05,-0.160804
2.974480e-05,-0.160804
2.974720e-05,-0.160804
2.974960e-05,-0.160804
2.975200e-05,-0.160804
2.975440e-05,-0.160804
2.975680e-05,-0.160804
2.975920e-05,-0.160804
2.976160e-05,-0.160804
2.976400e-05,-0.160804
2.976640e-05,-0.160804
2.976880e-05,-0.160804
2.977120e-05,-0.160804
2.977360e-05,-0.160804
2.977600e-05,-0.160804
2.977840e-05,-0.080402
2.978080e-05,-0.160804
2.978320e-05,-0.160804
2.978560e-05,-0.080402
2.978800e-05,-0.080402
2.979040e-05,-0.160804
2.979280e-05,-0.080402
2.979520e-05,-0.080402
2.979760e-05,-0.080402
2.980000e-05,-0.080402
2.980240e-05,-0.080402
2.980480e-05,-0.080402
2.980720e-05,-0.160804
2.980960e-05,-0.160804
2.981200e-05,-0.080402
2.981440e-05,-0.080402
2.981680e-05,-0.080402
2.981920e-05,-0.080402
2.982160e-05,-0.160804
2.982400e-05,-0.080402
2.982640e-05,-0.080402
2.982880e-05,-0.080402
2.983120e-05,-0.080402
2.983360e-05,-0.080402
2.983600e-05,-0.080402
2.983840e-05,-0.080402
2.984080e-05,-0.080402
2.984320e-05,-0.080402
2.984560e-05,-0.080402
2.984800e-05,-0.080402
2.985040e-05,-0.080402
2.985280e-05,-0.080402
2.985520e-05,-0.080402
2.985760e-05,-0.080402
2.986000e-05,-0.080402
2.986240e-05,-0.080402
2.986480e-05,-0.080402
2.986720e-05,-0.080402
2.986960e-05,-0.080402
2.987200e-05,-0.080402
2.987440e-05,-0.080402
2.987680e-05,-0.080402
2.987920e-05,-0.080402
2.988160e-05,-0.080402
2.988400e-05,-0.080402
2.988640e-05,-0.080402
2.988880e-05,-0.080402
2.989120e-05,-0.080402
2.989360e-05,-0.080402
2.989600e-05,-0.080402
2.989840e-05,-0.080402
2.990080e-05,-0.080402
2.990320e-05,-0.080402
2.990560e-05,-0.080402
2.990800e-05,0.000000
2.991040e-05,-0.080402
2.991280e-05,-0.080402
2.991520e-05,0.000000
2.991760e-05,-0.080402
2.992000e-05,-0.080402
2.992240e-05,-0.080402
2.992480e-05,-0.080402
2.992720e-05,-0.080402
2.992960e-05,-0.080402
2.993200e-05,-0.080402
2.993440e-05,-0.080402
2.993680e-05,-0.080402
2.993920e-05,-0.080402
2.994160e-05,-0.080402
2.994400e-05,0.000000
2.994640e-05,-0.080402
2.994880e-05,-0.080402
2.995120e-05,-0.080402
2.995360e-05,-0.080402
2.995600e-05,-0.080402
2.995840e-05,-0.080402
2.996080e-05,-0.080402
2.996320e-05,-0.080402
2.996560e-05,-0.080402
2.996800e-05,-0.080402
2.997040e-05,-0.080402
2.997280e-05,-0.080402
2.997520e-05,-0.080402
2.997760e-05,-0.080402
2.998000e-05,-0.080402
2.998240e-05,-0.080402
2.998480e-05,-0.080402
2.998720e-05,-0.080402
2.998960e-05,-0.080402
2.999200e-05,-0.080402
2.999440e-05,-0.080402
2.999680e-05,-0.080402
2.999920e-05,-0.080402
3.000160e-05,-0.080402
3.000400e-05,-0.080402
3.000640e-05,-0.080402
3.000880e-05,-0.080402
3.001120e-05,0.000000
3.001360e-05,-0.080402
3.001600e-05,-0.080402
3.001840e-05,-0.080402
3.002080e-05,-0.080402
3.002320e-05,0.000000
3.002560e-05,-0.080402
3.002800e-05,-0.080402
3.003040e-05,0.000000
3.003280e-05,0.000000
3.003520e-05,-0.080402
3.003760e-05,0.000000
3.004000e-05,0.000000
3.004240e-05,0.000000
3.004480e-05,0.000000
3.004720e-05,-0.080402
3.004960e-05,-0.080402
3.005200e-05,0.000000
3.005440e-05,0.000000
3.005680e-05,-0.080402
3.005920e-05,-0.080402
3.006160e-05,-0.080402
3.006400e-05,0.000000
3.006640e-05,0.000000
3.006880e-05,0.000000
3.007120e-05,0.000000
3.007360e-05,-0.080402
3.007600e-05,0.000000
3.007840e-05,-0.080402
3.008080e-05,-0.080402
3.008320e-05,0.000000
3.008560e-05,0.000000
3.008800e-05,-0.080402
3.009040e-05,-0.080402
3.009280e-05,0.000000
3.009520e-05,-0.080402
3.009760e-05,-0.080402
3.010000e-05,-0.080402
3.010240e-05,-0.080402
3.010480e-05,-0.080402
3.010720e-05,-0.080402
3.010960e-05,-0.080402
3.011200e-05,-0.080402
3.011440e-05,-0.080402
3.011680e-05,-0.080402
3.011920e-05,0.000000
3.012160e-05,0.000000
3.012400e-05,0.000000
3.012640e-05,0.000000
3.012880e-05,0.000000
3.013120e-05,-0.080402
3.013360e-05,-0.080402
3.013600e-05,-0.080402
3.013840e-05,-0.080402
3.014080e-05,-0.080402
3.014320e-05,0.000000
3.014560e-05,-0.080402
3.014800e-05,-0.080402
3.015040e-05,-0.080402
3.015280e-05,-0.080402
3.015520e-05,-0.080402
3.015760e-05,-0.080402
3.016000e-05,-0.080402
3.016240e-05,-0.080402
3.016480e-05,-0.080402
3.016720e-05,-0.080402
3.016960e-05,-0.080402
3.017200e-05,-0.080402
3.017440e-05,-0.080402
3.017680e-05,-0.080402
3.017920e-05,-0.080402
3.018160e-05,-0.080402
3.018400e-05,-0.080402
3.018640e-05,-0.080402
3.018880e-05,-0.080402
3.019120e-05,-0.080402
3.019360e-05,-0.080402
3.019600e-05,-0.080402
3.019840e-05,-0.080402
3.020080e-05,-0.080402
3.020320e-05,-0.080402
3.020560e-05,-0.080402
3.020800e-05,-0.080402
3.021040e-05,-0.080402
3.021280e-05,-0.080402
3.021520e-05,-0.080402
3.021760e-05,-0.080402
3.022000e-05,-0.080402
3.022240e-05,-0.080402
3.022480e-05,-0.080402
3.022720e-05,-0.080402
3.022960e-05,-0.080402
3.023200e-05,-0.080402
3.023440e-05,-0.080402
3.023680e-05,-0.080402
3.023920e-05,-0.080402
3.024160e-05,-0.080402
3.024400e-05,-0.080402
3.024640e-05,-0.080402
3.024880e-05,-0.080402
3.025120e-05,-0.160804
3.025360e-05,-0.080402
3.025600e-05,-0.160804
3.025840e-05,-0.080402
3.026080e-05,-0.080402
3.026320e-05,-0.080402
3.026560e-05,-0.080402
3.026800e-05,-0.080402
3.027040e-05,-0.080402
3.027280e-05,-0.080402
3.027520e-05,-0.080402
3.027760e-05,-0.160804
3.028000e-05,-0.160804
3.028240e-05,-0.080402
3.028480e-05,-0.080402
3.028720e-05,-0.160804
3.028960e-05,-0.160804
3.029200e-05,-0.080402
3.029440e-05,-0.080402
3.029680e-05,-0.080402
3.029920e-05,-0.160804
3.030160e-05,-0.160804
3.030400e-05,-0.160804
3.030640e-05,-0.080402
3.030880e-05,-0.160804
3.031120e-05,-0.080402
3.031360e-05,-0.160804
3.031600e-05,-0.160804
3.031840e-05,-0.080402
3.032080e-05,-0.080402
3.032320e-05,-0.080402
3.032560e-05,-0.160804
3.032800e-05,-0.160804
3.033040e-05,-0.080402
3.033280e-05,-0.160804
3.033520e-05,-0.080402
3.033760e-05,-0.080402
3.034000e-05,-0.080402
3.034240e-05,-0.160804
3.034480e-05,-0.080402
3.034720e-05,-0.080402
3.034960e-05,-0.160804
3.035200e-05,-0.080402
3.035440e-05,-0.160804
3.035680e-05,-0.160804
3.035920e-05,-0.160804
3.036160e-05,-0.160804
3.036400e-05,-0.160804
3.036640e-05,-0.080402
3.036880e-05,-0.160804
3.037120e-05,-0.160804
3.037360e-05,-0.080402
3.037600e-05,-0.080402
3.037840e-05,-0.080402
3.038080e-05,-0.080402
3.038320e-05,-0.080402
3.038560e-05,-0.080402
3.038800e-05,-0.080402
3.039040e-05,-0.080402
3.039280e-05,-0.080402
3.039520e-05,-0.160804
3.039760e-05,-0.080402
3.040000e-05,-0.080402
3.040240e-05,-0.160804
3.040480e-05,-0.160804
3.040720e-05,-0.160804
3.040960e-05,-0.160804
3.041200e-05,-0.080402
3.041440e-05,-0.160804
3.041680e-05,-0.160804
3.041920e-05,-0.160804
3.042160e-05,-0.160804
3.042400e-05,-0.160804
3.042640e-05,-0.160804
3.042880e-05,-0.160804
3.043120e-05,-0.160804
3.043360e-05,-0.160804
3.043600e-05,-0.160804
3.043840e-05,-0.160804
3.044080e-05,-0.160804
3.044320e-05,-0.160804
3.044560e-05,-0.160804
3.044800e-05,-0.160804
3.045040e-05,-0.080402
3.045280e-05,-0.080402
3.045520e-05,-0.160804
3.045760e-05,-0.160804
3.046000e-05,-0.160804
3.046240e-05,-0.160804
3.046480e-05,-0.160804
3.046720e-05,-0.160804
3.046960e-05,-0.160804
3.047200e-05,-0.160804
3.047440e-05,-0.160804
3.047680e-05,-0.160804
3.047920e-05,-0.160804
3.048160e-05,-0.160804
3.048400e-05,-0.160804
3.048640e-05,-0.160804
3.048880e-05,-0.160804
3.049120e-05,-0.080402
3.049360e-05,-0.080402
3.049600e-05,-0.160804
3.049840e-05,-0.160804
3.050080e-05,-0.160804
3.050320e-05,-0.160804
3.050560e-05,-0.160804
3.050800e-05,-0.080402
3.051040e-05,-0.160804
3.051280e-05,-0.160804
3.051520e-05,-0.160804
3.051760e-05,-0.080402
3.052000e-05,-0.080402
3.052240e-05,-0.160804
3.052480e-05,-0.160804
3.052720e-05,-0.080402
3.052960e-05,-0.080402
3.053200e-05,-0.080402
3.053440e-05,-0.080402
3.053680e-05,-0.080402
3.053920e-05,-0.080402
3.054160e-05,-0.160804
3.054400e-05,-0.080402
3.054640e-05,-0.080402
3.054880e-05,-0.080402
3.055120e-05,-0.080402
3.055360e-05,-0.080402
3.055600e-05,-0.160804
3.055840e-05,-0.160804
3.056080e-05,-0.080402
3.056320e-05,-0.080402
3.056560e-05,-0.160804
3.056800e-05,-0.080402
3.057040e-05,-0.080402
3.057280e-05,-0.080402
3.057520e-05,-0.160804
3.057760e-05,-0.080402
3.058000e-05,-0.160804
3.058240e-05,-0.080402
3.058480e-05,-0.080402
3.058720e-05,-0.080402
3.058960e-05,-0.080402
3.059200e-05,-0.080402
3.059440e-05,-0.080402
3.059680e-05,-0.080402
3.059920e-05,-0.080402
3.060160e-05,-0.080402
3.060400e-05,-0.080402
3.060640e-05,-0.080402
3.060880e-05,-0.080402
3.061120e-05,-0.080402
3.061360e-05,-0.080402
3.061600e-05,-0.080402
3.061840e-05,-0.080402
3.062080e-05,-0.080402
3.062320e-05,-0.080402
3.062560e-05,-0.080402
3.062800e-05,-0.080402
3.063040e-05,-0.080402
3.063280e-05,-0.160804
3.063520e-05,-0.080402
3.063760e-05,-0.080402
3.064000e-05,-0.160804
3.064240e-05,-0.080402
3.064480e-05,-0.160804
3.064720e-05,-0.080402
3.064960e-05,-0.080402
3.065200e-05,-0.160804
3.065440e-05,-0.160804
3.065680e-05,-0.080402
3.065920e-05,-0.080402
3.066160e-05,-0.080402
3.066400e-05,-0.080402
3.066640e-05,-0.080402
3.066880e-05,-0.080402
3.067120e-05,-0.080402
3.067360e-05,-0.080402
3.067600e-05,-0.080402
3.067840e-05,-0.080402
3.068080e-05,-0.080402
3.068320e-05,-0.080402
3.068560e-05,-0.080402
3.068800e-05,-0.080402
3.069040e-05,-0.080402
3.069280e-05,-0.080402
3.069520e-05,-0.080402
3.069760e-05,-0.080402
3.070000e-05,-0.080402
3.070240e-05,-0.080402
3.070480e-05,-0.080402
3.070720e-05,-0.080402
3.070960e-05,-0.080402
3.071200e-05,-0.080402
3.071440e-05,-0.080402
3.071680e-05,-0.080402
3.071920e-05,-0.080402
3.072160e-05,-0.080402
3.072400e-05,-0.080402
3.072640e-05,-0.080402
3.072880e-05,-0.080402
3.073120e-05,-0.080402
3.073360e-05,-0.080402
3.073600e-05,-0.080402
3.073840e-05,-0.080402
3.074080e-05,-0.080402
3.074320e-05,-0.080402
3.074560e-05,-0.080402
3.074800e-05,-0.080402
3.075040e-05,-0.080402
3.075280e-05,-0.080402
3.075520e-05,-0.080402
3.075760e-05,-0.080402
3.076000e-05,-0.080402
3.076240e-05,-0.080402
3.076480e-05,-0.080402
3.076720e-05,-0.080402
3.076960e-05,-0.080402
3.077200e-05,-0.080402
3.077440e-05,-0.080402
3.077680e-05,-0.080402
3.077920e-05,-0.080402
3.078160e-05,-0.080402
3.078400e-05,-0.080402
3.078640e-05,-0.080402
3.078880e-05,-0.080402
3.079120e-05,-0.080402
3.079360e-05,-0.080402
3.079600e-05,-0.080402
3.079840e-05,-0.080402
3.080080e-05,-0.080402
3.080320e-05,-0.080402
3.080560e-05,-0.080402
3.080800e-05,-0.080402
3.081040e-05,-0.160804
3.081280e-05,-0.080402
3.081520e-05,-0.080402
3.081760e-05,-0.080402
3.082000e-05,-0.080402
3.082240e-05,-0.080402
3.082480e-05,-0.080402
3.082720e-05,-0.080402
3.082960e-05,-0.080402
3.083200e-05,-0.080402
3.083440e-05,-0.080402
3.083680e-05,-0.080402
3.083920e-05,-0.080402
3.084160e-05,-0.080402
3.084400e-05,-0.080402
3.084640e-05,-0.080402
3.084880e-05,-0.080402
3.085120e-05,-0.080402
3.085360e-05,-0.080402
3.085600e-05,-0.080402
3.085840e-05,-0.080402
3.086080e-05,-0.080402
3.086320e-05,-0.080402
3.086560e-05,-0.080402
3.086800e-05,-0.080402
3.087040e-05,-0.080402
3.087280e-05,-0.080402
3.087520e-05,-0.080402
3.087760e-05,-0.080402
3.088000e-05,-0.080402
3.088240e-05,-0.080402
3.088480e-05,-0.080402
3.088720e-05,-0.080402
3.088960e-05,-0.080402
3.089200e-05,-0.080402
3.089440e-05,-0.080402
3.089680e-05,-0.080402
3.089920e-05,-0.080402
3.090160e-05,-0.080402
3.090400e-05,-0.080402
3.090640e-05,-0.080402
3.090880e-05,-0.080402
3.091120e-05,-0.080402
3.091360e-05,-0.080402
3.091600e-05,-0.080402
3.091840e-05,-0.080402
3.092080e-05,-0.080402
3.092320e-05,-0.080402
3.092560e-05,-0.080402
3.092800e-05,-0.080402
3.093040e-05,-0.080402
3.093280e-05,-0.080402
3.093520e-05,-0.080402
3.093760e-05,-0.160804
3.094000e-05,-0.080402
3.094240e-05,-0.080402
3.094480e-05,-0.080402
3.094720e-05,-0.080402
3.094960e-05,-0.080402
3.095200e-05,-0.080402
3.095440e-05,-0.080402
3.095680e-05,-0.080402
3.095920e-05,-0.080402
3.096160e-05,-0.080402
3.096400e-05,-0.080402
3.096640e-05,-0.080402
3.096880e-05,-0.080402
3.097120e-05,-0.080402
3.097360e-05,-0.080402
3.097600e-05,-0.080402
3.097840e-05,-0.080402
3.098080e-05,-0.080402
3.098320e-05,-0.080402
3.098560e-05,-0.080402
3.098800e-05,-0.080402
3.099040e-05,-0.080402
3.099280e-05,-0.080402
3.099520e-05,-0.080402
3.099760e-05,-0.080402
3.100000e-05,-0.080402
3.100240e-05,-0.080402
3.100480e-05,-0.080402
3.100720e-05,-0.080402
3.100960e-05,-0.080402
3.101200e-05,-0.080402
3.101440e-05,-0.160804
3.101680e-05,-0.080402
3.101920e-05,-0.080402
3.102160e-05,-0.160804
3.102400e-05,-0.080402
3.102640e-05,-0.080402
3.102880e-05,-0.080402
3.103120e-05,-0.080402
3.103360e-05,-0.160804
3.103600e-05,-0.080402
3.103840e-05,-0.080402
3.104080e-05,-0.080402
3.104320e-05,-0.080402
3.104560e-05,-0.080402
3.104800e-05,-0.080402
3.105040e-05,-0.080402
3.105280e-05,-0.080402
3.105520e-05,-0.080402
3.105760e-05,-0.080402
3.106000e-05,-0.080402
3.106240e-05,-0.080402
3.106480e-05,-0.080402
3.106720e-05,-0.080402
3.106960e-05,-0.080402
3.107200e-05,-0.080402
3.107440e-05,-0.080402
3.107680e-05,-0.080402
3.107920e-05,-0.160804
3.108160e-05,-0.080402
3.108400e-05,-0.080402
3.108640e-05,-0.080402
3.108880e-05,-0.080402
3.109120e-05,-0.080402
3.109360e-05,-0.080402
3.109600e-05,-0.080402
3.109840e-05,-0.080402
3.110080e-05,-0.080402
3.110320e-05,-0.080402
3.110560e-05,-0.080402
3.110800e-05,-0.080402
3.111040e-05,-0.080402
3.111280e-05,-0.080402
3.111520e-05,-0.080402
3.111760e-05,-0.080402
3.112000e-05,-0.080402
3.112240e-05,-0.080402
3.112480e-05,-0.080402
3.112720e-05,-0.080402
3.112960e-05,-0.080402
3.113200e-05,-0.080402
3.113440e-05,-0.080402
3.113680e-05,-0.080402
3.113920e-05,-0.080402
3.114160e-05,-0.080402
3.114400e-05,-0.080402
3.114640e-05,-0.080402
3.114880e-05,-0.160804
3.115120e-05,-0.080402
3.115360e-05,-0.080402
3.115600e-05,-0.080402
3.115840e-05,-0.080402
3.116080e-05,-0.080402
3.116320e-05,-0.080402
3.116560e-05,-0.080402
3.116800e-05,-0.080402
3.117040e-05,-0.080402
3.117280e-05,-0.160804
3.117520e-05,-0.080402
3.117760e-05,-0.080402
3.118000e-05,-0.080402
3.118240e-05,-0.160804
3.118480e-05,-0.160804
3.118720e-05,-0.080402
3.118960e-05,-0.160804
3.119200e-05,-0.160804
3.119440e-05,-0.160804
3.119680e-05,-0.080402
3.119920e-05,-0.080402
3.120160e-05,-0.080402
3.120400e-05,-0.080402
3.120640e-05,-0.080402
3.120880e-05,-0.080402
3.121120e-05,-0.080402
3.121360e-05,-0.080402
3.121600e-05,-0.080402
3.121840e-05,-0.080402
3.122080e-05,-0.080402
3.122320e-05,-0.080402
3.122560e-05,-0.160804
3.122800e-05,-0.080402
3.123040e-05,-0.080402
3.123280e-05,-0.160804
3.123520e-05,-0.160804
3.123760e-05,-0.160804
3.124000e-05,-0.160804
3.124240e-05,-0.080402
3.124480e-05,-0.080402
3.124720e-05,-0.080402
3.124960e-05,-0.080402
3.125200e-05,-0.080402
3.125440e-05,-0.080402
3.125680e-05,-0.160804
3.125920e-05,-0.080402
3.126160e-05,-0.160804
3.126400e-05,-0.080402
3.126640e-05,-0.160804
3.126880e-05,-0.080402
3.127120e-05,-0.080402
3.127360e-05,-0.160804
3.127600e-05,-0.080402
3.127840e-05,-0.080402
3.128080e-05,-0.080402
3.128320e-05,-0.080402
3.128560e-05,-0.080402
3.128800e-05,-0.080402
3.129040e-05,-0.080402
3.129280e-05,-0.080402
3.129520e-05,-0.080402
3.129760e-05,-0.080402
3.130000e-05,-0.160804
3.130240e-05,-0.160804
3.130480e-05,-0.160804
3.130720e-05,-0.160804
3.130960e-05,-0.080402
3.131200e-05,-0.080402
3.131440e-05,-0.160804
3.131680e-05,-0.160804
3.131920e-05,-0.160804
3.132160e-05,-0.080402
3.132400e-05,-0.080402
3.132640e-05,-0.080402
3.132880e-05,-0.160804
3.133120e-05,-0.160804
3.133360e-05,-0.160804
3.133600e-05,-0.080402
3.133840e-05,-0.080402
3.134080e-05,-0.080402
3.134320e-05,-0.080402
3.134560e-05,-0.080402
3.134800e-05,-0.160804
3.135040e-05,-0.080402
3.135280e-05,-0.080402
3.135520e-05,-0.080402
3.135760e-05,-0.080402
3.136000e-05,-0.080402
3.136240e-05,-0.160804
3.136480e-05,-0.080402
3.136720e-05,-0.080402
3.136960e-05,-0.080402
3.137200e-05,-0.080402
3.137440e-05,-0.080402
3.137680e-05,-0.080402
3.137920e-05,-0.080402
3.138160e-05,-0.080402
3.138400e-05,-0.080402
3.138640e-05,-0.080402
3.138880e-05,-0.080402
3.139120e-05,-0.080402
3.139360e-05,-0.160804
3.139600e-05,-0.160804
3.139840e-05,-0.080402
3.140080e-05,-0.080402
3.140320e-05,-0.080402
3.140560e-05,-0.080402
3.140800e-05,-0.080402
3.141040e-05,-0.080402
3.141280e-05,-0.080402
3.141520e-05,-0.080402
3.141760e-05,-0.080402
3.142000e-05,-0.080402
3.142240e-05,-0.080402
3.142480e-05,-0.080402
3.142720e-05,-0.080402
3.142960e-05,-0.080402
3.143200e-05,-0.080402
3.143440e-05,-0.080402
3.143680e-05,-0.080402
3.143920e-05,-0.080402
3.144160e-05,-0.080402
3.144400e-05,-0.080402
3.144640e-05,-0.080402
3.144880e-05,-0.080402
3.145120e-05,-0.080402
3.145360e-05,-0.080402
3.145600e-05,-0.160804
3.145840e-05,-0.160804
3.146080e-05,-0.080402
3.146320e-05,-0.080402
3.146560e-05,-0.080402
3.146800e-05,-0.160804
3.147040e-05,-0.080402
3.147280e-05,-0.080402
3.147520e-05,-0.080402
3.147760e-05,-0.080402
3.148000e-05,-0.080402
3.148240e-05,-0.080402
3.148480e-05,-0.080402
3.148720e-05,-0.080402
3.148960e-05,-0.080402
3.149200e-05,-0.080402
3.149440e-05,-0.080402
3.149680e-05,-0.080402
3.149920e-05,-0.080402
3.150160e-05,-0.080402
3.150400e-05,-0.080402
3.150640e-05,-0.080402
3.150880e-05,-0.080402
3.151120e-05,-0.080402
3.151360e-05,-0.080402
3.151600e-05,-0.160804
3.151840e-05,-0.080402
3.152080e-05,-0.080402
3.152320e-05,-0.080402
3.152560e-05,-0.080402
3.152800e-05,-0.080402
3.153040e-05,-0.160804
3.153280e-05,-0.160804
3.153520e-05,-0.080402
3.153760e-05,-0.080402
3.154000e-05,-0.080402
3.154240e-05,-0.080402
3.154480e-05,-0.080402
3.154720e-05,-0.080402
3.154960e-05,-0.080402
3.155200e-05,-0.080402
3.155440e-05,-0.080402
3.155680e-05,-0.080402
3.155920e-05,-0.080402
3.156160e-05,-0.080402
3.156400e-05,-0.080402
3.156640e-05,-0.080402
3.156880e-05,-0.080402
3.157120e-05,-0.080402
3.157360e-05,-0.080402
3.157600e-05,-0.080402
3.157840e-05,-0.080402
3.158080e-05,-0.080402
3.158320e-05,-0.080402
3.158560e-05,-0.080402
3.158800e-05,-0.080402
3.159040e-05,-0.080402
3.159280e-05,-0.080402
3.159520e-05,-0.080402
3.159760e-05,-0.080402
3.160000e-05,-0.080402
3.160240e-05,-0.080402
3.160480e-05,-0.080402
3.160720e-05,-0.080402
3.160960e-05,-0.080402
3.161200e-05,-0.080402
3.161440e-05,-0.080402
3.161680e-05,-0.080402
3.161920e-05,-0.080402
3.162160e-05,-0.080402
3.162400e-05,-0.080402
3.162640e-05,-0.080402
3.162880e-05,-0.080402
3.163120e-05,-0.080402
3.163360e-05,-0.080402
3.163600e-05,-0.080402
3.163840e-05,-0.080402
3.164080e-05,-0.080402
3.164320e-05,-0.080402
3.164560e-05,-0.080402
3.164800e-05,-0.080402
3.165040e-05,-0.080402
3.165280e-05,-0.080402
3.165520e-05,-0.080402
3.165760e-05,-0.080402
3.166000e-05,-0.080402
3.166240e-05,-0.080402
3.166480e-05,-0.080402
3.166720e-05,-0.080402
3.166960e-05,-0.080402
3.167200e-05,-0.080402
3.167440e-05,-0.080402
3.167680e-05,-0.080402
3.167920e-05,-0.080402
3.168160e-05,-0.080402
3.168400e-05,-0.080402
3.168640e-05,-0.080402
3.168880e-05,-0.080402
3.169120e-05,-0.080402
3.169360e-05,-0.080402
3.169600e-05,-0.080402
3.169840e-05,-0.080402
3.170080e-05,-0.080402
3.170320e-05,-0.080402
3.170560e-05,-0.080402
3.170800e-05,-0.080402
3.171040e-05,-0.080402
3.171280e-05,-0.080402
3.171520e-05,-0.080402
3.171760e-05,-0.080402
3.172000e-05,-0.080402
3.172240e-05,-0.080402
3.172480e-05,-0.080402
3.172720e-05,-0.080402
3.172960e-05,-0.080402
3.173200e-05,-0.080402
3.173440e-05,-0.080402
3.173680e-05,-0.080402
3.173920e-05,-0.080402
3.174160e-05,-0.080402
3.174400e-05,-0.080402
3.174640e-05,-0.080402
3.174880e-05,-0.080402
3.175120e-05,-0.080402
3.175360e-05,-0.080402
3.175600e-05,-0.080402
3.175840e-05,-0.080402
3.176080e-05,-0.160804
3.176320e-05,-0.160804
3.176560e-05,-0.080402
3.176800e-05,-0.160804
3.177040e-05,-0.160804
3.177280e-05,-0.160804
3.177520e-05,-0.080402
3.177760e-05,-0.080402
3.178000e-05,-0.080402
3.178240e-05,-0.080402
3.178480e-05,-0.080402
3.178720e-05,-0.080402
3.178960e-05,-0.080402
3.179200e-05,-0.080402
3.179440e-05,-0.080402
3.179680e-05,-0.080402
3.179920e-05,-0.080402
3.180160e-05,-0.080402
3.180400e-05,-0.080402
3.180640e-05,-0.080402
3.180880e-05,-0.080402
3.181120e-05,-0.080402
3.181360e-05,-0.080402
3.181600e-05,-0.080402
3.181840e-05,-0.080402
3.182080e-05,-0.080402
3.182320e-05,-0.080402
3.182560e-05,-0.080402
3.182800e-05,-0.080402
3.183040e-05,-0.080402
3.183280e-05,-0.080402
3.183520e-05,-0.080402
3.183760e-05,-0.080402
3.184000e-05,-0.080402
3.184240e-05,-0.080402
3.184480e-05,-0.080402
3.184720e-05,-0.080402
3.184960e-05,-0.080402
3.185200e-05,-0.080402
3.185440e-05,-0.080402
3.185680e-05,-0.080402
3.185920e-05,-0.080402
3.186160e-05,-0.080402
3.186400e-05,-0.080402
3.186640e-05,-0.080402
3.186880e-05,-0.080402
3.187120e-05,-0.080402
3.187360e-05,-0.080402
3.187600e-05,-0.080402
3.187840e-05,-0.080402
3.188080e-05,-0.080402
3.188320e-05,-0.080402
3.188560e-05,-0.080402
3.188800e-05,-0.080402
3.189040e-05,-0.080402
3.189280e-05,-0.080402
3.189520e-05,-0.080402
3.189760e-05,-0.080402
3.190000e-05,-0.080402
3.190240e-05,-0.080402
3.190480e-05,-0.080402
3.190720e-05,-0.080402
3.190960e-05,-0.080402
3.191200e-05,-0.080402
3.191440e-05,-0.080402
3.191680e-05,-0.080402
3.191920e-05,-0.080402
3.192160e-05,-0.080402
3.192400e-05,-0.080402
3.192640e-05,-0.080402
3.192880e-05,-0.080402
3.193120e-05,-0.080402
3.193360e-05,-0.160804
3.193600e-05,-0.080402
3.193840e-05,-0.160804
3.194080e-05,-0.080402
3.194320e-05,-0.080402
3.194560e-05,-0.080402
3.194800e-05,-0.080402
3.195040e-05,-0.080402
3.195280e-05,-0.080402
3.195520e-05,-0.080402
3.195760e-05,-0.080402
3.196000e-05,-0.080402
3.196240e-05,-0.080402
3.196480e-05,-0.080402
3.196720e-05,-0.080402
3.196960e-05,-0.080402
3.197200e-05,-0.080402
3.197440e-05,-0.080402
3.197680e-05,-0.160804
3.197920e-05,-0.160804
3.198160e-05,-0.160804
3.198400e-05,-0.160804
3.198640e-05,-0.160804
3.198880e-05,-0.160804
3.199120e-05,-0.080402
3.199360e-05,-0.080402
3.199600e-05,-0.080402
3.199840e-05,-0.080402
3.200080e-05,-0.080402
3.200320e-05,-0.080402
3.200560e-05,-0.080402
3.200800e-05,-0.080402
3.201040e-05,-0.080402
3.201280e-05,-0.080402
3.201520e-05,-0.080402
3.201760e-05,-0.080402
3.202000e-05,-0.080402
3.202240e-05,-0.080402
3.202480e-05,-0.080402
3.202720e-05,-0.080402
3.202960e-05,-0.080402
3.203200e-05,-0.080402
3.203440e-05,-0.080402
3.203680e-05,-0.160804
3.203920e-05,-0.080402
3.204160e-05,-0.080402
3.204400e-05,-0.080402
3.204640e-05,-0.080402
3.204880e-05,-0.080402
3.205120e-05,-0.080402
3.205360e-05,-0.080402
3.205600e-05,-0.080402
3.205840e-05,-0.080402
3.206080e-05,-0.080402
3.206320e-05,-0.080402
3.206560e-05,-0.080402
3.206800e-05,-0.080402
3.207040e-05,-0.080402
3.207280e-05,-0.080402
3.207520e-05,-0.080402
3.207760e-05,-0.080402
3.208000e-05,-0.080402
3.208240e-05,-0.160804
3.208480e-05,-0.080402
3.208720e-05,-0.080402
3.208960e-05,-0.160804
3.209200e-05,-0.160804
3.209440e-05,-0.080402
3.209680e-05,-0.160804
3.209920e-05,-0.160804
3.210160e-05,-0.160804
3.210400e-05,-0.160804
3.210640e-05,-0.160804
3.210880e-05,-0.080402
3.211120e-05,-0.080402
3.211360e-05,-0.160804
3.211600e-05,-0.160804
3.211840e-05,-0.160804
3.212080e-05,-0.160804
3.212320e-05,-0.080402
3.212560e-05,-0.080402
3.212800e-05,-0.160804
3.213040e-05,-0.160804
3.213280e-05,-0.160804
3.213520e-05,-0.080402
3.213760e-05,-0.160804
3.214000e-05,-0.080402
3.214240e-05,-0.160804
3.214480e-05,-0.160804
3.214720e-05,-0.160804
3.214960e-05,-0.160804
3.215200e-05,-0.160804
3.215440e-05,-0.160804
3.215680e-05,-0.160804
3.215920e-05,-0.080402
3.216160e-05,-0.080402
3.216400e-05,-0.080402
3.216640e-05,-0.080402
3.216880e-05,-0.080402
3.217120e-05,-0.080402
3.217360e-05,-0.080402
3.217600e-05,-0.080402
3.217840e-05,-0.080402
3.218080e-05,-0.080402
3.218320e-05,-0.080402
3.218560e-05,-0.080402
3.218800e-05,-0.160804
3.219040e-05,-0.080402
3.219280e-05,-0.080402
3.219520e-05,-0.160804
3.219760e-05,-0.160804
3.220000e-05,-0.160804
3.220240e-05,-0.160804
3.220480e-05,-0.160804
3.220720e-05,-0.080402
3.220960e-05,-0.160804
3.221200e-05,-0.160804
3.221440e-05,-0.160804
3.221680e-05,-0.160804
3.221920e-05,-0.080402
3.222160e-05,-0.080402
3.222400e-05,-0.080402
3.222640e-05,-0.160804
3.222880e-05,-0.160804
3.223120e-05,-0.080402
3.223360e-05,-0.080402
3.223600e-05,-0.160804
3.223840e-05,-0.160804
3.224080e-05,-0.160804
3.224320e-05,-0.080402
3.224560e-05,-0.160804
3.224800e-05,-0.160804
3.225040e-05,-0.160804
3.225280e-05,-0.160804
3.225520e-05,-0.080402
3.225760e-05,-0.080402
3.226000e-05,-0.080402
3.226240e-05,-0.080402
3.226480e-05,-0.080402
3.226720e-05,-0.080402
3.226960e-05,-0.080402
3.227200e-05,-0.080402
3.227440e-05,-0.080402
3.227680e-05,-0.080402
3.227920e-05,-0.080402
3.228160e-05,-0.080402
3.228400e-05,-0.080402
3.228640e-05,-0.080402
3.228880e-05,-0.080402
3.229120e-05,-0.080402
3.229360e-05,-0.080402
3.229600e-05,-0.080402
3.229840e-05,-0.080402
3.230080e-05,-0.080402
3.230320e-05,-0.080402
3.230560e-05,-0.080402
3.230800e-05,-0.080402
3.231040e-05,-0.080402
3.231280e-05,-0.080402
3.231520e-05,-0.080402
3.231760e-05,-0.160804
3.232000e-05,-0.080402
3.232240e-05,-0.080402
3.232480e-05,-0.080402
3.232720e-05,-0.080402
3.232960e-05,-0.080402
3.233200e-05,-0.080402
3.233440e-05,-0.080402
3.233680e-05,-0.080402
3.233920e-05,-0.080402
3.234160e-05,-0.080402
3.234400e-05,-0.160804
3.234640e-05,-0.080402
3.234880e-05,-0.080402
3.235120e-05,-0.080402
3.235360e-05,-0.080402
3.235600e-05,-0.080402
3.235840e-05,-0.080402
3.236080e-05,-0.080402
3.236320e-05,-0.080402
3.236560e-05,-0.080402
3.236800e-05,-0.080402
3.237040e-05,-0.080402
3.237280e-05,-0.080402
3.237520e-05,-0.080402
3.237760e-05,-0.080402
3.238000e-05,-0.080402
3.238240e-05,-0.080402
3.238480e-05,-0.080402
3.238720e-05,-0.080402
3.238960e-05,-0.080402
3.239200e-05,-0.080402
3.239440e-05,-0.080402
3.239680e-05,-0.080402
3.239920e-05,-0.080402
3.240160e-05,-0.080402
3.240400e-05,-0.080402
3.240640e-05,-0.080402
3.240880e-05,-0.080402
3.241120e-05,-0.080402
3.241360e-05,-0.080402
3.241600e-05,-0.080402
3.241840e-05,-0.080402
3.242080e-05,-0.080402
3.242320e-05,-0.080402
3.242560e-05,-0.080402
3.242800e-05,-0.080402
3.243040e-05,-0.080402
3.243280e-05,-0.080402
3.243520e-05,-0.080402
3.243760e-05,-0.080402
3.244000e-05,-0.080402
3.244240e-05,-0.080402
3.244480e-05,-0.080402
3.244720e-05,-0.080402
3.244960e-05,-0.080402
3.245200e-05,-0.080402
3.245440e-05,-0.080402
3.245680e-05,-0.080402
3.245920e-05,-0.080402
3.246160e-05,-0.080402
3.246400e-05,-0.080402
3.246640e-05,-0.080402
3.246880e-05,-0.080402
3.247120e-05,-0.080402
3.247360e-05,-0.080402
3.247600e-05,-0.080402
3.247840e-05,-0.080402
3.248080e-05,-0.080402
3.248320e-05,-0.080402
3.248560e-05,-0.080402
3.248800e-05,-0.080402
3.249040e-05,-0.080402
3.249280e-05,-0.080402
3.249520e-05,-0.080402
3.249760e-05,-0.080402
3.250000e-05,-0.080402
3.250240e-05,-0.080402
3.250480e-05,-0.080402
3.250720e-05,-0.080402
3.250960e-05,-0.080402
3.251200e-05,-0.080402
3.251440e-05,-0.080402
3.251680e-05,-0.080402
3.251920e-05,-0.080402
3.252160e-05,-0.080402
3.252400e-05,-0.080402
3.252640e-05,-0.080402
3.252880e-05,-0.080402
3.253120e-05,-0.080402
3.253360e-05,-0.080402
3.253600e-05,-0.080402
3.253840e-05,-0.080402
3.254080e-05,-0.080402
3.254320e-05,-0.080402
3.254560e-05,-0.080402
3.254800e-05,-0.080402
3.255040e-05,-0.080402
3.255280e-05,-0.080402
3.255520e-05,-0.080402
3.255760e-05,-0.080402
3.256000e-05,-0.080402
3.256240e-05,-0.080402
3.256480e-05,-0.080402
3.256720e-05,-0.080402
3.256960e-05,-0.080402
3.257200e-05,-0.080402
3.257440e-05,-0.080402
3.257680e-05,-0.080402
3.257920e-05,-0.080402
3.258160e-05,-0.080402
3.258400e-05,-0.080402
3.258640e-05,-0.080402
3.258880e-05,-0.080402
3.259120e-05,-0.080402
3.259360e-05,-0.080402
3.259600e-05,-0.080402
3.259840e-05,-0.080402
3.260080e-05,-0.080402
3.260320e-05,-0.080402
3.260560e-05,-0.080402
3.260800e-05,-0.080402
3.261040e-05,-0.080402
3.261280e-05,-0.080402
3.261520e-05,-0.080402
3.261760e-05,-0.080402
3.262000e-05,-0.080402
3.262240e-05,-0.080402
3.262480e-05,-0.080402
3.262720e-05,-0.080402
3.262960e-05,-0.080402
3.263200e-05,-0.080402
3.263440e-05,-0.080402
3.263680e-05,-0.080402
3.263920e-05,-0.080402
3.264160e-05,-0.080402
3.264400e-05,-0.080402
3.264640e-05,-0.080402
3.264880e-05,-0.080402
3.265120e-05,-0.080402
3.265360e-05,-0.080402
3.265600e-05,-0.080402
3.265840e-05,-0.080402
3.266080e-05,-0.080402
3.266320e-05,-0.080402
3.266560e-05,-0.080402
3.266800e-05,-0.080402
3.267040e-05,-0.080402
3.267280e-05,-0.080402
3.267520e-05,-0.080402
3.267760e-05,-0.080402
3.268000e-05,-0.080402
3.268240e-05,-0.080402
3.268480e-05,-0.080402
3.268720e-05,-0.080402
3.268960e-05,-0.080402
3.269200e-05,-0.080402
3.269440e-05,-0.080402
3.269680e-05,-0.080402
3.269920e-05,-0.080402
3.270160e-05,-0.080402
3.270400e-05,-0.080402
3.270640e-05,-0.080402
3.270880e-05,-0.080402
3.271120e-05,-0.080402
3.271360e-05,-0.080402
3.271600e-05,-0.080402
3.271840e-05,-0.080402
3.272080e-05,-0.080402
3.272320e-05,-0.080402
3.272560e-05,-0.080402
3.272800e-05,-0.080402
3.273040e-05,-0.080402
3.273280e-05,-0.080402
3.273520e-05,-0.080402
3.273760e-05,-0.080402
3.274000e-05,-0.080402
3.274240e-05,-0.080402
3.274480e-05,-0.080402
3.274720e-05,-0.080402
3.274960e-05,-0.080402
3.275200e-05,-0.080402
3.275440e-05,-0.080402
3.275680e-05,-0.080402
3.275920e-05,-0.080402
3.276160e-05,-0.080402
3.276400e-05,-0.080402
3.276640e-05,-0.080402
3.276880e-05,-0.080402
3.277120e-05,-0.080402
3.277360e-05,-0.080402
3.277600e-05,-0.080402
3.277840e-05,-0.080402
3.278080e-05,-0.080402
3.278320e-05,-0.080402
3.278560e-05,-0.080402
3.278800e-05,-0.080402
3.279040e-05,-0.080402
3.279280e-05,-0.080402
3.279520e-05,-0.080402
3.279760e-05,-0.080402
3.280000e-05,-0.080402
3.280240e-05,-0.080402
3.280480e-05,-0.160804
3.280720e-05,-0.160804
3.280960e-05,-0.080402
3.281200e-05,-0.080402
3.281440e-05,-0.080402
3.281680e-05,-0.080402
3.281920e-05,-0.080402
3.282160e-05,-0.080402
3.282400e-05,-0.080402
3.282640e-05,-0.080402
3.282880e-05,-0.080402
3.283120e-05,-0.080402
3.283360e-05,-0.080402
3.283600e-05,-0.160804
3.283840e-05,-0.160804
3.284080e-05,-0.160804
3.284320e-05,-0.080402
3.284560e-05,-0.080402
3.284800e-05,-0.080402
3.285040e-05,-0.080402
3.285280e-05,-0.080402
3.285520e-05,-0.080402
3.285760e-05,-0.080402
3.286000e-05,-0.080402
3.286240e-05,-0.080402
3.286480e-05,-0.080402
3.286720e-05,-0.080402
3.286960e-05,-0.080402
3.287200e-05,-0.080402
3.287440e-05,-0.160804
3.287680e-05,-0.080402
3.287920e-05,-0.080402
3.288160e-05,-0.080402
3.288400e-05,-0.080402
3.288640e-05,-0.080402
3.288880e-05,-0.080402
3.289120e-05,-0.080402
3.289360e-05,-0.080402
3.289600e-05,-0.080402
3.289840e-05,-0.080402
3.290080e-05,-0.080402
3.290320e-05,-0.080402
3.290560e-05,-0.080402
3.290800e-05,-0.080402
3.291040e-05,-0.080402
3.291280e-05,-0.080402
3.291520e-05,-0.160804
3.291760e-05,-0.160804
3.292000e-05,-0.160804
3.292240e-05,-0.160804
3.292480e-05,-0.080402
3.292720e-05,-0.160804
3.292960e-05,-0.160804
3.293200e-05,-0.080402
3.293440e-05,-0.160804
3.293680e-05,-0.160804
3.293920e-05,-0.160804
3.294160e-05,-0.080402
3.294400e-05,-0.080402
3.294640e-05,-0.080402
3.294880e-05,-0.080402
3.295120e-05,-0.080402
3.295360e-05,-0.080402
3.295600e-05,-0.080402
3.295840e-05,-0.080402
3.296080e-05,-0.080402
3.296320e-05,-0.160804
3.296560e-05,-0.160804
3.296800e-05,-0.160804
3.297040e-05,-0.080402
3.297280e-05,-0.160804
3.297520e-05,-0.080402
3.297760e-05,-0.160804
3.298000e-05,-0.160804
3.298240e-05,-0.160804
3.298480e-05,-0.160804
3.298720e-05,-0.080402
3.298960e-05,-0.080402
3.299200e-05,-0.080402
3.299440e-05,-0.080402
3.299680e-05,-0.160804
3.299920e-05,-0.160804
3.300160e-05,-0.160804
3.300400e-05,-0.160804
3.300640e-05,-0.160804
3.300880e-05,-0.160804
3.301120e-05,-0.160804
3.301360e-05,-0.160804
3.301600e-05,-0.160804
3.301840e-05,-0.160804
3.302080e-05,-0.160804
3.302320e-05,-0.160804
3.302560e-05,-0.160804
3.302800e-05,-0.160804
3.303040e-05,-0.160804
3.303280e-05,-0.160804
3.303520e-05,-0.160804
3.303760e-05,-0.160804
3.304000e-05,-0.160804
3.304240e-05,-0.160804
3.304480e-05,-0.160804
3.304720e-05,-0.160804
3.304960e-05,-0.160804
3.305200e-05,-0.160804
3.305440e-05,-0.160804
3.305680e-05,-0.160804
3.305920e-05,-0.160804
3.306160e-05,-0.160804
3.306400e-05,-0.160804
3.306640e-05,-0.160804
3.306880e-05,-0.160804
3.307120e-05,-0.160804
3.307360e-05,-0.160804
3.307600e-05,-0.160804
3.307840e-05,-0.160804
3.308080e-05,-0.160804
3.308320e-05,-0.160804
3.308560e-05,-0.160804
3.308800e-05,-0.160804
3.309040e-05,-0.160804
3.309280e-05,-0.160804
3.309520e-05,-0.160804
3.309760e-05,-0.080402
3.310000e-05,-0.160804
3.310240e-05,-0.160804
3.310480e-05,-0.160804
3.310720e-05,-0.160804
3.310960e-05,-0.160804
3.311200e-05,-0.160804
3.311440e-05,-0.160804
3.311680e-05,-0.160804
3.311920e-05,-0.160804
3.312160e-05,-0.160804
3.312400e-05,-0.160804
3.312640e-05,-0.160804
3.312880e-05,-0.160804
3.313120e-05,-0.160804
3.313360e-05,-0.160804
3.313600e-05,-0.160804
3.313840e-05,-0.160804
3.314080e-05,-0.160804
3.314320e-05,-0.160804
3.314560e-05,-0.160804
3.314800e-05,-0.160804
3.315040e-05,-0.160804
3.315280e-05,-0.160804
3.315520e-05,-0.160804
3.315760e-05,-0.160804
3.316000e-05,-0.160804
3.316240e-05,-0.160804
3.316480e-05,-0.080402
3.316720e-05,-0.160804
3.316960e-05,-0.160804
3.317200e-05,-0.160804
3.317440e-05,-0.160804
3.317680e-05,-0.160804
3.317920e-05,-0.080402
3.318160e-05,-0.080402
3.318400e-05,-0.080402
3.318640e-05,-0.160804
3.318880e-05,-0.160804
3.319120e-05,-0.160804
3.319360e-05,-0.080402
3.319600e-05,-0.080402
3.319840e-05,-0.080402
3.320080e-05,-0.160804
3.320320e-05,-0.080402
3.320560e-05,-0.160804
3.320800e-05,-0.160804
3.321040e-05,-0.080402
3.321280e-05,-0.080402
3.321520e-05,-0.080402
3.321760e-05,-0.080402
3.322000e-05,-0.080402
3.322240e-05,-0.080402
3.322480e-05,-0.080402
3.322720e-05,-0.080402
3.322960e-05,-0.080402
3.323200e-05,-0.080402
3.323440e-05,-0.080402
3.323680e-05,-0.080402
3.323920e-05,-0.080402
3.324160e-05,-0.080402
3.324400e-05,-0.080402
3.324640e-05,-0.080402
3.324880e-05,-0.080402
3.325120e-05,-0.080402
3.325360e-05,-0.160804
3.325600e-05,-0.080402
3.325840e-05,-0.080402
3.326080e-05,-0.080402
3.326320e-05,-0.080402
3.326560e-05,-0.080402
3.326800e-05,-0.080402
3.327040e-05,-0.080402
3.327280e-05,-0.080402
3.327520e-05,-0.080402
3.327760e-05,-0.080402
3.328000e-05,-0.080402
3.328240e-05,-0.080402
3.328480e-05,-0.080402
3.328720e-05,-0.080402
3.328960e-05,-0.080402
3.329200e-05,-0.080402
3.329440e-05,-0.080402
3.329680e-05,-0.080402
3.329920e-05,-0.080402
3.330160e-05,-0.080402
3.330400e-05,-0.080402
3.330640e-05,-0.080402
3.330880e-05,-0.080402
3.331120e-05,-0.080402
3.331360e-05,-0.080402
3.331600e-05,-0.080402
3.331840e-05,-0.080402
3.332080e-05,-0.080402
3.332320e-05,-0.080402
3.332560e-05,-0.080402
3.332800e-05,-0.080402
3.333040e-05,-0.080402
3.333280e-05,-0.080402
3.333520e-05,-0.080402
3.333760e-05,-0.080402
3.334000e-05,-0.080402
3.334240e-05,-0.080402
3.334480e-05,-0.080402
3.334720e-05,-0.080402
3.334960e-05,-0.080402
3.335200e-05,-0.080402
3.335440e-05,-0.080402
3.335680e-05,-0.080402
3.335920e-05,-0.080402
3.336160e-05,-0.080402
3.336400e-05,-0.080402
3.336640e-05,-0.080402
3.336880e-05,-0.080402
3.337120e-05,-0.080402
3.337360e-05,-0.080402
3.337600e-05,-0.080402
3.337840e-05,-0.080402
3.338080e-05,-0.080402
3.338320e-05,-0.080402
3.338560e-05,-0.080402
3.338800e-05,0.000000
3.339040e-05,-0.080402
3.339280e-05,-0.080402
3.339520e-05,-0.080402
3.339760e-05,-0.080402
3.340000e-05,-0.080402
3.340240e-05,-0.080402
3.340480e-05,-0.080402
3.340720e-05,-0.080402
3.340960e-05,-0.080402
3.341200e-05,-0.080402
3.341440e-05,-0.080402
3.341680e-05,-0.080402
3.341920e-05,-0.080402
3.342160e-05,0.000000
3.342400e-05,-0.080402
3.342640e-05,-0.080402
3.342880e-05,0.000000
3.343120e-05,-0.080402
3.343360e-05,-0.080402
3.343600e-05,0.000000
3.343840e-05,-0.080402
3.344080e-05,-0.080402
3.344320e-05,-0.080402
3.344560e-05,0.000000
3.344800e-05,-0.080402
3.345040e-05,-0.080402
3.345280e-05,-0.080402
3.345520e-05,-0.080402
3.345760e-05,-0.080402
3.346000e-05,-0.080402
3.346240e-05,-0.080402
3.346480e-05,-0.080402
3.346720e-05,-0.080402
3.346960e-05,-0.080402
3.347200e-05,-0.080402
3.347440e-05,-0.080402
3.347680e-05,0.000000
3.347920e-05,-0.080402
3.348160e-05,-0.080402
3.348400e-05,-0.080402
3.348640e-05,-0.080402
3.348880e-05,-0.080402
3.349120e-05,-0.080402
3.349360e-05,-0.080402
3.349600e-05,-0.080402
3.349840e-05,-0.080402
3.350080e-05,-0.080402
3.350320e-05,-0.080402
3.350560e-05,-0.080402
3.350800e-05,-0.080402
3.351040e-05,-0.080402
3.351280e-05,-0.080402
3.351520e-05,-0.080402
3.351760e-05,-0.080402
3.352000e-05,-0.080402
3.352240e-05,-0.080402
3.352480e-05,-0.080402
3.352720e-05,-0.080402
3.352960e-05,-0.080402
3.353200e-05,-0.080402
3.353440e-05,-0.080402
3.353680e-05,-0.080402
3.353920e-05,-0.080402
3.354160e-05,-0.080402
3.354400e-05,-0.080402
3.354640e-05,-0.080402
3.354880e-05,-0.080402
3.355120e-05,-0.080402
3.355360e-05,-0.080402
3.355600e-05,-0.080402
3.355840e-05,-0.080402
3.356080e-05,-0.080402
3.356320e-05,-0.080402
3.356560e-05,0.000000
3.356800e-05,-0.080402
3.357040e-05,0.000000
3.357280e-05,0.000000
3.357520e-05,-0.080402
3.357760e-05,-0.080402
3.358000e-05,-0.080402
3.358240e-05,-0.080402
3.358480e-05,-0.080402
3.358720e-05,-0.080402
3.358960e-05,-0.080402
3.359200e-05,-0.080402
3.359440e-05,-0.080402
3.359680e-05,-0.080402
3.359920e-05,-0.080402
3.360160e-05,-0.080402
3.360400e-05,-0.080402
3.360640e-05,-0.080402
3.360880e-05,-0.080402
3.361120e-05,-0.080402
3.361360e-05,-0.080402
3.361600e-05,-0.080402
3.361840e-05,-0.080402
3.362080e-05,-0.080402
3.362320e-05,-0.080402
3.362560e-05,-0.080402
3.362800e-05,-0.080402
3.363040e-05,-0.080402
3.363280e-05,-0.080402
3.363520e-05,-0.080402
3.363760e-05,-0.080402
3.364000e-05,-0.080402
3.364240e-05,0.000000
3.364480e-05,-0.080402
3.364720e-05,-0.080402
3.364960e-05,-0.080402
3.365200e-05,-0.080402
3.365440e-05,-0.080402
3.365680e-05,-0.080402
3.365920e-05,-0.080402
3.366160e-05,-0.080402
3.366400e-05,-0.080402
3.366640e-05,-0.080402
3.366880e-05,-0.080402
3.367120e-05,-0.080402
3.367360e-05,-0.080402
3.367600e-05,-0.080402
3.367840e-05,-0.080402
3.368080e-05,-0.080402
3.368320e-05,-0.080402
3.368560e-05,-0.080402
3.368800e-05,-0.080402
3.369040e-05,-0.080402
3.369280e-05,-0.080402
3.369520e-05,-0.080402
3.369760e-05,-0.080402
3.370000e-05,-0.080402
3.370240e-05,-0.080402
3.370480e-05,-0.080402
3.370720e-05,-0.080402
3.370960e-05,-0.080402
3.371200e-05,-0.080402
3.371440e-05,-0.080402
3.371680e-05,-0.080402
3.371920e-05,-0.080402
3.372160e-05,-0.080402
3.372400e-05,-0.080402
3.372640e-05,-0.160804
3.372880e-05,-0.160804
3.373120e-05,-0.160804
3.373360e-05,-0.080402
3.373600e-05,-0.080402
3.373840e-05,-0.160804
3.374080e-05,-0.080402
3.374320e-05,-0.080402
3.374560e-05,-0.160804
3.374800e-05,-0.160804
3.375040e-05,-0.080402
3.375280e-05,-0.080402
3.375520e-05,-0.160804
3.375760e-05,-0.160804
3.376000e-05,-0.160804
3.376240e-05,-0.160804
3.376480e-05,-0.080402
3.376720e-05,-0.160804
3.376960e-05,-0.160804
3.377200e-05,-0.160804
3.377440e-05,-0.160804
3.377680e-05,-0.160804
3.377920e-05,-0.160804
3.378160e-05,-0.160804
3.378400e-05,-0.160804
3.378640e-05,-0.160804
3.378880e-05,-0.160804
3.379120e-05,-0.160804
3.379360e-05,-0.080402
3.379600e-05,-0.160804
3.379840e-05,-0.160804
3.380080e-05,-0.160804
3.380320e-05,-0.160804
3.380560e-05,-0.160804
3.380800e-05,-0.160804
3.381040e-05,-0.160804
3.381280e-05,-0.160804
3.381520e-05,-0.160804
3.381760e-05,-0.160804
3.382000e-05,-0.160804
3.382240e-05,-0.160804
3.382480e-05,-0.160804
3.382720e-05,-0.160804
3.382960e-05,-0.160804
3.383200e-05,-0.160804
3.383440e-05,-0.160804
3.383680e-05,-0.160804
3.383920e-05,-0.160804
3.384160e-05,-0.160804
3.384400e-05,-0.160804
3.384640e-05,-0.160804
3.384880e-05,-0.160804
3.385120e-05,-0.160804
3.385360e-05,-0.160804
3.385600e-05,-0.080402
3.385840e-05,-0.160804
3.386080e-05,-0.160804
3.386320e-05,-0.160804
3.386560e-05,-0.160804
3.386800e-05,-0.160804
3.387040e-05,-0.160804
3.387280e-05,-0.080402
3.387520e-05,-0.080402
3.387760e-05,-0.160804
3.388000e-05,-0.160804
3.388240e-05,-0.160804
3.388480e-05,-0.160804
3.388720e-05,-0.160804
3.388960e-05,-0.160804
3.389200e-05,-0.160804
3.389440e-05,-0.160804
3.389680e-05,-0.160804
3.389920e-05,-0.160804
3.390160e-05,-0.160804
3.390400e-05,-0.160804
3.390640e-05,-0.160804
3.390880e-05,-0.160804
3.391120e-05,-0.160804
3.391360e-05,-0.080402
3.391600e-05,-0.160804
3.391840e-05,-0.160804
3.392080e-05,-0.160804
3.392320e-05,-0.160804
3.392560e-05,-0.160804
3.392800e-05,-0.160804
3.393040e-05,-0.160804
3.393280e-05,-0.160804
3.393520e-05,-0.160804
3.393760e-05,-0.160804
3.394000e-05,-0.160804
3.394240e-05,-0.160804
3.394480e-05,-0.160804
3.394720e-05,-0.160804
3.394960e-05,-0.160804
3.395200e-05,-0.160804
3.395440e-05,-0.160804
3.395680e-05,-0.160804
3.395920e-05,-0.160804
3.396160e-05,-0.160804
3.396400e-05,-0.160804
3.396640e-05,-0.160804
3.396880e-05,-0.160804
3.397120e-05,-0.160804
3.397360e-05,-0.160804
3.397600e-05,-0.160804
3.397840e-05,-0.160804
3.398080e-05,-0.160804
3.398320e-05,-0.160804
3.398560e-05,-0.160804
3.398800e-05,-0.160804
3.399040e-05,-0.160804
3.399280e-05,-0.160804
3.399520e-05,-0.160804
3.399760e-05,-0.160804
3.400000e-05,-0.160804
3.400240e-05,-0.160804
3.400480e-05,-0.080402
3.400720e-05,-0.080402
3.400960e-05,-0.080402
3.401200e-05,-0.080402
3.401440e-05,-0.160804
3.401680e-05,-0.160804
3.401920e-05,-0.160804
3.402160e-05,-0.160804
3.402400e-05,-0.160804
3.402640e-05,-0.160804
3.402880e-05,-0.160804
3.403120e-05,-0.080402
3.403360e-05,-0.080402
3.403600e-05,-0.160804
3.403840e-05,-0.160804
3.404080e-05,-0.080402
3.404320e-05,-0.160804
3.404560e-05,-0.160804
3.404800e-05,-0.160804
3.405040e-05,-0.160804
3.405280e-05,-0.160804
3.405520e-05,-0.160804
3.405760e-05,-0.160804
3.406000e-05,-0.160804
3.406240e-05,-0.080402
3.406480e-05,-0.160804
3.406720e-05,-0.080402
3.406960e-05,-0.160804
3.407200e-05,-0.160804
3.407440e-05,-0.160804
3.407680e-05,-0.160804
3.407920e-05,-0.160804
3.408160e-05,-0.080402
3.408400e-05,-0.080402
3.408640e-05,-0.080402
3.408880e-05,-0.160804
3.409120e-05,-0.160804
3.409360e-05,-0.160804
3.409600e-05,-0.160804
3.409840e-05,-0.080402
3.410080e-05,-0.080402
3.410320e-05,-0.080402
3.410560e-05,-0.080402
3.410800e-05,-0.080402
3.411040e-05,-0.160804
3.411280e-05,-0.160804
3.411520e-05,-0.160804
3.411760e-05,-0.080402
3.412000e-05,-0.080402
3.412240e-05,-0.080402
3.412480e-05,-0.160804
3.412720e-05,-0.080402
3.412960e-05,-0.160804
3.413200e-05,-0.160804
3.413440e-05,-0.080402
3.413680e-05,-0.160804
3.413920e-05,-0.160804
3.414160e-05,-0.080402
3.414400e-05,-0.160804
3.414640e-05,-0.160804
3.414880e-05,-0.080402
3.415120e-05,-0.080402
3.415360e-05,-0.080402
3.415600e-05,-0.080402
3.415840e-05,-0.080402
3.416080e-05,-0.080402
3.416320e-05,-0.080402
3.416560e-05,-0.080402
3.416800e-05,-0.080402
3.417040e-05,-0.080402
3.417280e-05,-0.080402
3.417520e-05,-0.080402
3.417760e-05,-0.080402
3.418000e-05,-0.080402
3.418240e-05,-0.080402
3.418480e-05,-0.080402
3.418720e-05,-0.080402
3.418960e-05,-0.080402
3.419200e-05,-0.080402
3.419440e-05,-0.080402
3.419680e-05,-0.080402
3.419920e-05,-0.080402
3.420160e-05,-0.080402
3.420400e-05,-0.080402
3.420640e-05,-0.080402
3.420880e-05,-0.080402
3.421120e-05,-0.080402
3.421360e-05,-0.080402
3.421600e-05,-0.080402
3.421840e-05,-0.080402
3.422080e-05,-0.080402
3.422320e-05,-0.080402
3.422560e-05,-0.080402
3.422800e-05,-0.080402
3.423040e-05,-0.080402
3.423280e-05,-0.080402
3.423520e-05,-0.080402
3.423760e-05,-0.080402
3.424000e-05,-0.080402
3.424240e-05,-0.080402
3.424480e-05,-0.080402
3.424720e-05,-0.080402
3.424960e-05,-0.080402
3.425200e-05,-0.080402
3.425440e-05,-0.080402
3.425680e-05,-0.080402
3.425920e-05,-0.080402
3.426160e-05,-0.080402
3.426400e-05,-0.080402
3.426640e-05,-0.080402
3.426880e-05,-0.080402
3.427120e-05,-0.080402
3.427360e-05,-0.080402
3.427600e-05,-0.080402
3.427840e-05,-0.080402
3.428080e-05,-0.080402
3.428320e-05,-0.080402
3.428560e-05,-0.080402
3.428800e-05,-0.080402
3.429040e-05,-0.080402
3.429280e-05,-0.080402
3.429520e-05,-0.080402
3.429760e-05,-0.080402
3.430000e-05,-0.080402
3.430240e-05,-0.080402
3.430480e-05,-0.080402
3.430720e-05,-0.080402
3.430960e-05,-0.160804
3.431200e-05,-0.080402
3.431440e-05,-0.080402
3.431680e-05,-0.080402
3.431920e-05,-0.080402
3.432160e-05,-0.080402
3.432400e-05,-0.080402
3.432640e-05,-0.080402
3.432880e-05,-0.080402
3.433120e-05,-0.080402
3.433360e-05,-0.080402
3.433600e-05,-0.080402
3.433840e-05,-0.080402
3.434080e-05,-0.080402
3.434320e-05,-0.080402
3.434560e-05,-0.080402
3.434800e-05,-0.080402
3.435040e-05,-0.080402
3.435280e-05,-0.080402
3.435520e-05,0.000000
3.435760e-05,-0.080402
3.436000e-05,-0.080402
3.436240e-05,-0.080402
3.436480e-05,-0.080402
3.436720e-05,-0.080402
3.436960e-05,-0.080402
3.437200e-05,-0.080402
3.437440e-05,-0.080402
3.437680e-05,-0.080402
3.437920e-05,-0.080402
3.438160e-05,-0.080402
3.438400e-05,0.000000
3.438640e-05,-0.080402
3.438880e-05,-0.080402
3.439120e-05,-0.080402
3.439360e-05,-0.080402
3.439600e-05,-0.080402
3.439840e-05,-0.080402
3.440080e-05,-0.080402
3.440320e-05,-0.080402
3.440560e-05,-0.080402
3.440800e-05,-0.080402
3.441040e-05,-0.080402
3.441280e-05,-0.080402
3.441520e-05,-0.080402
3.441760e-05,-0.080402
3.442000e-05,-0.080402
3.442240e-05,-0.080402
3.442480e-05,-0.080402
3.442720e-05,0.000000
3.442960e-05,-0.080402
3.443200e-05,-0.080402
3.443440e-05,-0.080402
3.443680e-05,-0.080402
3.443920e-05,-0.080402
3.444160e-05,0.000000
3.444400e-05,0.000000
3.444640e-05,0.000000
3.444880e-05,-0.080402
3.445120e-05,-0.080402
3.445360e-05,-0.080402
3.445600e-05,-0.080402
3.445840e-05,-0.080402
3.446080e-05,0.000000
3.446320e-05,-0.080402
3.446560e-05,-0.080402
3.446800e-05,-0.080402
3.447040e-05,-0.080402
3.447280e-05,-0.080402
3.447520e-05,-0.080402
3.447760e-05,-0.080402
3.448000e-05,-0.080402
3.448240e-05,-0.080402
3.448480e-05,0.000000
3.448720e-05,0.000000
3.448960e-05,0.000000
3.449200e-05,-0.080402
3.449440e-05,-0.080402
3.449680e-05,-0.080402
3.449920e-05,-0.080402
3.450160e-05,-0.080402
3.450400e-05,-0.080402
3.450640e-05,-0.080402
3.450880e-05,-0.080402
3.451120e-05,-0.080402
3.451360e-05,-0.080402
3.451600e-05,-0.080402
3.451840e-05,-0.080402
3.452080e-05,-0.080402
3.452320e-05,-0.080402
3.452560e-05,-0.080402
3.452800e-05,-0.080402
3.453040e-05,-0.080402
3.453280e-05,-0.080402
3.453520e-05,-0.080402
3.453760e-05,-0.080402
3.454000e-05,-0.080402
3.454240e-05,-0.080402
3.454480e-05,-0.080402
3.454720e-05,-0.080402
3.454960e-05,-0.080402
3.455200e-05,-0.080402
3.455440e-05,-0.080402
3.455680e-05,-0.080402
3.455920e-05,-0.080402
3.456160e-05,-0.080402
3.456400e-05,-0.080402
3.456640e-05,-0.080402
3.456880e-05,-0.080402
3.457120e-05,-0.080402
3.457360e-05,-0.080402
3.457600e-05,-0.080402
3.457840e-05,-0.080402
3.458080e-05,-0.080402
3.458320e-05,-0.080402
3.458560e-05,-0.080402
3.458800e-05,-0.080402
3.459040e-05,-0.080402
3.459280e-05,-0.080402
3.459520e-05,-0.080402
3.459760e-05,-0.160804
3.460000e-05,-0.080402
3.460240e-05,-0.080402
3.460480e-05,-0.080402
3.460720e-05,-0.080402
3.460960e-05,-0.080402
3.461200e-05,-0.080402
3.461440e-05,-0.080402
3.461680e-05,-0.080402
3.461920e-05,-0.080402
3.462160e-05,-0.080402
3.462400e-05,-0.080402
3.462640e-05,-0.080402
3.462880e-05,-0.080402
3.463120e-05,-0.080402
3.463360e-05,-0.080402
3.463600e-05,-0.080402
3.463840e-05,-0.080402
3.464080e-05,-0.080402
3.464320e-05,-0.080402
3.464560e-05,-0.080402
3.464800e-05,-0.080402
3.465040e-05,-0.080402
3.465280e-05,-0.080402
3.465520e-05,-0.080402
3.465760e-05,-0.080402
3.466000e-05,-0.080402
3.466240e-05,-0.080402
3.466480e-05,-0.080402
3.466720e-05,-0.080402
3.466960e-05,-0.080402
3.467200e-05,-0.080402
3.467440e-05,-0.080402
3.467680e-05,-0.080402
3.467920e-05,-0.080402
3.468160e-05,-0.080402
3.468400e-05,-0.160804
3.468640e-05,-0.080402
3.468880e-05,-0.080402
3.469120e-05,-0.080402
3.469360e-05,-0.080402
3.469600e-05,-0.080402
3.469840e-05,-0.080402
3.470080e-05,-0.080402
3.470320e-05,-0.080402
3.470560e-05,-0.080402
3.470800e-05,-0.080402
3.471040e-05,-0.080402
3.471280e-05,-0.080402
3.471520e-05,-0.080402
3.471760e-05,-0.080402
3.472000e-05,-0.160804
3.472240e-05,-0.080402
3.472480e-05,-0.080402
3.472720e-05,-0.080402
3.472960e-05,-0.080402
3.473200e-05,-0.080402
3.473440e-05,-0.080402
3.473680e-05,-0.080402
3.473920e-05,-0.160804
3.474160e-05,-0.080402
3.474400e-05,-0.080402
3.474640e-05,-0.080402
3.474880e-05,-0.080402
3.475120e-05,-0.080402
3.475360e-05,-0.080402
3.475600e-05,-0.160804
3.475840e-05,-0.080402
3.476080e-05,-0.160804
3.476320e-05,-0.160804
3.476560e-05,-0.080402
3.476800e-05,-0.160804
3.477040e-05,-0.080402
3.477280e-05,-0.160804
3.477520e-05,-0.160804
3.477760e-05,-0.080402
3.478000e-05,-0.080402
3.478240e-05,-0.160804
3.478480e-05,-0.160804
3.478720e-05,-0.160804
3.478960e-05,-0.080402
3.479200e-05,-0.160804
3.479440e-05,-0.160804
3.479680e-05,-0.160804
3.479920e-05,-0.160804
3.480160e-05,-0.160804
3.480400e-05,-0.080402
3.480640e-05,-0.160804
3.480880e-05,-0.160804
3.481120e-05,-0.160804
3.481360e-05,-0.160804
3.481600e-05,-0.160804
3.481840e-05,-0.080402
3.482080e-05,-0.160804
3.482320e-05,-0.160804
3.482560e-05,-0.160804
3.482800e-05,-0.080402
3.483040e-05,-0.080402
3.483280e-05,-0.080402
3.483520e-05,-0.080402
3.483760e-05,-0.160804
3.484000e-05,-0.160804
3.484240e-05,-0.160804
3.484480e-05,-0.160804
3.484720e-05,-0.160804
3.484960e-05,-0.080402
3.485200e-05,-0.160804
3.485440e-05,-0.160804
3.485680e-05,-0.160804
3.485920e-05,-0.160804
3.486160e-05,-0.160804
3.486400e-05,-0.160804
3.486640e-05,-0.160804
3.486880e-05,-0.160804
3.487120e-05,-0.160804
3.487360e-05,-0.160804
3.487600e-05,-0.160804
3.487840e-05,-0.080402
3.488080e-05,-0.160804
3.488320e-05,-0.080402
3.488560e-05,-0.080402
3.488800e-05,-0.080402
3.489040e-05,-0.160804
3.489280e-05,-0.160804
3.489520e-05,-0.160804
3.489760e-05,-0.160804
3.490000e-05,-0.160804
3.490240e-05,-0.160804
3.490480e-05,-0.080402
3.490720e-05,-0.160804
3.490960e-05,-0.160804
3.491200e-05,-0.080402
3.491440e-05,-0.160804
3.491680e-05,-0.160804
3.491920e-05,-0.080402
3.492160e-05,-0.080402
3.492400e-05,-0.160804
3.492640e-05,-0.080402
3.492880e-05,-0.080402
3.493120e-05,-0.080402
3.493360e-05,-0.080402
3.493600e-05,-0.160804
3.493840e-05,-0.160804
3.494080e-05,-0.080402
3.494320e-05,-0.080402
3.494560e-05,-0.080402
3.494800e-05,-0.080402
3.495040e-05,-0.080402
3.495280e-05,-0.160804
3.495520e-05,-0.080402
3.495760e-05,-0.080402
3.496000e-05,-0.080402
3.496240e-05,-0.160804
3.496480e-05,-0.160804
3.496720e-05,-0.160804
3.496960e-05,-0.160804
3.497200e-05,-0.080402
3.497440e-05,-0.160804
3.497680e-05,-0.160804
3.497920e-05,-0.080402
3.498160e-05,-0.160804
3.498400e-05,-0.160804
3.498640e-05,-0.160804
3.498880e-05,-0.160804
3.499120e-05,-0.160804
3.499360e-05,-0.160804
3.499600e-05,-0.160804
3.499840e-05,-0.160804
3.500080e-05,-0.160804
3.500320e-05,-0.160804
3.500560e-05,-0.160804
3.500800e-05,-0.160804
3.501040e-05,-0.160804
3.501280e-05,-0.080402
3.501520e-05,-0.080402
3.501760e-05,-0.080402
3.502000e-05,-0.080402
3.502240e-05,-0.080402
3.502480e-05,-0.080402
3.502720e-05,-0.080402
3.502960e-05,-0.080402
3.503200e-05,-0.080402
3.503440e-05,-0.080402
3.503680e-05,-0.160804
3.503920e-05,-0.160804
3.504160e-05,-0.080402
3.504400e-05,-0.160804
3.504640e-05,-0.160804
3.504880e-05,-0.160804
3.505120e-05,-0.080402
3.505360e-05,-0.080402
3.505600e-05,-0.160804
3.505840e-05,-0.080402
3.506080e-05,-0.160804
3.506320e-05,-0.160804
3.506560e-05,-0.160804
3.506800e-05,-0.160804
3.507040e-05,-0.160804
3.507280e-05,-0.160804
3.507520e-05,-0.160804
3.507760e-05,-0.160804
3.508000e-05,-0.080402
3.508240e-05,-0.160804
3.508480e-05,-0.080402
3.508720e-05,-0.080402
3.508960e-05,-0.080402
3.509200e-05,-0.080402
3.509440e-05,-0.160804
3.509680e-05,-0.160804
3.509920e-05,-0.160804
3.510160e-05,-0.080402
3.510400e-05,-0.160804
3.510640e-05,-0.080402
3.510880e-05,-0.160804
3.511120e-05,-0.080402
3.511360e-05,-0.160804
3.511600e-05,-0.080402
3.511840e-05,-0.080402
3.512080e-05,-0.080402
3.512320e-05,-0.080402
3.512560e-05,-0.080402
3.512800e-05,-0.160804
3.513040e-05,-0.160804
3.513280e-05,-0.080402
3.513520e-05,-0.080402
3.513760e-05,-0.080402
3.514000e-05,-0.080402
3.514240e-05,-0.080402
3.514480e-05,-0.080402
3.514720e-05,-0.080402
3.514960e-05,-0.080402
3.515200e-05,-0.080402
3.515440e-05,-0.080402
3.515680e-05,-0.080402
3.515920e-05,-0.080402
3.516160e-05,-0.080402
3.516400e-05,-0.080402
3.516640e-05,-0.160804
3.516880e-05,-0.080402
3.517120e-05,-0.080402
3.517360e-05,-0.080402
3.517600e-05,-0.080402
3.517840e-05,-0.080402
3.518080e-05,-0.080402
3.518320e-05,-0.080402
3.518560e-05,-0.080402
3.518800e-05,-0.160804
3.519040e-05,-0.080402
3.519280e-05,-0.160804
3.519520e-05,-0.080402
3.519760e-05,-0.080402
3.520000e-05,-0.080402
3.520240e-05,-0.080402
3.520480e-05,-0.080402
3.520720e-05,-0.080402
3.520960e-05,-0.080402
3.521200e-05,-0.080402
3.521440e-05,-0.080402
3.521680e-05,-0.080402
3.521920e-05,-0.080402
3.522160e-05,-0.080402
3.522400e-05,-0.080402
3.522640e-05,-0.080402
3.522880e-05,-0.080402
3.523120e-05,-0.080402
3.523360e-05,-0.080402
3.523600e-05,-0.080402
3.523840e-05,-0.080402
3.524080e-05,-0.080402
3.524320e-05,-0.080402
3.524560e-05,-0.080402
3.524800e-05,-0.080402
3.525040e-05,-0.080402
3.525280e-05,-0.080402
3.525520e-05,-0.080402
3.525760e-05,-0.080402
3.526000e-05,-0.080402
3.526240e-05,-0.080402
3.526480e-05,-0.080402
3.526720e-05,-0.080402
3.526960e-05,-0.080402
3.527200e-05,-0.080402
3.527440e-05,-0.080402
3.527680e-05,-0.080402
3.527920e-05,-0.080402
3.528160e-05,-0.080402
3.528400e-05,-0.080402
3.528640e-05,-0.080402
3.528880e-05,-0.080402
3.529120e-05,-0.080402
3.529360e-05,-0.080402
3.529600e-05,-0.080402
3.529840e-05,-0.080402
3.530080e-05,-0.080402
3.530320e-05,-0.080402
3.530560e-05,-0.080402
3.530800e-05,-0.080402
3.531040e-05,-0.080402
3.531280e-05,-0.080402
3.531520e-05,-0.080402
3.531760e-05,-0.080402
3.532000e-05,-0.080402
3.532240e-05,-0.080402
3.532480e-05,-0.080402
3.532720e-05,-0.080402
3.532960e-05,-0.080402
3.533200e-05,-0.080402
3.533440e-05,-0.080402
3.533680e-05,-0.080402
3.533920e-05,-0.080402
3.534160e-05,-0.080402
3.534400e-05,-0.080402
3.534640e-05,-0.080402
3.534880e-05,-0.080402
3.535120e-05,-0.080402
3.535360e-05,-0.080402
3.535600e-05,-0.080402
3.535840e-05,-0.080402
3.536080e-05,-0.080402
3.536320e-05,-0.080402
3.536560e-05,-0.080402
3.536800e-05,-0.080402
3.537040e-05,-0.080402
3.537280e-05,-0.080402
3.537520e-05,-0.080402
3.537760e-05,-0.080402
3.538000e-05,-0.080402
3.538240e-05,-0.080402
3.538480e-05,-0.080402
3.538720e-05,-0.080402
3.538960e-05,-0.080402
3.539200e-05,-0.080402
3.539440e-05,-0.080402
3.539680e-05,-0.080402
3.539920e-05,-0.080402
3.540160e-05,-0.080402
3.540400e-05,-0.080402
3.540640e-05,-0.080402
3.540880e-05,-0.080402
3.541120e-05,-0.080402
3.541360e-05,-0.080402
3.541600e-05,-0.080402
3.541840e-05,-0.080402
3.542080e-05,-0.080402
3.542320e-05,-0.080402
3.542560e-05,-0.080402
3.542800e-05,-0.080402
3.543040e-05,-0.080402
3.543280e-05,-0.080402
3.543520e-05,-0.080402
3.543760e-05,-0.080402
3.544000e-05,-0.080402
3.544240e-05,-0.080402
3.544480e-05,-0.080402
3.544720e-05,-0.080402
3.544960e-05,-0.080402
3.545200e-05,-0.080402
3.545440e-05,-0.080402
3.545680e-05,-0.080402
3.545920e-05,-0.160804
3.546160e-05,-0.080402
3.546400e-05,-0.080402
3.546640e-05,-0.080402
3.546880e-05,-0.080402
3.547120e-05,-0.080402
3.547360e-05,-0.080402
3.547600e-05,-0.080402
3.547840e-05,-0.080402
3.548080e-05,-0.080402
3.548320e-05,-0.080402
3.548560e-05,-0.080402
3.548800e-05,-0.080402
3.549040e-05,-0.080402
3.549280e-05,-0.080402
3.549520e-05,-0.080402
3.549760e-05,-0.080402
3.550000e-05,-0.080402
3.550240e-05,-0.080402
3.550480e-05,-0.080402
3.550720e-05,-0.080402
3.550960e-05,-0.080402
3.551200e-05,-0.080402
3.551440e-05,-0.080402
3.551680e-05,-0.080402
3.551920e-05,-0.080402
3.552160e-05,-0.080402
3.552400e-05,-0.080402
3.552640e-05,-0.080402
3.552880e-05,-0.080402
3.553120e-05,-0.080402
3.553360e-05,-0.080402
3.553600e-05,-0.080402
3.553840e-05,-0.080402
3.554080e-05,-0.080402
3.554320e-05,-0.080402
3.554560e-05,-0.080402
3.554800e-05,-0.080402
3.555040e-05,-0.080402
3.555280e-05,-0.080402
3.555520e-05,-0.080402
3.555760e-05,-0.080402
3.556000e-05,-0.080402
3.556240e-05,-0.080402
3.556480e-05,-0.080402
3.556720e-05,-0.080402
3.556960e-05,-0.080402
3.557200e-05,-0.080402
3.557440e-05,-0.080402
3.557680e-05,-0.080402
3.557920e-05,-0.080402
3.558160e-05,-0.080402
3.558400e-05,-0.080402
3.558640e-05,-0.080402
3.558880e-05,-0.080402
3.559120e-05,-0.080402
3.559360e-05,-0.080402
3.559600e-05,-0.080402
3.559840e-05,-0.080402
3.560080e-05,-0.080402
3.560320e-05,-0.080402
3.560560e-05,-0.080402
3.560800e-05,-0.080402
3.561040e-05,-0.080402
3.561280e-05,-0.080402
3.561520e-05,-0.080402
3.561760e-05,-0.080402
3.562000e-05,-0.080402
3.562240e-05,-0.080402
3.562480e-05,-0.080402
3.562720e-05,-0.080402
3.562960e-05,-0.080402
3.563200e-05,-0.080402
3.563440e-05,-0.080402
3.563680e-05,-0.080402
3.563920e-05,-0.080402
3.564160e-05,-0.080402
3.564400e-05,-0.080402
3.564640e-05,-0.080402
3.564880e-05,-0.080402
3.565120e-05,-0.080402
3.565360e-05,-0.080402
3.565600e-05,-0.080402
3.565840e-05,-0.080402
3.566080e-05,-0.080402
3.566320e-05,-0.080402
3.566560e-05,-0.080402
3.566800e-05,-0.080402
3.567040e-05,-0.080402
3.567280e-05,-0.080402
3.567520e-05,-0.080402
3.567760e-05,-0.080402
3.568000e-05,-0.080402
3.568240e-05,-0.080402
3.568480e-05,-0.080402
3.568720e-05,-0.080402
3.568960e-05,-0.080402
3.569200e-05,-0.080402
3.569440e-05,-0.080402
3.569680e-05,-0.080402
3.569920e-05,-0.080402
3.570160e-05,-0.080402
3.570400e-05,-0.080402
3.570640e-05,-0.080402
3.570880e-05,-0.080402
3.571120e-05,-0.080402
3.571360e-05,-0.080402
3.571600e-05,-0.080402
3.571840e-05,-0.080402
3.572080e-05,-0.080402
3.572320e-05,-0.080402
3.572560e-05,-0.080402
3.572800e-05,-0.080402
3.573040e-05,-0.080402
3.573280e-05,-0.080402
3.573520e-05,-0.080402
3.573760e-05,-0.080402
3.574000e-05,-0.080402
3.574240e-05,-0.080402
3.574480e-05,-0.080402
3.574720e-05,-0.080402
3.574960e-05,-0.080402
3.575200e-05,-0.080402
3.575440e-05,-0.080402
3.575680e-05,-0.080402
3.575920e-05,-0.080402
3.576160e-05,-0.080402
3.576400e-05,-0.080402
3.576640e-05,-0.080402
3.576880e-05,-0.080402
3.577120e-05,-0.080402
3.577360e-05,-0.080402
3.577600e-05,-0.080402
3.577840e-05,-0.080402
3.578080e-05,-0.080402
3.578320e-05,-0.080402
3.578560e-05,-0.080402
3.578800e-05,-0.080402
3.579040e-05,-0.080402
3.579280e-05,-0.080402
3.579520e-05,-0.080402
3.579760e-05,-0.080402
3.580000e-05,-0.080402
3.580240e-05,-0.080402
3.580480e-05,-0.080402
3.580720e-05,-0.080402
3.580960e-05,-0.080402
3.581200e-05,-0.080402
3.581440e-05,-0.080402
3.581680e-05,-0.080402
3.581920e-05,-0.080402
3.582160e-05,-0.080402
3.582400e-05,-0.080402
3.582640e-05,-0.080402
3.582880e-05,-0.080402
3.583120e-05,-0.080402
3.583360e-05,-0.080402
3.583600e-05,-0.080402
3.583840e-05,-0.080402
3.584080e-05,-0.080402
3.584320e-05,-0.080402
3.584560e-05,-0.080402
3.584800e-05,-0.080402
3.585040e-05,-0.080402
3.585280e-05,-0.080402
3.585520e-05,-0.080402
3.585760e-05,-0.080402
3.586000e-05,-0.080402
3.586240e-05,-0.080402
3.586480e-05,-0.080402
3.586720e-05,-0.080402
3.586960e-05,-0.080402
3.587200e-05,-0.080402
3.587440e-05,-0.080402
3.587680e-05,-0.080402
3.587920e-05,-0.080402
3.588160e-05,-0.160804
3.588400e-05,-0.160804
3.588640e-05,-0.080402
3.588880e-05,-0.080402
3.589120e-05,-0.080402
3.589360e-05,-0.080402
3.589600e-05,-0.080402
3.589840e-05,-0.080402
3.590080e-05,-0.080402
3.590320e-05,-0.080402
3.590560e-05,-0.080402
3.590800e-05,-0.160804
3.591040e-05,-0.080402
3.591280e-05,-0.080402
3.591520e-05,-0.080402
3.591760e-05,-0.080402
3.592000e-05,-0.080402
3.592240e-05,-0.080402
3.592480e-05,-0.080402
3.592720e-05,-0.080402
3.592960e-05,-0.080402
3.593200e-05,-0.080402
3.593440e-05,-0.080402
3.593680e-05,-0.080402
3.593920e-05,-0.080402
3.594160e-05,-0.080402
3.594400e-05,-0.080402
3.594640e-05,-0.080402
3.594880e-05,-0.080402
3.595120e-05,-0.080402
3.595360e-05,-0.080402
3.595600e-05,-0.080402
3.595840e-05,-0.080402
3.596080e-05,-0.080402
3.596320e-05,-0.080402
3.596560e-05,-0.080402
3.596800e-05,-0.080402
3.597040e-05,-0.080402
3.597280e-05,-0.080402
3.597520e-05,-0.080402
3.597760e-05,-0.080402
3.598000e-05,-0.080402
3.598240e-05,-0.080402
3.598480e-05,-0.080402
3.598720e-05,-0.080402
3.598960e-05,-0.080402
3.599200e-05,-0.080402
3.599440e-05,-0.080402
3.599680e-05,-0.080402
3.599920e-05,-0.080402
3.600160e-05,-0.080402
3.600400e-05,-0.080402
3.600640e-05,-0.080402
3.600880e-05,-0.080402
3.601120e-05,-0.080402
3.601360e-05,-0.080402
3.601600e-05,-0.080402
3.601840e-05,-0.080402
3.602080e-05,-0.080402
3.602320e-05,-0.080402
3.602560e-05,-0.080402
3.602800e-05,-0.080402
3.603040e-05,-0.080402
3.603280e-05,-0.080402
3.603520e-05,-0.080402
3.603760e-05,-0.080402
3.604000e-05,-0.080402
3.604240e-05,-0.080402
3.604480e-05,-0.080402
3.604720e-05,-0.080402
3.604960e-05,-0.080402
3.605200e-05,-0.080402
3.605440e-05,-0.080402
3.605680e-05,-0.080402
3.605920e-05,-0.080402
3.606160e-05,-0.080402
3.606400e-05,-0.080402
3.606640e-05,-0.080402
3.606880e-05,-0.080402
3.607120e-05,-0.080402
3.607360e-05,-0.080402
3.607600e-05,-0.080402
3.607840e-05,-0.080402
3.608080e-05,-0.080402
3.608320e-05,-0.080402
3.608560e-05,-0.080402
3.608800e-05,-0.080402
3.609040e-05,-0.080402
3.609280e-05,-0.080402
3.609520e-05,-0.080402
3.609760e-05,-0.080402
3.610000e-05,-0.080402
3.610240e-05,-0.080402
3.610480e-05,-0.080402
3.610720e-05,-0.080402
3.610960e-05,-0.080402
3.611200e-05,-0.080402
3.611440e-05,-0.160804
3.611680e-05,-0.080402
3.611920e-05,-0.160804
3.612160e-05,-0.160804
3.612400e-05,-0.080402
3.612640e-05,-0.080402
3.612880e-05,-0.080402
3.613120e-05,-0.080402
3.613360e-05,-0.080402
3.613600e-05,-0.080402
3.613840e-05,-0.160804
3.614080e-05,-0.080402
3.614320e-05,-0.080402
3.614560e-05,-0.080402
3.614800e-05,-0.080402
3.615040e-05,-0.080402
3.615280e-05,-0.080402
3.615520e-05,-0.080402
3.615760e-05,-0.160804
3.616000e-05,-0.080402
3.616240e-05,-0.080402
3.616480e-05,-0.160804
3.616720e-05,-0.160804
3.616960e-05,-0.160804
3.617200e-05,-0.080402
3.617440e-05,-0.080402
3.617680e-05,-0.160804
3.617920e-05,-0.080402
3.618160e-05,-0.080402
3.618400e-05,-0.080402
3.618640e-05,-0.160804
3.618880e-05,-0.160804
3.619120e-05,-0.160804
3.619360e-05,-0.160804
3.619600e-05,-0.160804
3.619840e-05,-0.160804
3.620080e-05,-0.080402
3.620320e-05,-0.080402
3.620560e-05,-0.080402
3.620800e-05,-0.080402
3.621040e-05,-0.160804
3.621280e-05,-0.080402
3.621520e-05,-0.080402
3.621760e-05,-0.080402
3.622000e-05,-0.080402
3.622240e-05,-0.160804
3.622480e-05,-0.080402
3.622720e-05,-0.160804
3.622960e-05,-0.080402
3.623200e-05,-0.160804
3.623440e-05,-0.160804
3.623680e-05,-0.160804
3.623920e-05,-0.160804
3.624160e-05,-0.160804
3.624400e-05,-0.160804
3.624640e-05,-0.160804
3.624880e-05,-0.160804
3.625120e-05,-0.160804
3.625360e-05,-0.160804
3.625600e-05,-0.160804
3.625840e-05,-0.160804
3.626080e-05,-0.160804
3.626320e-05,-0.160804
3.626560e-05,-0.160804
3.626800e-05,-0.160804
3.627040e-05,-0.160804
3.627280e-05,-0.160804
3.627520e-05,-0.080402
3.627760e-05,-0.160804
3.628000e-05,-0.160804
3.628240e-05,-0.160804
3.628480e-05,-0.160804
3.628720e-05,-0.160804
3.628960e-05,-0.160804
3.629200e-05,-0.160804
3.629440e-05,-0.160804
3.629680e-05,-0.160804
3.629920e-05,-0.160804
3.630160e-05,-0.160804
3.630400e-05,-0.160804
3.630640e-05,-0.160804
3.630880e-05,-0.160804
3.631120e-05,-0.160804
3.631360e-05,-0.160804
3.631600e-05,-0.160804
3.631840e-05,-0.160804
3.632080e-05,-0.080402
3.632320e-05,-0.160804
3.632560e-05,-0.160804
3.632800e-05,-0.160804
3.633040e-05,-0.160804
3.633280e-05,-0.160804
3.633520e-05,-0.160804
3.633760e-05,-0.160804
3.634000e-05,-0.160804
3.634240e-05,-0.160804
3.634480e-05,-0.160804
3.634720e-05,-0.160804
3.634960e-05,-0.160804
3.635200e-05,-0.160804
3.635440e-05,-0.160804
3.635680e-05,-0.160804
3.635920e-05,-0.160804
3.636160e-05,-0.160804
3.636400e-05,-0.160804
3.636640e-05,-0.160804
3.636880e-05,-0.160804
3.637120e-05,-0.160804
3.637360e-05,-0.160804
3.637600e-05,-0.160804
3.637840e-05,-0.160804
3.638080e-05,-0.160804
3.638320e-05,-0.160804
3.638560e-05,-0.160804
3.638800e-05,-0.160804
3.639040e-05,-0.160804
3.639280e-05,-0.160804
3.639520e-05,-0.160804
3.639760e-05,-0.160804
3.640000e-05,-0.160804
3.640240e-05,-0.160804
3.640480e-05,-0.160804
3.640720e-05,-0.160804
3.640960e-05,-0.160804
3.641200e-05,-0.160804
3.641440e-05,-0.160804
3.641680e-05,-0.160804
3.641920e-05,-0.160804
3.642160e-05,-0.160804
3.642400e-05,-0.160804
3.642640e-05,-0.160804
3.642880e-05,-0.160804
3.643120e-05,-0.160804
3.643360e-05,-0.160804
3.643600e-05,-0.160804
3.643840e-05,-0.080402
3.644080e-05,-0.160804
3.644320e-05,-0.160804
3.644560e-05,-0.160804
3.644800e-05,-0.160804
3.645040e-05,-0.080402
3.645280e-05,-0.080402
3.645520e-05,-0.160804
3.645760e-05,-0.160804
3.646000e-05,-0.160804
3.646240e-05,-0.160804
3.646480e-05,-0.160804
3.646720e-05,-0.160804
3.646960e-05,-0.160804
3.647200e-05,-0.160804
3.647440e-05,-0.160804
3.647680e-05,-0.160804
3.647920e-05,-0.080402
3.648160e-05,-0.160804
3.648400e-05,-0.080402
3.648640e-05,-0.160804
3.648880e-05,-0.160804
3.649120e-05,-0.160804
3.649360e-05,-0.160804
3.649600e-05,-0.160804
3.649840e-05,-0.160804
3.650080e-05,-0.160804
3.650320e-05,-0.160804
3.650560e-05,-0.080402
3.650800e-05,-0.160804
3.651040e-05,-0.160804
3.651280e-05,-0.160804
3.651520e-05,-0.080402
3.651760e-05,-0.160804
3.652000e-05,-0.160804
3.652240e-05,-0.160804
3.652480e-05,-0.080402
3.652720e-05,-0.160804
3.652960e-05,-0.160804
3.653200e-05,-0.160804
3.653440e-05,-0.080402
3.653680e-05,-0.160804
3.653920e-05,-0.080402
3.654160e-05,-0.080402
3.654400e-05,-0.080402
3.654640e-05,-0.080402
3.654880e-05,-0.080402
3.655120e-05,-0.080402
3.655360e-05,-0.080402
3.655600e-05,-0.080402
3.655840e-05,-0.080402
3.656080e-05,-0.080402
3.656320e-05,-0.080402
3.656560e-05,-0.080402
3.656800e-05,-0.080402
3.657040e-05,-0.080402
3.657280e-05,-0.080402
3.657520e-05,-0.080402
3.657760e-05,-0.080402
3.658000e-05,-0.080402
3.658240e-05,-0.080402
3.658480e-05,-0.080402
3.658720e-05,-0.080402
3.658960e-05,-0.080402
3.659200e-05,-0.080402
3.659440e-05,-0.080402
3.659680e-05,-0.080402
3.659920e-05,-0.080402
3.660160e-05,-0.080402
3.660400e-05,-0.080402
3.660640e-05,-0.080402
3.660880e-05,-0.080402
3.661120e-05,-0.080402
3.661360e-05,-0.080402
3.661600e-05,-0.160804
3.661840e-05,-0.160804
3.662080e-05,-0.080402
3.662320e-05,-0.080402
3.662560e-05,-0.080402
3.662800e-05,-0.080402
3.663040e-05,-0.080402
3.663280e-05,-0.080402
3.663520e-05,-0.080402
3.663760e-05,-0.080402
3.664000e-05,-0.080402
3.664240e-05,-0.080402
3.664480e-05,-0.080402
3.664720e-05,-0.080402
3.664960e-05,-0.080402
3.665200e-05,-0.080402
3.665440e-05,-0.080402
3.665680e-05,-0.080402
3.665920e-05,-0.080402
3.666160e-05,-0.080402
3.666400e-05,-0.080402
3.666640e-05,-0.080402
3.666880e-05,-0.080402
3.667120e-05,-0.080402
3.667360e-05,-0.080402
3.667600e-05,-0.080402
3.667840e-05,-0.080402
3.668080e-05,-0.080402
3.668320e-05,-0.080402
3.668560e-05,-0.080402
3.668800e-05,-0.080402
3.669040e-05,-0.080402
3.669280e-05,-0.080402
3.669520e-05,-0.080402
3.669760e-05,-0.080402
3.670000e-05,-0.080402
3.670240e-05,-0.080402
3.670480e-05,-0.080402
3.670720e-05,-0.080402
3.670960e-05,-0.080402
3.671200e-05,-0.080402
3.671440e-05,-0.080402
3.671680e-05,-0.080402
3.671920e-05,-0.080402
3.672160e-05,-0.080402
3.672400e-05,-0.080402
3.672640e-05,-0.080402
3.672880e-05,-0.080402
3.673120e-05,-0.080402
3.673360e-05,-0.080402
3.673600e-05,-0.080402
3.673840e-05,-0.080402
3.674080e-05,-0.080402
3.674320e-05,-0.080402
3.674560e-05,-0.080402
3.674800e-05,-0.080402
3.675040e-05,0.000000
3.675280e-05,-0.080402
3.675520e-05,-0.080402
3.675760e-05,0.000000
3.676000e-05,-0.080402
3.676240e-05,-0.080402
3.676480e-05,-0.080402
3.676720e-05,-0.080402
3.676960e-05,-0.080402
3.677200e-05,-0.080402
3.677440e-05,-0.080402
3.677680e-05,-0.080402
3.677920e-05,0.000000
3.678160e-05,0.000000
3.678400e-05,0.000000
3.678640e-05,0.000000
3.678880e-05,-0.080402
3.679120e-05,0.000000
3.679360e-05,-0.080402
3.679600e-05,-0.080402
3.679840e-05,-0.080402
3.680080e-05,-0.080402
3.680320e-05,-0.080402
3.680560e-05,-0.080402
3.680800e-05,0.000000
3.681040e-05,-0.080402
3.681280e-05,-0.080402
3.681520e-05,-0.080402
3.681760e-05,-0.080402
3.682000e-05,-0.080402
3.682240e-05,-0.080402
3.682480e-05,-0.080402
3.682720e-05,-0.080402
3.682960e-05,-0.080402
3.683200e-05,-0.080402
3.683440e-05,-0.080402
3.683680e-05,-0.080402
3.683920e-05,-0.080402
3.684160e-05,-0.080402
3.684400e-05,-0.080402
3.684640e-05,-0.080402
3.684880e-05,-0.080402
3.685120e-05,-0.080402
3.685360e-05,-0.080402
3.685600e-05,-0.080402
3.685840e-05,-0.080402
3.686080e-05,-0.080402
3.686320e-05,0.000000
3.686560e-05,-0.080402
3.686800e-05,-0.080402
3.687040e-05,-0.080402
3.687280e-05,-0.080402
3.687520e-05,-0.080402
3.687760e-05,-0.080402
3.688000e-05,-0.080402
3.688240e-05,-0.080402
3.688480e-05,-0.080402
3.688720e-05,-0.080402
3.688960e-05,-0.080402
3.689200e-05,-0.080402
3.689440e-05,0.000000
3.689680e-05,-0.080402
3.689920e-05,-0.080402
3.690160e-05,-0.080402
3.690400e-05,-0.080402
3.690640e-05,-0.080402
3.690880e-05,-0.080402
3.691120e-05,-0.080402
3.691360e-05,-0.080402
3.691600e-05,-0.080402
3.691840e-05,-0.080402
3.692080e-05,-0.080402
3.692320e-05,-0.080402
3.692560e-05,0.000000
3.692800e-05,-0.080402
3.693040e-05,-0.080402
3.693280e-05,-0.080402
3.693520e-05,-0.080402
3.693760e-05,0.000000
3.694000e-05,0.000000
3.694240e-05,-0.080402
3.694480e-05,-0.080402
3.694720e-05,-0.080402
3.694960e-05,-0.080402
3.695200e-05,-0.080402
3.695440e-05,-0.080402
3.695680e-05,-0.080402
3.695920e-05,-0.080402
3.696160e-05,-0.080402
3.696400e-05,-0.080402
3.696640e-05,-0.080402
3.696880e-05,-0.080402
3.697120e-05,-0.080402
3.697360e-05,0.000000
3.697600e-05,-0.080402
3.697840e-05,-0.080402
3.698080e-05,-0.080402
3.698320e-05,-0.080402
3.698560e-05,-0.080402
3.698800e-05,-0.080402
3.699040e-05,-0.080402
3.699280e-05,-0.080402
3.699520e-05,-0.080402
3.699760e-05,-0.080402
3.700000e-05,-0.080402
3.700240e-05,-0.080402
3.700480e-05,-0.080402
3.700720e-05,-0.080402
3.700960e-05,-0.080402
3.701200e-05,-0.080402
3.701440e-05,-0.080402
3.701680e-05,-0.080402
3.701920e-05,-0.080402
3.702160e-05,-0.080402
3.702400e-05,-0.080402
3.702640e-05,-0.080402
3.702880e-05,-0.080402
3.703120e-05,-0.080402
3.703360e-05,-0.080402
3.703600e-05,-0.080402
3.703840e-05,-0.080402
3.704080e-05,-0.080402
3.704320e-05,-0.080402
3.704560e-05,-0.080402
3.704800e-05,-0.080402
3.705040e-05,-0.080402
3.705280e-05,-0.080402
3.705520e-05,-0.080402
3.705760e-05,-0.080402
3.706000e-05,-0.080402
3.706240e-05,-0.080402
3.706480e-05,-0.080402
3.706720e-05,-0.080402
3.706960e-05,-0.080402
3.707200e-05,-0.080402
3.707440e-05,-0.080402
3.707680e-05,-0.080402
3.707920e-05,-0.080402
3.708160e-05,-0.080402
3.708400e-05,-0.080402
3.708640e-05,-0.080402
3.708880e-05,-0.080402
3.709120e-05,-0.080402
3.709360e-05,-0.080402
3.709600e-05,-0.080402
3.709840e-05,-0.080402
3.710080e-05,-0.080402
3.710320e-05,-0.080402
3.710560e-05,-0.080402
3.710800e-05,-0.080402
3.711040e-05,-0.080402
3.711280e-05,-0.080402
3.711520e-05,-0.080402
3.711760e-05,-0.080402
3.712000e-05,-0.080402
3.712240e-05,-0.080402
3.712480e-05,-0.080402
3.712720e-05,-0.080402
3.712960e-05,-0.080402
3.713200e-05,-0.080402
3.713440e-05,-0.080402
3.713680e-05,-0.080402
3.713920e-05,-0.080402
3.714160e-05,-0.080402
3.714400e-05,-0.080402
3.714640e-05,-0.080402
3.714880e-05,-0.080402
3.715120e-05,-0.080402
3.715360e-05,-0.080402
3.715600e-05,-0.080402
3.715840e-05,-0.080402
3.716080e-05,-0.080402
3.716320e-05,-0.080402
3.716560e-05,-0.080402
3.716800e-05,-0.080402
3.717040e-05,-0.080402
3.717280e-05,-0.080402
3.717520e-05,-0.080402
3.717760e-05,-0.080402
3.718000e-05,-0.080402
3.718240e-05,-0.080402
3.718480e-05,-0.080402
3.718720e-05,-0.080402
3.718960e-05,-0.080402
3.719200e-05,-0.080402
3.719440e-05,-0.080402
3.719680e-05,-0.080402
3.719920e-05,-0.080402
3.720160e-05,-0.080402
3.720400e-05,-0.080402
3.720640e-05,-0.080402
3.720880e-05,-0.080402
3.721120e-05,-0.080402
3.721360e-05,-0.160804
3.721600e-05,-0.080402
3.721840e-05,-0.080402
3.722080e-05,-0.080402
3.722320e-05,-0.080402
3.722560e-05,-0.080402
3.722800e-05,-0.080402
3.723040e-05,-0.080402
3.723280e-05,-0.080402
3.723520e-05,-0.080402
3.723760e-05,-0.080402
3.724000e-05,-0.080402
3.724240e-05,-0.080402
3.724480e-05,-0.080402
3.724720e-05,-0.080402
3.724960e-05,-0.080402
3.725200e-05,-0.160804
3.725440e-05,-0.080402
3.725680e-05,-0.080402
3.725920e-05,-0.080402
3.726160e-05,-0.080402
3.726400e-05,-0.080402
3.726640e-05,-0.080402
3.726880e-05,-0.080402
3.727120e-05,-0.160804
3.727360e-05,-0.160804
3.727600e-05,-0.160804
3.727840e-05,-0.080402
3.728080e-05,-0.080402
3.728320e-05,-0.160804
3.728560e-05,-0.160804
3.728800e-05,-0.160804
3.729040e-05,-0.160804
3.729280e-05,-0.160804
3.729520e-05,-0.160804
3.729760e-05,-0.160804
3.730000e-05,-0.080402
3.730240e-05,-0.080402
3.730480e-05,-0.160804
3.730720e-05,-0.160804
3.730960e-05,-0.160804
3.731200e-05,-0.160804
3.731440e-05,-0.080402
3.731680e-05,-0.080402
3.731920e-05,-0.080402
3.732160e-05,-0.160804
3.732400e-05,-0.160804
3.732640e-05,-0.080402
3.732880e-05,-0.080402
3.733120e-05,-0.080402
3.733360e-05,-0.080402
3.733600e-05,-0.080402
3.733840e-05,-0.080402
3.734080e-05,-0.080402
3.734320e-05,-0.160804
3.734560e-05,-0.080402
3.734800e-05,-0.160804
3.735040e-05,-0.160804
3.735280e-05,-0.160804
3.735520e-05,-0.080402
3.735760e-05,-0.080402
3.736000e-05,-0.160804
3.736240e-05,-0.160804
3.736480e-05,-0.160804
3.736720e-05,-0.160804
3.736960e-05,-0.080402
3.737200e-05,-0.080402
3.737440e-05,-0.160804
3.737680e-05,-0.080402
3.737920e-05,-0.080402
3.738160e-05,-0.080402
3.738400e-05,-0.160804
3.738640e-05,-0.080402
3.738880e-05,-0.080402
3.739120e-05,-0.160804
3.739360e-05,-0.160804
3.739600e-05,-0.160804
3.739840e-05,-0.160804
3.740080e-05,-0.080402
3.740320e-05,-0.080402
3.740560e-05,-0.080402
3.740800e-05,-0.160804
3.741040e-05,-0.080402
3.741280e-05,-0.160804
3.741520e-05,-0.160804
3.741760e-05,-0.160804
3.742000e-05,-0.160804
3.742240e-05,-0.080402
3.742480e-05,-0.080402
3.742720e-05,-0.080402
3.742960e-05,-0.080402
3.743200e-05,-0.160804
3.743440e-05,-0.080402
3.743680e-05,-0.160804
3.743920e-05,-0.160804
3.744160e-05,-0.160804
3.744400e-05,-0.080402
3.744640e-05,-0.160804
3.744880e-05,-0.160804
3.745120e-05,-0.160804
3.745360e-05,-0.080402
3.745600e-05,-0.080402
3.745840e-05,-0.160804
3.746080e-05,-0.160804
3.746320e-05,-0.160804
3.746560e-05,-0.160804
3.746800e-05,-0.160804
3.747040e-05,-0.160804
3.747280e-05,-0.160804
3.747520e-05,-0.160804
3.747760e-05,-0.160804
3.748000e-05,-0.160804
3.748240e-05,-0.160804
3.748480e-05,-0.160804
3.748720e-05,-0.160804
3.748960e-05,-0.160804
3.749200e-05,-0.080402
3.749440e-05,-0.080402
3.749680e-05,-0.160804
3.749920e-05,-0.160804
3.750160e-05,-0.160804
3.750400e-05,-0.160804
3.750640e-05,-0.160804
3.750880e-05,-0.080402
3.751120e-05,-0.080402
3.751360e-05,-0.080402
3.751600e-05,-0.160804
3.751840e-05,-0.160804
3.752080e-05,-0.160804
3.752320e-05,-0.160804
3.752560e-05,-0.160804
3.752800e-05,-0.160804
3.753040e-05,-0.160804
3.753280e-05,-0.160804
3.753520e-05,-0.160804
3.753760e-05,-0.160804
3.754000e-05,-0.160804
3.754240e-05,-0.160804
3.754480e-05,-0.160804
3.754720e-05,-0.160804
3.754960e-05,-0.160804
3.755200e-05,-0.160804
3.755440e-05,-0.080402
3.755680e-05,-0.160804
3.755920e-05,-0.160804
3.756160e-05,-0.160804
3.756400e-05,-0.080402
3.756640e-05,-0.160804
3.756880e-05,-0.160804
3.757120e-05,-0.080402
3.757360e-05,-0.080402
3.757600e-05,-0.080402
3.757840e-05,-0.080402
3.758080e-05,-0.160804
3.758320e-05,-0.160804
3.758560e-05,-0.080402
3.758800e-05,-0.080402
3.759040e-05,-0.080402
3.759280e-05,-0.080402
3.759520e-05,-0.160804
3.759760e-05,-0.080402
3.760000e-05,-0.080402
3.760240e-05,-0.160804
3.760480e-05,-0.160804
3.760720e-05,-0.080402
3.760960e-05,-0.080402
3.761200e-05,-0.160804
3.761440e-05,-0.160804
3.761680e-05,-0.160804
3.761920e-05,-0.160804
3.762160e-05,-0.160804
3.762400e-05,-0.160804
3.762640e-05,-0.080402
3.762880e-05,-0.080402
3.763120e-05,-0.080402
3.763360e-05,-0.080402
3.763600e-05,-0.080402
3.763840e-05,-0.080402
3.764080e-05,-0.080402
3.764320e-05,-0.080402
3.764560e-05,-0.080402
3.764800e-05,-0.160804
3.765040e-05,-0.080402
3.765280e-05,-0.080402
3.765520e-05,-0.080402
3.765760e-05,-0.080402
3.766000e-05,-0.080402
3.766240e-05,-0.160804
3.766480e-05,-0.160804
3.766720e-05,-0.160804
3.766960e-05,-0.080402
3.767200e-05,-0.080402
3.767440e-05,-0.160804
3.767680e-05,-0.080402
3.767920e-05,-0.080402
3.768160e-05,-0.080402
3.768400e-05,-0.080402
3.768640e-05,-0.080402
3.768880e-05,-0.080402
3.769120e-05,-0.080402
3.769360e-05,-0.080402
3.769600e-05,-0.080402
3.769840e-05,-0.080402
3.770080e-05,-0.080402
3.770320e-05,-0.080402
3.770560e-05,-0.080402
3.770800e-05,-0.080402
3.771040e-05,-0.080402
3.771280e-05,-0.080402
3.771520e-05,-0.080402
3.771760e-05,-0.080402
3.772000e-05,-0.160804
3.772240e-05,-0.160804
3.772480e-05,-0.080402
3.772720e-05,-0.080402
3.772960e-05,-0.080402
3.773200e-05,-0.080402
3.773440e-05,-0.080402
3.773680e-05,-0.080402
3.773920e-05,-0.080402
3.774160e-05,-0.080402
3.774400e-05,-0.080402
3.774640e-05,-0.080402
3.774880e-05,-0.080402
3.775120e-05,-0.080402
3.775360e-05,-0.080402
3.775600e-05,-0.080402
3.775840e-05,-0.080402
3.776080e-05,-0.080402
3.776320e-05,-0.080402
3.776560e-05,-0.080402
3.776800e-05,-0.080402
3.777040e-05,-0.080402
3.777280e-05,-0.080402
3.777520e-05,-0.080402
3.777760e-05,-0.080402
3.778000e-05,-0.080402
3.778240e-05,-0.080402
3.778480e-05,-0.080402
3.778720e-05,-0.080402
3.778960e-05,-0.080402
3.779200e-05,-0.080402
3.779440e-05,-0.160804
3.779680e-05,-0.160804
3.779920e-05,-0.160804
3.780160e-05,-0.160804
3.780400e-05,-0.160804
3.780640e-05,-0.080402
3.780880e-05,-0.080402
3.781120e-05,-0.080402
3.781360e-05,-0.160804
3.781600e-05,-0.160804
3.781840e-05,-0.080402
3.782080e-05,-0.080402
3.782320e-05,-0.080402
3.782560e-05,-0.080402
3.782800e-05,-0.080402
3.783040e-05,-0.080402
3.783280e-05,-0.080402
3.783520e-05,-0.080402
3.783760e-05,-0.080402
3.784000e-05,-0.080402
3.784240e-05,-0.080402
3.784480e-05,-0.080402
3.784720e-05,-0.080402
3.784960e-05,-0.080402
3.785200e-05,-0.080402
3.785440e-05,-0.080402
3.785680e-05,-0.080402
3.785920e-05,-0.080402
3.786160e-05,-0.080402
3.786400e-05,-0.080402
3.786640e-05,-0.080402
3.786880e-05,-0.080402
3.787120e-05,-0.080402
3.787360e-05,-0.080402
3.787600e-05,-0.080402
3.787840e-05,-0.080402
3.788080e-05,-0.080402
3.788320e-05,-0.080402
3.788560e-05,-0.080402
3.788800e-05,-0.080402
3.789040e-05,-0.080402
3.789280e-05,-0.080402
3.789520e-05,-0.080402
3.789760e-05,-0.080402
3.790000e-05,-0.080402
3.790240e-05,-0.080402
3.790480e-05,-0.080402
3.790720e-05,-0.080402
3.790960e-05,-0.080402
3.791200e-05,-0.080402
3.791440e-05,-0.080402
3.791680e-05,-0.080402
3.791920e-05,-0.080402
3.792160e-05,-0.080402
3.792400e-05,-0.080402
3.792640e-05,-0.080402
3.792880e-05,-0.080402
3.793120e-05,-0.080402
3.793360e-05,-0.080402
3.793600e-05,-0.080402
3.793840e-05,-0.080402
3.794080e-05,-0.080402
3.794320e-05,-0.080402
3.794560e-05,-0.080402
3.794800e-05,-0.080402
3.795040e-05,-0.080402
3.795280e-05,-0.080402
3.795520e-05,-0.080402
3.795760e-05,-0.080402
3.796000e-05,-0.080402
3.796240e-05,-0.080402
3.796480e-05,-0.080402
3.796720e-05,-0.080402
3.796960e-05,-0.080402
3.797200e-05,-0.080402
3.797440e-05,-0.080402
3.797680e-05,-0.080402
3.797920e-05,-0.080402
3.798160e-05,-0.080402
3.798400e-05,-0.080402
3.798640e-05,-0.080402
3.798880e-05,-0.080402
3.799120e-05,-0.080402
3.799360e-05,-0.080402
3.799600e-05,-0.080402
3.799840e-05,-0.080402
3.800080e-05,-0.080402
3.800320e-05,-0.080402
3.800560e-05,-0.080402
3.800800e-05,-0.080402
3.801040e-05,-0.080402
3.801280e-05,-0.080402
3.801520e-05,-0.080402
3.801760e-05,-0.080402
3.802000e-05,-0.080402
3.802240e-05,-0.080402
3.802480e-05,-0.080402
3.802720e-05,-0.080402
3.802960e-05,-0.080402
3.803200e-05,-0.080402
3.803440e-05,-0.080402
3.803680e-05,-0.080402
3.803920e-05,-0.080402
3.804160e-05,-0.080402
3.804400e-05,-0.080402
3.804640e-05,-0.080402
3.804880e-05,-0.080402
3.805120e-05,-0.080402
3.805360e-05,-0.080402
3.805600e-05,-0.080402
3.805840e-05,-0.080402
3.806080e-05,-0.080402
3.806320e-05,-0.080402
3.806560e-05,-0.080402
3.806800e-05,-0.080402
3.807040e-05,-0.080402
3.807280e-05,-0.080402
3.807520e-05,-0.080402
3.807760e-05,-0.080402
3.808000e-05,-0.080402
3.808240e-05,-0.080402
3.808480e-05,-0.080402
3.808720e-05,-0.080402
3.808960e-05,-0.080402
3.809200e-05,-0.080402
3.809440e-05,-0.080402
3.809680e-05,-0.080402
3.809920e-05,-0.080402
3.810160e-05,-0.080402
3.810400e-05,-0.080402
3.810640e-05,-0.080402
3.810880e-05,-0.080402
3.811120e-05,-0.080402
3.811360e-05,-0.080402
3.811600e-05,-0.080402
3.811840e-05,-0.080402
3.812080e-05,-0.080402
3.812320e-05,-0.080402
3.812560e-05,-0.080402
3.812800e-05,-0.080402
3.813040e-05,-0.080402
3.813280e-05,-0.080402
3.813520e-05,-0.080402
3.813760e-05,-0.080402
3.814000e-05,-0.080402
3.814240e-05,-0.080402
3.814480e-05,-0.080402
3.814720e-05,-0.080402
3.814960e-05,-0.080402
3.815200e-05,-0.080402
3.815440e-05,-0.080402
3.815680e-05,-0.080402
3.815920e-05,-0.080402
3.816160e-05,-0.080402
3.816400e-05,-0.080402
3.816640e-05,-0.080402
3.816880e-05,-0.080402
3.817120e-05,-0.080402
3.817360e-05,-0.080402
3.817600e-05,-0.080402
3.817840e-05,-0.080402
3.818080e-05,-0.160804
3.818320e-05,-0.080402
3.818560e-05,-0.080402
3.818800e-05,-0.160804
3.819040e-05,-0.080402
3.819280e-05,-0.080402
3.819520e-05,-0.080402
3.819760e-05,-0.080402
3.820000e-05,-0.080402
3.820240e-05,-0.160804
3.820480e-05,-0.080402
3.820720e-05,-0.080402
3.820960e-05,-0.080402
3.821200e-05,-0.080402
3.821440e-05,-0.080402
3.821680e-05,-0.080402
3.821920e-05,-0.080402
3.822160e-05,-0.080402
3.822400e-05,-0.080402
3.822640e-05,-0.080402
3.822880e-05,-0.080402
3.823120e-05,-0.080402
3.823360e-05,-0.080402
3.823600e-05,-0.080402
3.823840e-05,-0.080402
3.824080e-05,-0.160804
3.824320e-05,-0.080402
3.824560e-05,-0.080402
3.824800e-05,-0.080402
3.825040e-05,-0.080402
3.825280e-05,-0.080402
3.825520e-05,-0.080402
3.825760e-05,-0.080402
3.826000e-05,-0.080402
3.826240e-05,-0.080402
3.826480e-05,-0.160804
3.826720e-05,-0.160804
3.826960e-05,-0.160804
3.827200e-05,-0.160804
3.827440e-05,-0.080402
3.827680e-05,-0.080402
3.827920e-05,-0.080402
3.828160e-05,-0.080402
3.828400e-05,-0.080402
3.828640e-05,-0.080402
3.828880e-05,-0.080402
3.829120e-05,-0.080402
3.829360e-05,-0.080402
3.829600e-05,-0.080402
3.829840e-05,-0.080402
3.830080e-05,-0.080402
3.830320e-05,-0.080402
3.830560e-05,-0.080402
3.830800e-05,-0.080402
3.831040e-05,-0.080402
3.831280e-05,-0.160804
3.831520e-05,-0.160804
3.831760e-05,-0.160804
3.832000e-05,-0.160804
3.832240e-05,-0.080402
3.832480e-05,-0.080402
3.832720e-05,-0.080402
3.832960e-05,-0.080402
3.833200e-05,-0.080402
3.833440e-05,-0.160804
3.833680e-05,-0.080402
3.833920e-05,-0.160804
3.834160e-05,-0.080402
3.834400e-05,-0.080402
3.834640e-05,-0.080402
3.834880e-05,-0.080402
3.835120e-05,-0.080402
3.835360e-05,-0.080402
3.835600e-05,-0.080402
3.835840e-05,-0.080402
3.836080e-05,-0.080402
3.836320e-05,-0.080402
3.836560e-05,-0.080402
3.836800e-05,-0.080402
3.837040e-05,-0.080402
3.837280e-05,-0.160804
3.837520e-05,-0.160804
3.837760e-05,-0.160804
3.838000e-05,-0.160804
3.838240e-05,-0.160804
3.838480e-05,-0.080402
3.838720e-05,-0.080402
3.838960e-05,-0.160804
3.839200e-05,-0.160804
3.839440e-05,-0.160804
3.839680e-05,-0.160804
3.839920e-05,-0.160804
3.840160e-05,-0.160804
3.840400e-05,-0.160804
3.840640e-05,-0.160804
3.840880e-05,-0.080402
3.841120e-05,-0.160804
3.841360e-05,-0.080402
3.841600e-05,-0.160804
3.841840e-05,-0.080402
3.842080e-05,-0.080402
3.842320e-05,-0.080402
3.842560e-05,-0.080402
3.842800e-05,-0.080402
3.843040e-05,-0.080402
3.843280e-05,-0.080402
3.843520e-05,-0.080402
3.843760e-05,-0.080402
3.844000e-05,-0.080402
3.844240e-05,-0.080402
3.844480e-05,-0.080402
3.844720e-05,-0.080402
3.844960e-05,-0.080402
3.845200e-05,-0.080402
3.845440e-05,-0.080402
3.845680e-05,-0.080402
3.845920e-05,-0.080402
3.846160e-05,-0.080402
3.846400e-05,-0.080402
3.846640e-05,-0.080402
3.846880e-05,-0.080402
3.847120e-05,-0.080402
3.847360e-05,-0.080402
3.847600e-05,-0.080402
3.847840e-05,-0.080402
3.848080e-05,-0.080402
3.848320e-05,-0.080402
3.848560e-05,-0.080402
3.848800e-05,-0.080402
3.849040e-05,-0.080402
3.849280e-05,-0.160804
3.849520e-05,-0.080402
3.849760e-05,-0.080402
3.850000e-05,-0.160804
3.850240e-05,-0.080402
3.850480e-05,-0.080402
3.850720e-05,-0.080402
3.850960e-05,-0.080402
3.851200e-05,-0.080402
3.851440e-05,-0.080402
3.851680e-05,-0.080402
3.851920e-05,-0.080402
3.852160e-05,-0.080402
3.852400e-05,-0.080402
3.852640e-05,-0.080402
3.852880e-05,-0.080402
3.853120e-05,-0.080402
3.853360e-05,-0.080402
3.853600e-05,-0.080402
3.853840e-05,-0.080402
3.854080e-05,-0.080402
3.854320e-05,-0.160804
3.854560e-05,-0.160804
3.854800e-05,-0.160804
3.855040e-05,-0.080402
3.855280e-05,-0.080402
3.855520e-05,-0.080402
3.855760e-05,-0.080402
3.856000e-05,-0.080402
3.856240e-05,-0.080402
3.856480e-05,-0.080402
3.856720e-05,-0.080402
3.856960e-05,-0.080402
3.857200e-05,-0.080402
3.857440e-05,-0.080402
3.857680e-05,-0.160804
3.857920e-05,-0.160804
3.858160e-05,-0.080402
3.858400e-05,-0.080402
3.858640e-05,-0.080402
3.858880e-05,-0.080402
3.859120e-05,-0.080402
3.859360e-05,-0.080402
3.859600e-05,-0.160804
3.859840e-05,-0.080402
3.860080e-05,-0.080402
3.860320e-05,-0.160804
3.860560e-05,-0.080402
3.860800e-05,-0.080402
3.861040e-05,-0.080402
3.861280e-05,-0.080402
3.861520e-05,-0.080402
3.861760e-05,-0.080402
3.862000e-05,-0.160804
3.862240e-05,-0.080402
3.862480e-05,-0.080402
3.862720e-05,-0.080402
3.862960e-05,-0.080402
3.863200e-05,-0.080402
3.863440e-05,-0.080402
3.863680e-05,-0.080402
3.863920e-05,-0.080402
3.864160e-05,-0.080402
3.864400e-05,-0.080402
3.864640e-05,-0.080402
3.864880e-05,-0.080402
3.865120e-05,-0.080402
3.865360e-05,-0.080402
3.865600e-05,-0.080402
3.865840e-05,-0.080402
3.866080e-05,-0.080402
3.866320e-05,-0.080402
3.866560e-05,-0.080402
3.866800e-05,-0.080402
3.867040e-05,-0.080402
3.867280e-05,-0.080402
3.867520e-05,-0.080402
3.867760e-05,-0.080402
3.868000e-05,-0.080402
3.868240e-05,-0.080402
3.868480e-05,-0.160804
3.868720e-05,-0.080402
3.868960e-05,-0.080402
3.869200e-05,-0.080402
3.869440e-05,-0.080402
3.869680e-05,-0.080402
3.869920e-05,-0.080402
3.870160e-05,-0.080402
3.870400e-05,-0.080402
3.870640e-05,-0.080402
3.870880e-05,-0.080402
3.871120e-05,-0.080402
3.871360e-05,-0.080402
3.871600e-05,-0.080402
3.871840e-05,-0.080402
3.872080e-05,-0.080402
3.872320e-05,-0.080402
3.872560e-05,-0.080402
3.872800e-05,-0.080402
3.873040e-05,-0.080402
3.873280e-05,-0.080402
3.873520e-05,-0.080402
3.873760e-05,-0.080402
3.874000e-05,-0.080402
3.874240e-05,-0.080402
3.874480e-05,-0.080402
3.874720e-05,-0.080402
3.874960e-05,-0.080402
3.875200e-05,-0.080402
3.875440e-05,-0.080402
3.875680e-05,-0.080402
3.875920e-05,-0.080402
3.876160e-05,-0.080402
3.876400e-05,-0.080402
3.876640e-05,-0.080402
3.876880e-05,-0.080402
3.877120e-05,-0.080402
3.877360e-05,-0.080402
3.877600e-05,-0.080402
3.877840e-05,-0.080402
3.878080e-05,-0.080402
3.878320e-05,-0.080402
3.878560e-05,-0.080402
3.878800e-05,-0.080402
3.879040e-05,-0.080402
3.879280e-05,-0.080402
3.879520e-05,-0.080402
3.879760e-05,-0.080402
3.880000e-05,-0.080402
3.880240e-05,-0.080402
3.880480e-05,0.000000
3.880720e-05,-0.080402
3.880960e-05,-0.080402
3.881200e-05,-0.080402
3.881440e-05,-0.080402
3.881680e-05,-0.080402
3.881920e-05,-0.080402
3.882160e-05,-0.080402
3.882400e-05,-0.080402
3.882640e-05,-0.080402
3.882880e-05,-0.080402
3.883120e-05,-0.080402
3.883360e-05,-0.080402
3.883600e-05,-0.080402
3.883840e-05,-0.080402
3.884080e-05,-0.080402
3.884320e-05,-0.080402
3.884560e-05,-0.080402
3.884800e-05,-0.080402
3.885040e-05,-0.080402
3.885280e-05,-0.080402
3.885520e-05,-0.080402
3.885760e-05,-0.080402
3.886000e-05,-0.080402
3.886240e-05,-0.080402
3.886480e-05,-0.080402
3.886720e-05,-0.080402
3.886960e-05,-0.080402
3.887200e-05,-0.080402
3.887440e-05,-0.080402
3.887680e-05,-0.080402
3.887920e-05,-0.080402
3.888160e-05,-0.080402
3.888400e-05,-0.080402
3.888640e-05,-0.080402
3.888880e-05,-0.080402
3.889120e-05,-0.080402
3.889360e-05,-0.080402
3.889600e-05,-0.080402
3.889840e-05,-0.080402
3.890080e-05,-0.080402
3.890320e-05,-0.080402
3.890560e-05,-0.080402
3.890800e-05,-0.080402
3.891040e-05,-0.080402
3.891280e-05,-0.080402
3.891520e-05,-0.080402
3.891760e-05,-0.080402
3.892000e-05,-0.080402
3.892240e-05,-0.080402
3.892480e-05,-0.080402
3.892720e-05,-0.080402
3.892960e-05,-0.080402
3.893200e-05,-0.080402
3.893440e-05,-0.080402
3.893680e-05,-0.080402
3.893920e-05,-0.080402
3.894160e-05,-0.080402
3.894400e-05,-0.080402
3.894640e-05,-0.080402
3.894880e-05,-0.080402
3.895120e-05,-0.080402
3.895360e-05,-0.080402
3.895600e-05,-0.080402
3.895840e-05,-0.080402
3.896080e-05,-0.080402
3.896320e-05,-0.080402
3.896560e-05,-0.080402
3.896800e-05,-0.080402
3.897040e-05,-0.080402
3.897280e-05,-0.080402
3.897520e-05,-0.080402
3.897760e-05,-0.080402
3.898000e-05,-0.080402
3.898240e-05,-0.080402
3.898480e-05,-0.080402
3.898720e-05,-0.080402
3.898960e-05,-0.080402
3.899200e-05,-0.080402
3.899440e-05,-0.080402
3.899680e-05,-0.080402
3.899920e-05,-0.080402
3.900160e-05,-0.080402
3.900400e-05,-0.080402
3.900640e-05,-0.080402
3.900880e-05,-0.080402
3.901120e-05,-0.080402
3.901360e-05,-0.080402
3.901600e-05,-0.080402
3.901840e-05,-0.080402
3.902080e-05,-0.080402
3.902320e-05,-0.080402
3.902560e-05,-0.080402
3.902800e-05,-0.080402
3.903040e-05,-0.080402
3.903280e-05,-0.080402
3.903520e-05,-0.080402
3.903760e-05,-0.080402
3.904000e-05,-0.080402
3.904240e-05,-0.080402
3.904480e-05,-0.160804
3.904720e-05,-0.080402
3.904960e-05,-0.080402
3.905200e-05,-0.080402
3.905440e-05,-0.080402
3.905680e-05,-0.080402
3.905920e-05,-0.080402
3.906160e-05,-0.080402
3.906400e-05,-0.080402
3.906640e-05,-0.080402
3.906880e-05,-0.080402
3.907120e-05,-0.080402
3.907360e-05,-0.080402
3.907600e-05,-0.080402
3.907840e-05,-0.080402
3.908080e-05,-0.080402
3.908320e-05,-0.080402
3.908560e-05,-0.080402
3.908800e-05,-0.080402
3.909040e-05,-0.080402
3.909280e-05,-0.080402
3.909520e-05,-0.160804
3.909760e-05,-0.080402
3.910000e-05,-0.080402
3.910240e-05,-0.080402
3.910480e-05,-0.080402
3.910720e-05,-0.080402
3.910960e-05,-0.080402
3.911200e-05,-0.080402
3.911440e-05,-0.080402
3.911680e-05,-0.080402
3.911920e-05,-0.080402
3.912160e-05,-0.080402
3.912400e-05,-0.080402
3.912640e-05,-0.080402
3.912880e-05,-0.080402
3.913120e-05,-0.080402
3.913360e-05,-0.080402
3.913600e-05,-0.080402
3.913840e-05,-0.080402
3.914080e-05,-0.080402
3.914320e-05,-0.080402
3.914560e-05,-0.080402
3.914800e-05,-0.080402
3.915040e-05,-0.080402
3.915280e-05,-0.080402
3.915520e-05,-0.080402
3.915760e-05,-0.080402
3.916000e-05,-0.160804
3.916240e-05,-0.080402
3.916480e-05,-0.080402
3.916720e-05,-0.080402
3.916960e-05,-0.080402
3.917200e-05,-0.080402
3.917440e-05,-0.080402
3.917680e-05,-0.080402
3.917920e-05,-0.160804
3.918160e-05,-0.160804
3.918400e-05,-0.160804
3.918640e-05,-0.080402
3.918880e-05,-0.080402
3.919120e-05,-0.160804
3.919360e-05,-0.080402
3.919600e-05,-0.160804
3.919840e-05,-0.080402
3.920080e-05,-0.080402
3.920320e-05,-0.080402
3.920560e-05,-0.080402
3.920800e-05,-0.080402
3.921040e-05,-0.080402
3.921280e-05,-0.160804
3.921520e-05,-0.080402
3.921760e-05,-0.080402
3.922000e-05,-0.160804
3.922240e-05,-0.080402
3.922480e-05,-0.080402
3.922720e-05,-0.080402
3.922960e-05,-0.160804
3.923200e-05,-0.080402
3.923440e-05,-0.080402
3.923680e-05,-0.080402
3.923920e-05,-0.080402
3.924160e-05,-0.160804
3.924400e-05,-0.160804
3.924640e-05,-0.160804
3.924880e-05,-0.080402
3.925120e-05,-0.080402
3.925360e-05,-0.080402
3.925600e-05,-0.080402
3.925840e-05,-0.080402
3.926080e-05,-0.080402
3.926320e-05,-0.080402
3.926560e-05,-0.080402
3.926800e-05,-0.080402
3.927040e-05,-0.080402
3.927280e-05,-0.080402
3.927520e-05,-0.080402
3.927760e-05,-0.080402
3.928000e-05,-0.080402
3.928240e-05,-0.080402
3.928480e-05,-0.080402
3.928720e-05,-0.080402
3.928960e-05,-0.080402
3.929200e-05,-0.080402
3.929440e-05,-0.160804
3.929680e-05,-0.160804
3.929920e-05,-0.160804
3.930160e-05,-0.160804
3.930400e-05,-0.160804
3.930640e-05,-0.080402
3.930880e-05,-0.080402
3.931120e-05,-0.160804
3.931360e-05,-0.080402
3.931600e-05,-0.080402
3.931840e-05,-0.080402
3.932080e-05,-0.160804
3.932320e-05,-0.080402
3.932560e-05,-0.160804
3.932800e-05,-0.160804
3.933040e-05,-0.160804
3.933280e-05,-0.160804
3.933520e-05,-0.160804
3.933760e-05,-0.080402
3.934000e-05,-0.160804
3.934240e-05,-0.160804
3.934480e-05,-0.080402
3.934720e-05,-0.080402
3.934960e-05,-0.080402
3.935200e-05,-0.080402
3.935440e-05,-0.080402
3.935680e-05,-0.160804
3.935920e-05,-0.160804
3.936160e-05,-0.080402
3.936400e-05,-0.080402
3.936640e-05,-0.080402
3.936880e-05,-0.160804
3.937120e-05,-0.160804
3.937360e-05,-0.160804
3.937600e-05,-0.080402
3.937840e-05,-0.160804
3.938080e-05,-0.160804
3.938320e-05,-0.160804
3.938560e-05,-0.160804
3.938800e-05,-0.160804
3.939040e-05,-0.080402
3.939280e-05,-0.080402
3.939520e-05,-0.160804
3.939760e-05,-0.080402
3.940000e-05,-0.080402
3.940240e-05,-0.080402
3.940480e-05,-0.160804
3.940720e-05,-0.160804
3.940960e-05,-0.080402
3.941200e-05,-0.080402
3.941440e-05,-0.080402
3.941680e-05,-0.080402
3.941920e-05,-0.080402
3.942160e-05,-0.160804
3.942400e-05,-0.080402
3.942640e-05,-0.160804
3.942880e-05,-0.160804
3.943120e-05,-0.160804
3.943360e-05,-0.160804
3.943600e-05,-0.080402
3.943840e-05,-0.160804
3.944080e-05,-0.160804
3.944320e-05,-0.160804
3.944560e-05,-0.080402
3.944800e-05,-0.080402
3.945040e-05,-0.160804
3.945280e-05,-0.160804
3.945520e-05,-0.080402
3.945760e-05,-0.160804
3.946000e-05,-0.160804
3.946240e-05,-0.080402
3.946480e-05,-0.160804
3.946720e-05,-0.080402
3.946960e-05,-0.160804
3.947200e-05,-0.080402
3.947440e-05,-0.080402
3.947680e-05,-0.080402
3.947920e-05,-0.080402
3.948160e-05,-0.080402
3.948400e-05,-0.080402
3.948640e-05,-0.080402
3.948880e-05,-0.080402
3.949120e-05,-0.080402
3.949360e-05,-0.080402
3.949600e-05,-0.080402
3.949840e-05,-0.080402
3.950080e-05,-0.080402
3.950320e-05,-0.080402
3.950560e-05,-0.080402
3.950800e-05,-0.080402
3.951040e-05,-0.160804
3.951280e-05,-0.080402
3.951520e-05,-0.080402
3.951760e-05,-0.080402
3.952000e-05,-0.080402
3.952240e-05,-0.160804
3.952480e-05,-0.160804
3.952720e-05,-0.160804
3.952960e-05,-0.080402
3.953200e-05,-0.080402
3.953440e-05,-0.080402
3.953680e-05,-0.080402
3.953920e-05,-0.080402
3.954160e-05,-0.080402
3.954400e-05,-0.080402
3.954640e-05,-0.080402
3.954880e-05,-0.080402
3.955120e-05,-0.080402
3.955360e-05,-0.080402
3.955600e-05,-0.080402
3.955840e-05,-0.080402
3.956080e-05,-0.080402
3.956320e-05,-0.080402
3.956560e-05,-0.080402
3.956800e-05,-0.080402
3.957040e-05,-0.080402
3.957280e-05,-0.080402
3.957520e-05,-0.160804
3.957760e-05,-0.080402
3.958000e-05,-0.080402
3.958240e-05,-0.080402
3.958480e-05,-0.080402
3.958720e-05,-0.080402
3.958960e-05,-0.080402
3.959200e-05,-0.080402
3.959440e-05,-0.080402
3.959680e-05,-0.080402
3.959920e-05,-0.080402
3.960160e-05,-0.080402
3.960400e-05,-0.080402
3.960640e-05,-0.080402
3.960880e-05,-0.080402
3.961120e-05,-0.080402
3.961360e-05,-0.080402
3.961600e-05,-0.080402
3.961840e-05,-0.080402
3.962080e-05,-0.080402
3.962320e-05,-0.080402
3.962560e-05,-0.080402
3.962800e-05,-0.080402
3.963040e-05,-0.080402
3.963280e-05,-0.080402
3.963520e-05,-0.080402
3.963760e-05,-0.080402
3.964000e-05,-0.160804
3.964240e-05,-0.080402
3.964480e-05,-0.080402
3.964720e-05,-0.080402
3.964960e-05,-0.080402
3.965200e-05,-0.080402
3.965440e-05,-0.080402
3.965680e-05,-0.080402
3.965920e-05,-0.080402
3.966160e-05,-0.080402
3.966400e-05,-0.080402
3.966640e-05,-0.080402
3.966880e-05,-0.080402
3.967120e-05,-0.080402
3.967360e-05,-0.080402
3.967600e-05,-0.080402
3.967840e-05,-0.080402
3.968080e-05,-0.080402
3.968320e-05,-0.080402
3.968560e-05,-0.080402
3.968800e-05,-0.080402
3.969040e-05,-0.080402
3.969280e-05,-0.080402
3.969520e-05,-0.080402
3.969760e-05,-0.080402
3.970000e-05,-0.080402
3.970240e-05,-0.080402
3.970480e-05,-0.080402
3.970720e-05,-0.080402
3.970960e-05,-0.080402
3.971200e-05,-0.080402
3.971440e-05,-0.080402
3.971680e-05,-0.080402
3.971920e-05,-0.080402
3.972160e-05,-0.080402
3.972400e-05,-0.080402
3.972640e-05,-0.080402
3.972880e-05,-0.080402
3.973120e-05,-0.080402
3.973360e-05,-0.080402
3.973600e-05,-0.080402
3.973840e-05,-0.080402
3.974080e-05,-0.080402
3.974320e-05,-0.080402
3.974560e-05,-0.080402
3.974800e-05,-0.080402
3.975040e-05,-0.080402
3.975280e-05,-0.080402
3.975520e-05,-0.080402
3.975760e-05,-0.080402
3.976000e-05,-0.080402
3.976240e-05,-0.080402
3.976480e-05,-0.080402
3.976720e-05,-0.080402
3.976960e-05,-0.080402
3.977200e-05,-0.080402
3.977440e-05,-0.080402
3.977680e-05,-0.080402
3.977920e-05,-0.080402
3.978160e-05,-0.080402
3.978400e-05,-0.080402
3.978640e-05,-0.080402
3.978880e-05,-0.080402
3.979120e-05,-0.080402
3.979360e-05,-0.080402
3.979600e-05,-0.080402
3.979840e-05,-0.080402
3.980080e-05,-0.080402
3.980320e-05,-0.080402
3.980560e-05,-0.080402
3.980800e-05,-0.080402
3.981040e-05,-0.080402
3.981280e-05,-0.080402
3.981520e-05,-0.080402
3.981760e-05,-0.080402
3.982000e-05,-0.080402
3.982240e-05,-0.080402
3.982480e-05,-0.080402
3.982720e-05,-0.080402
3.982960e-05,-0.080402
3.983200e-05,-0.080402
3.983440e-05,-0.080402
3.983680e-05,-0.080402
3.983920e-05,-0.080402
3.984160e-05,-0.080402
3.984400e-05,-0.080402
3.984640e-05,-0.080402
3.984880e-05,-0.080402
3.985120e-05,-0.080402
3.985360e-05,-0.080402
3.985600e-05,-0.080402
3.985840e-05,-0.080402
3.986080e-05,-0.080402
3.986320e-05,-0.080402
3.986560e-05,-0.080402
3.986800e-05,-0.160804
3.987040e-05,-0.080402
3.987280e-05,-0.080402
3.987520e-05,-0.080402
3.987760e-05,-0.080402
3.988000e-05,-0.080402
3.988240e-05,-0.080402
3.988480e-05,-0.080402
3.988720e-05,-0.080402
3.988960e-05,-0.080402
3.989200e-05,-0.080402
3.989440e-05,-0.080402
3.989680e-05,-0.080402
3.989920e-05,-0.080402
3.990160e-05,-0.080402
3.990400e-05,-0.080402
3.990640e-05,-0.080402
3.990880e-05,-0.080402
3.991120e-05,-0.080402
3.991360e-05,-0.080402
3.991600e-05,-0.080402
3.991840e-05,-0.080402
3.992080e-05,-0.080402
3.992320e-05,-0.080402
3.992560e-05,-0.080402
3.992800e-05,-0.080402
3.993040e-05,-0.080402
3.993280e-05,-0.080402
3.993520e-05,-0.080402
3.993760e-05,-0.080402
3.994000e-05,-0.080402
3.994240e-05,-0.080402
3.994480e-05,-0.080402
3.994720e-05,-0.080402
3.994960e-05,-0.080402
3.995200e-05,-0.080402
3.995440e-05,-0.080402
3.995680e-05,-0.080402
3.995920e-05,-0.080402
3.996160e-05,-0.080402
3.996400e-05,-0.080402
3.996640e-05,-0.080402
3.996880e-05,-0.080402
3.997120e-05,-0.080402
3.997360e-05,-0.080402
3.997600e-05,-0.080402
3.997840e-05,-0.080402
3.998080e-05,-0.080402
3.998320e-05,-0.080402
3.998560e-05,-0.080402
3.998800e-05,-0.160804
3.999040e-05,-0.080402
3.999280e-05,-0.080402
3.999520e-05,-0.080402
3.999760e-05,-0.080402
4.000000e-05,-0.080402
4.000240e-05,-0.080402
4.000480e-05,-0.080402
4.000720e-05,-0.080402
4.000960e-05,-0.080402
4.001200e-05,-0.080402
4.001440e-05,-0.080402
4.001680e-05,-0.160804
4.001920e-05,-0.080402
4.002160e-05,-0.080402
4.002400e-05,-0.080402
4.002640e-05,-0.080402
4.002880e-05,-0.080402
4.003120e-05,-0.080402
4.003360e-05,-0.080402
4.003600e-05,-0.080402
4.003840e-05,-0.080402
4.004080e-05,-0.080402
4.004320e-05,-0.080402
4.004560e-05,-0.080402
4.004800e-05,-0.080402
4.005040e-05,-0.080402
4.005280e-05,-0.080402
4.005520e-05,-0.080402
4.005760e-05,-0.080402
4.006000e-05,-0.080402
4.006240e-05,-0.160804
4.006480e-05,-0.160804
4.006720e-05,-0.160804
4.006960e-05,-0.160804
4.007200e-05,-0.080402
4.007440e-05,-0.080402
4.007680e-05,-0.080402
4.007920e-05,-0.080402
4.008160e-05,-0.080402
4.008400e-05,-0.080402
4.008640e-05,-0.160804
4.008880e-05,-0.080402
4.009120e-05,-0.080402
4.009360e-05,-0.080402
4.009600e-05,-0.080402
4.009840e-05,-0.080402
4.010080e-05,-0.160804
4.010320e-05,-0.080402
4.010560e-05,-0.080402
4.010800e-05,-0.080402
4.011040e-05,-0.080402
4.011280e-05,-0.160804
4.011520e-05,-0.160804
4.011760e-05,-0.080402
4.012000e-05,-0.080402
4.012240e-05,-0.080402
4.012480e-05,-0.080402
4.012720e-05,-0.080402
4.012960e-05,-0.080402
4.013200e-05,-0.080402
4.013440e-05,-0.160804
4.013680e-05,-0.160804
4.013920e-05,-0.160804
4.014160e-05,-0.080402
4.014400e-05,-0.080402
4.014640e-05,-0.080402
4.014880e-05,-0.080402
4.015120e-05,-0.080402
4.015360e-05,-0.080402
4.015600e-05,-0.080402
4.015840e-05,-0.080402
4.016080e-05,-0.080402
4.016320e-05,-0.160804
4.016560e-05,-0.080402
4.016800e-05,-0.080402
4.017040e-05,-0.080402
4.017280e-05,-0.080402
4.017520e-05,-0.080402
4.017760e-05,-0.080402
4.018000e-05,-0.080402
4.018240e-05,-0.160804
4.018480e-05,-0.160804
4.018720e-05,-0.160804
4.018960e-05,-0.160804
4.019200e-05,-0.160804
4.019440e-05,-0.080402
4.019680e-05,-0.080402
4.019920e-05,-0.160804
4.020160e-05,-0.160804
4.020400e-05,-0.080402
4.020640e-05,-0.080402
4.020880e-05,-0.080402
4.021120e-05,-0.080402
4.021360e-05,-0.080402
4.021600e-05,-0.080402
4.021840e-05,-0.080402
4.022080e-05,-0.080402
4.022320e-05,-0.080402
4.022560e-05,-0.080402
4.022800e-05,-0.160804
4.023040e-05,-0.080402
4.023280e-05,-0.080402
4.023520e-05,-0.080402
4.023760e-05,-0.080402
4.024000e-05,-0.080402
4.024240e-05,-0.080402
4.024480e-05,-0.080402
4.024720e-05,-0.080402
4.024960e-05,-0.080402
4.025200e-05,-0.080402
4.025440e-05,-0.080402
4.025680e-05,-0.080402
4.025920e-05,-0.080402
4.026160e-05,-0.080402
4.026400e-05,-0.080402
4.026640e-05,-0.080402
4.026880e-05,-0.080402
4.027120e-05,-0.080402
4.027360e-05,-0.080402
4.027600e-05,-0.080402
4.027840e-05,-0.080402
4.028080e-05,-0.080402
4.028320e-05,-0.080402
4.028560e-05,-0.160804
4.028800e-05,-0.080402
4.029040e-05,-0.080402
4.029280e-05,-0.080402
4.029520e-05,-0.080402
4.029760e-05,-0.080402
4.030000e-05,-0.080402
4.030240e-05,-0.080402
4.030480e-05,-0.080402
4.030720e-05,-0.080402
4.030960e-05,-0.160804
4.031200e-05,-0.080402
4.031440e-05,-0.080402
4.031680e-05,-0.080402
4.031920e-05,-0.080402
4.032160e-05,-0.080402
4.032400e-05,-0.080402
4.032640e-05,-0.080402
4.032880e-05,-0.080402
4.033120e-05,-0.080402
4.033360e-05,-0.080402
4.033600e-05,-0.080402
4.033840e-05,-0.080402
4.034080e-05,-0.080402
4.034320e-05,-0.080402
4.034560e-05,-0.080402
4.034800e-05,-0.080402
4.035040e-05,-0.080402
4.035280e-05,-0.080402
4.035520e-05,-0.080402
4.035760e-05,-0.080402
4.036000e-05,-0.080402
4.036240e-05,-0.160804
4.036480e-05,-0.080402
4.036720e-05,-0.080402
4.036960e-05,-0.080402
4.037200e-05,-0.080402
4.037440e-05,-0.080402
4.037680e-05,-0.080402
4.037920e-05,-0.080402
4.038160e-05,-0.080402
4.038400e-05,-0.160804
4.038640e-05,-0.160804
4.038880e-05,-0.080402
4.039120e-05,-0.080402
4.039360e-05,-0.080402
4.039600e-05,-0.080402
4.039840e-05,-0.080402
4.040080e-05,-0.080402
4.040320e-05,-0.080402
4.040560e-05,-0.080402
4.040800e-05,-0.080402
4.041040e-05,-0.080402
4.041280e-05,-0.080402
4.041520e-05,-0.080402
4.041760e-05,-0.080402
4.042000e-05,-0.080402
4.042240e-05,-0.080402
4.042480e-05,-0.160804
4.042720e-05,-0.160804
4.042960e-05,-0.080402
4.043200e-05,-0.080402
4.043440e-05,-0.080402
4.043680e-05,-0.080402
4.043920e-05,-0.080402
4.044160e-05,-0.080402
4.044400e-05,-0.080402
4.044640e-05,-0.080402
4.044880e-05,-0.080402
4.045120e-05,-0.160804
4.045360e-05,-0.080402
4.045600e-05,-0.080402
4.045840e-05,-0.080402
4.046080e-05,-0.080402
4.046320e-05,-0.080402
4.046560e-05,-0.080402
4.046800e-05,-0.080402
4.047040e-05,-0.080402
4.047280e-05,-0.080402
4.047520e-05,-0.080402
4.047760e-05,-0.080402
4.048000e-05,-0.080402
4.048240e-05,-0.080402
4.048480e-05,-0.080402
4.048720e-05,-0.080402
4.048960e-05,-0.080402
4.049200e-05,-0.080402
4.049440e-05,-0.080402
4.049680e-05,-0.080402
4.049920e-05,-0.080402
4.050160e-05,-0.080402
4.050400e-05,-0.080402
4.050640e-05,-0.080402
4.050880e-05,-0.080402
4.051120e-05,-0.080402
4.051360e-05,-0.080402
4.051600e-05,-0.080402
4.051840e-05,-0.080402
4.052080e-05,-0.080402
4.052320e-05,-0.080402
4.052560e-05,-0.080402
4.052800e-05,-0.080402
4.053040e-05,-0.080402
4.053280e-05,-0.080402
4.053520e-05,-0.080402
4.053760e-05,-0.080402
4.054000e-05,-0.080402
4.054240e-05,-0.080402
4.054480e-05,-0.080402
4.054720e-05,-0.080402
4.054960e-05,-0.080402
4.055200e-05,-0.080402
4.055440e-05,-0.080402
4.055680e-05,-0.080402
4.055920e-05,-0.080402
4.056160e-05,-0.080402
4.056400e-05,-0.080402
4.056640e-05,-0.080402
4.056880e-05,-0.080402
4.057120e-05,-0.080402
4.057360e-05,-0.080402
4.057600e-05,-0.080402
4.057840e-05,-0.080402
4.058080e-05,-0.080402
4.058320e-05,-0.080402
4.058560e-05,-0.080402
4.058800e-05,-0.080402
4.059040e-05,-0.080402
4.059280e-05,-0.080402
4.059520e-05,-0.080402
4.059760e-05,-0.080402
4.060000e-05,-0.080402
4.060240e-05,-0.080402
4.060480e-05,-0.080402
4.060720e-05,-0.080402
4.060960e-05,-0.080402
4.061200e-05,-0.080402
4.061440e-05,-0.080402
4.061680e-05,-0.080402
4.061920e-05,-0.080402
4.062160e-05,-0.080402
4.062400e-05,-0.080402
4.062640e-05,-0.080402
4.062880e-05,-0.080402
4.063120e-05,-0.080402
4.063360e-05,-0.080402
4.063600e-05,-0.080402
4.063840e-05,-0.080402
4.064080e-05,-0.080402
4.064320e-05,-0.080402
4.064560e-05,-0.080402
4.064800e-05,-0.080402
4.065040e-05,-0.080402
4.065280e-05,-0.080402
4.065520e-05,-0.080402
4.065760e-05,-0.080402
4.066000e-05,-0.080402
4.066240e-05,-0.080402
4.066480e-05,-0.080402
4.066720e-05,-0.080402
4.066960e-05,-0.080402
4.067200e-05,-0.080402
4.067440e-05,-0.080402
4.067680e-05,-0.080402
4.067920e-05,-0.080402
4.068160e-05,-0.080402
4.068400e-05,-0.080402
4.068640e-05,-0.080402
4.068880e-05,-0.080402
4.069120e-05,-0.080402
4.069360e-05,-0.080402
4.069600e-05,-0.080402
4.069840e-05,-0.080402
4.070080e-05,-0.080402
4.070320e-05,-0.080402
4.070560e-05,-0.080402
4.070800e-05,-0.080402
4.071040e-05,-0.080402
4.071280e-05,-0.080402
4.071520e-05,-0.080402
4.071760e-05,-0.080402
4.072000e-05,-0.080402
4.072240e-05,-0.080402
4.072480e-05,-0.080402
4.072720e-05,-0.080402
4.072960e-05,-0.080402
4.073200e-05,-0.080402
4.073440e-05,-0.080402
4.073680e-05,-0.080402
4.073920e-05,-0.080402
4.074160e-05,-0.080402
4.074400e-05,-0.080402
4.074640e-05,-0.080402
4.074880e-05,-0.080402
4.075120e-05,-0.080402
4.075360e-05,-0.080402
4.075600e-05,-0.080402
4.075840e-05,-0.080402
4.076080e-05,-0.080402
4.076320e-05,-0.080402
4.076560e-05,-0.080402
4.076800e-05,-0.080402
4.077040e-05,-0.080402
4.077280e-05,-0.080402
4.077520e-05,-0.080402
4.077760e-05,-0.080402
4.078000e-05,-0.080402
4.078240e-05,-0.080402
4.078480e-05,-0.080402
4.078720e-05,-0.080402
4.078960e-05,-0.080402
4.079200e-05,-0.080402
4.079440e-05,-0.080402
4.079680e-05,-0.080402
4.079920e-05,-0.080402
4.080160e-05,-0.080402
4.080400e-05,-0.080402
4.080640e-05,-0.080402
4.080880e-05,-0.080402
4.081120e-05,-0.080402
4.081360e-05,-0.080402
4.081600e-05,-0.080402
4.081840e-05,-0.080402
4.082080e-05,-0.080402
4.082320e-05,-0.080402
4.082560e-05,-0.080402
4.082800e-05,-0.080402
4.083040e-05,-0.080402
4.083280e-05,-0.080402
4.083520e-05,-0.080402
4.083760e-05,-0.080402
4.084000e-05,-0.080402
4.084240e-05,-0.080402
4.084480e-05,-0.080402
4.084720e-05,-0.080402
4.084960e-05,-0.080402
4.085200e-05,-0.080402
4.085440e-05,-0.080402
4.085680e-05,-0.080402
4.085920e-05,-0.080402
4.086160e-05,-0.160804
4.086400e-05,-0.080402
4.086640e-05,-0.080402
4.086880e-05,-0.080402
4.087120e-05,-0.080402
4.087360e-05,-0.080402
4.087600e-05,-0.080402
4.087840e-05,-0.080402
4.088080e-05,-0.080402
4.088320e-05,-0.080402
4.088560e-05,-0.080402
4.088800e-05,-0.080402
4.089040e-05,-0.080402
4.089280e-05,-0.080402
4.089520e-05,-0.080402
4.089760e-05,-0.080402
4.090000e-05,-0.160804
4.090240e-05,-0.160804
4.090480e-05,-0.160804
4.090720e-05,-0.080402
4.090960e-05,-0.080402
4.091200e-05,-0.160804
4.091440e-05,-0.160804
4.091680e-05,-0.160804
4.091920e-05,-0.160804
4.092160e-05,-0.160804
4.092400e-05,-0.160804
4.092640e-05,-0.160804
4.092880e-05,-0.080402
4.093120e-05,-0.080402
4.093360e-05,-0.080402
4.093600e-05,-0.080402
4.093840e-05,-0.080402
4.094080e-05,-0.160804
4.094320e-05,-0.160804
4.094560e-05,-0.080402
4.094800e-05,-0.080402
4.095040e-05,-0.160804
4.095280e-05,-0.080402
4.095520e-05,-0.080402
4.095760e-05,-0.080402
4.096000e-05,-0.080402
4.096240e-05,-0.080402
4.096480e-05,-0.080402
4.096720e-05,-0.080402
4.096960e-05,-0.080402
4.097200e-05,-0.080402
4.097440e-05,-0.080402
4.097680e-05,-0.080402
4.097920e-05,-0.080402
4.098160e-05,-0.080402
4.098400e-05,-0.160804
4.098640e-05,-0.080402
4.098880e-05,-0.080402
4.099120e-05,-0.080402
4.099360e-05,-0.080402
4.099600e-05,-0.080402
4.099840e-05,-0.080402
4.100080e-05,-0.080402
4.100320e-05,-0.080402
4.100560e-05,-0.160804
4.100800e-05,-0.080402
4.101040e-05,-0.080402
4.101280e-05,-0.080402
4.101520e-05,-0.080402
4.101760e-05,-0.080402
4.102000e-05,-0.080402
4.102240e-05,-0.080402
4.102480e-05,-0.080402
4.102720e-05,-0.080402
4.102960e-05,-0.080402
4.103200e-05,-0.080402
4.103440e-05,-0.080402
4.103680e-05,-0.080402
4.103920e-05,-0.080402
4.104160e-05,-0.080402
4.104400e-05,-0.080402
4.104640e-05,-0.080402
4.104880e-05,-0.080402
4.105120e-05,-0.080402
4.105360e-05,-0.080402
4.105600e-05,-0.160804
4.105840e-05,-0.080402
4.106080e-05,-0.080402
4.106320e-05,-0.080402
4.106560e-05,-0.080402
4.106800e-05,-0.080402
4.107040e-05,-0.080402
4.107280e-05,-0.080402
4.107520e-05,-0.080402
4.107760e-05,-0.080402
4.108000e-05,-0.080402
4.108240e-05,-0.080402
4.108480e-05,-0.080402
4.108720e-05,-0.080402
4.108960e-05,-0.080402
4.109200e-05,-0.080402
4.109440e-05,-0.080402
4.109680e-05,-0.080402
4.109920e-05,-0.080402
4.110160e-05,-0.080402
4.110400e-05,-0.080402
4.110640e-05,-0.160804
4.110880e-05,-0.080402
4.111120e-05,-0.080402
4.111360e-05,-0.080402
4.111600e-05,-0.080402
4.111840e-05,-0.080402
4.112080e-05,-0.080402
4.112320e-05,-0.080402
4.112560e-05,-0.080402
4.112800e-05,-0.080402
4.113040e-05,-0.080402
4.113280e-05,-0.080402
4.113520e-05,-0.080402
4.113760e-05,-0.080402
4.114000e-05,-0.080402
4.114240e-05,-0.080402
4.114480e-05,-0.080402
4.114720e-05,-0.080402
4.114960e-05,-0.080402
4.115200e-05,-0.080402
4.115440e-05,-0.080402
4.115680e-05,-0.080402
4.115920e-05,-0.080402
4.116160e-05,-0.080402
4.116400e-05,-0.080402
4.116640e-05,-0.080402
4.116880e-05,-0.080402
4.117120e-05,-0.080402
4.117360e-05,-0.080402
4.117600e-05,-0.080402
4.117840e-05,-0.080402
4.118080e-05,-0.080402
4.118320e-05,-0.080402
4.118560e-05,-0.080402
4.118800e-05,-0.080402
4.119040e-05,-0.080402
4.119280e-05,-0.080402
4.119520e-05,-0.080402
4.119760e-05,-0.080402
4.120000e-05,-0.080402
4.120240e-05,-0.080402
4.120480e-05,-0.080402
4.120720e-05,-0.080402
4.120960e-05,-0.080402
4.121200e-05,-0.080402
4.121440e-05,-0.080402
4.121680e-05,-0.080402
4.121920e-05,-0.080402
4.122160e-05,-0.080402
4.122400e-05,-0.080402
4.122640e-05,-0.080402
4.122880e-05,-0.080402
4.123120e-05,-0.080402
4.123360e-05,-0.080402
4.123600e-05,-0.080402
4.123840e-05,-0.080402
4.124080e-05,-0.080402
4.124320e-05,-0.080402
4.124560e-05,-0.080402
4.124800e-05,-0.080402
4.125040e-05,-0.080402
4.125280e-05,-0.080402
4.125520e-05,-0.080402
4.125760e-05,-0.080402
4.126000e-05,-0.080402
4.126240e-05,-0.080402
4.126480e-05,-0.080402
4.126720e-05,-0.080402
4.126960e-05,-0.080402
4.127200e-05,-0.080402
4.127440e-05,-0.080402
4.127680e-05,-0.080402
4.127920e-05,-0.080402
4.128160e-05,-0.080402
4.128400e-05,-0.080402
4.128640e-05,-0.080402
4.128880e-05,-0.080402
4.129120e-05,-0.080402
4.129360e-05,-0.080402
4.129600e-05,-0.080402
4.129840e-05,-0.080402
4.130080e-05,-0.080402
4.130320e-05,-0.080402
4.130560e-05,-0.080402
4.130800e-05,-0.080402
4.131040e-05,-0.080402
4.131280e-05,-0.080402
4.131520e-05,-0.080402
4.131760e-05,-0.080402
4.132000e-05,-0.080402
4.132240e-05,-0.080402
4.132480e-05,-0.080402
4.132720e-05,-0.080402
4.132960e-05,-0.080402
4.133200e-05,-0.080402
4.133440e-05,-0.080402
4.133680e-05,-0.080402
4.133920e-05,-0.080402
4.134160e-05,-0.080402
4.134400e-05,-0.080402
4.134640e-05,-0.080402
4.134880e-05,-0.080402
4.135120e-05,-0.080402
4.135360e-05,-0.080402
4.135600e-05,-0.080402
4.135840e-05,-0.080402
4.136080e-05,-0.080402
4.136320e-05,-0.080402
4.136560e-05,-0.080402
4.136800e-05,-0.080402
4.137040e-05,-0.080402
4.137280e-05,-0.080402
4.137520e-05,-0.080402
4.137760e-05,-0.080402
4.138000e-05,-0.080402
4.138240e-05,-0.080402
4.138480e-05,-0.080402
4.138720e-05,-0.080402
4.138960e-05,-0.080402
4.139200e-05,-0.080402
4.139440e-05,-0.080402
4.139680e-05,-0.080402
4.139920e-05,-0.080402
4.140160e-05,-0.080402
4.140400e-05,-0.080402
4.140640e-05,-0.080402
4.140880e-05,-0.080402
4.141120e-05,-0.080402
4.141360e-05,-0.080402
4.141600e-05,-0.080402
4.141840e-05,-0.080402
4.142080e-05,-0.080402
4.142320e-05,-0.080402
4.142560e-05,-0.160804
4.142800e-05,-0.080402
4.143040e-05,-0.080402
4.143280e-05,-0.080402
4.143520e-05,-0.080402
4.143760e-05,-0.080402
4.144000e-05,-0.080402
4.144240e-05,-0.080402
4.144480e-05,-0.160804
4.144720e-05,-0.080402
4.144960e-05,-0.080402
4.145200e-05,-0.080402
4.145440e-05,-0.080402
4.145680e-05,-0.080402
4.145920e-05,-0.080402
4.146160e-05,-0.080402
4.146400e-05,-0.080402
4.146640e-05,-0.080402
4.146880e-05,-0.080402
4.147120e-05,-0.080402
4.147360e-05,-0.080402
4.147600e-05,-0.080402
4.147840e-05,-0.080402
4.148080e-05,-0.080402
4.148320e-05,-0.080402
4.148560e-05,-0.160804
4.148800e-05,-0.080402
4.149040e-05,-0.080402
4.149280e-05,-0.080402
4.149520e-05,-0.080402
4.149760e-05,-0.080402
4.150000e-05,-0.080402
4.150240e-05,-0.080402
4.150480e-05,-0.080402
4.150720e-05,-0.080402
4.150960e-05,-0.080402
4.151200e-05,-0.080402
4.151440e-05,-0.080402
4.151680e-05,-0.160804
4.151920e-05,-0.080402
4.152160e-05,-0.080402
4.152400e-05,-0.160804
4.152640e-05,-0.160804
4.152880e-05,-0.160804
4.153120e-05,-0.160804
4.153360e-05,-0.160804
4.153600e-05,-0.080402
4.153840e-05,-0.160804
4.154080e-05,-0.080402
4.154320e-05,-0.080402
4.154560e-05,-0.160804
4.154800e-05,-0.080402
4.155040e-05,-0.080402
4.155280e-05,-0.080402
4.155520e-05,-0.080402
4.155760e-05,-0.080402
4.156000e-05,-0.080402
4.156240e-05,-0.080402
4.156480e-05,-0.160804
4.156720e-05,-0.080402
4.156960e-05,-0.080402
4.157200e-05,-0.080402
4.157440e-05,-0.080402
4.157680e-05,-0.080402
4.157920e-05,-0.160804
4.158160e-05,-0.080402
4.158400e-05,-0.080402
4.158640e-05,-0.080402
4.158880e-05,-0.080402
4.159120e-05,-0.080402
4.159360e-05,-0.080402
4.159600e-05,-0.160804
4.159840e-05,-0.080402
4.160080e-05,-0.160804
4.160320e-05,-0.160804
4.160560e-05,-0.160804
4.160800e-05,-0.080402
4.161040e-05,-0.080402
4.161280e-05,-0.080402
4.161520e-05,-0.160804
4.161760e-05,-0.160804
4.162000e-05,-0.160804
4.162240e-05,-0.160804
4.162480e-05,-0.080402
4.162720e-05,-0.080402
4.162960e-05,-0.080402
4.163200e-05,-0.080402
4.163440e-05,-0.080402
4.163680e-05,-0.160804
4.163920e-05,-0.160804
4.164160e-05,-0.080402
4.164400e-05,-0.080402
4.164640e-05,-0.160804
4.164880e-05,-0.160804
4.165120e-05,-0.080402
4.165360e-05,-0.160804
4.165600e-05,-0.160804
4.165840e-05,-0.080402
4.166080e-05,-0.080402
4.166320e-05,-0.160804
4.166560e-05,-0.080402
4.166800e-05,-0.160804
4.167040e-05,-0.160804
4.167280e-05,-0.160804
4.167520e-05,-0.080402
4.167760e-05,-0.160804
4.168000e-05,-0.160804
4.168240e-05,-0.160804
4.168480e-05,-0.160804
4.168720e-05,-0.080402
4.168960e-05,-0.080402
4.169200e-05,-0.080402
4.169440e-05,-0.160804
4.169680e-05,-0.160804
4.169920e-05,-0.160804
4.170160e-05,-0.160804
4.170400e-05,-0.080402
4.170640e-05,-0.080402
4.170880e-05,-0.080402
4.171120e-05,-0.160804
4.171360e-05,-0.080402
4.171600e-05,-0.080402
4.171840e-05,-0.080402
4.172080e-05,-0.160804
4.172320e-05,-0.160804
4.172560e-05,-0.080402
4.172800e-05,-0.080402
4.173040e-05,-0.160804
4.173280e-05,-0.160804
4.173520e-05,-0.080402
4.173760e-05,-0.160804
4.174000e-05,-0.160804
4.174240e-05,-0.080402
4.174480e-05,-0.160804
4.174720e-05,-0.080402
4.174960e-05,-0.080402
4.175200e-05,-0.160804
4.175440e-05,-0.080402
4.175680e-05,-0.160804
4.175920e-05,-0.160804
4.176160e-05,-0.160804
4.176400e-05,-0.080402
4.176640e-05,-0.080402
4.176880e-05,-0.160804
4.177120e-05,-0.160804
4.177360e-05,-0.160804
4.177600e-05,-0.160804
4.177840e-05,-0.080402
4.178080e-05,-0.080402
4.178320e-05,-0.080402
4.178560e-05,-0.080402
4.178800e-05,-0.160804
4.179040e-05,-0.080402
4.179280e-05,-0.080402
4.179520e-05,-0.080402
4.179760e-05,-0.080402
4.180000e-05,-0.080402
4.180240e-05,-0.080402
4.180480e-05,-0.080402
4.180720e-05,-0.080402
4.180960e-05,-0.080402
4.181200e-05,-0.080402
4.181440e-05,-0.160804
4.181680e-05,-0.080402
4.181920e-05,-0.160804
4.182160e-05,-0.160804
4.182400e-05,-0.160804
4.182640e-05,-0.080402
4.182880e-05,-0.080402
4.183120e-05,-0.080402
4.183360e-05,-0.080402
4.183600e-05,-0.080402
4.183840e-05,-0.080402
4.184080e-05,-0.080402
4.184320e-05,-0.080402
4.184560e-05,-0.160804
4.184800e-05,-0.080402
4.185040e-05,-0.080402
4.185280e-05,-0.080402
4.185520e-05,-0.080402
4.185760e-05,-0.080402
4.186000e-05,-0.080402
4.186240e-05,-0.080402
4.186480e-05,-0.080402
4.186720e-05,-0.080402
4.186960e-05,-0.080402
4.187200e-05,-0.080402
4.187440e-05,-0.080402
4.187680e-05,-0.080402
4.187920e-05,-0.080402
4.188160e-05,-0.080402
4.188400e-05,-0.080402
4.188640e-05,-0.080402
4.188880e-05,-0.080402
4.189120e-05,-0.080402
4.189360e-05,-0.080402
4.189600e-05,-0.080402
4.189840e-05,-0.080402
4.190080e-05,-0.080402
4.190320e-05,-0.080402
4.190560e-05,-0.080402
4.190800e-05,-0.080402
4.191040e-05,-0.080402
4.191280e-05,-0.080402
4.191520e-05,-0.080402
4.191760e-05,-0.080402
4.192000e-05,-0.080402
4.192240e-05,-0.080402
4.192480e-05,-0.080402
4.192720e-05,-0.080402
4.192960e-05,-0.080402
4.193200e-05,-0.080402
4.193440e-05,-0.080402
4.193680e-05,-0.080402
4.193920e-05,-0.080402
4.194160e-05,-0.080402
4.194400e-05,-0.080402
4.194640e-05,-0.080402
4.194880e-05,-0.080402
4.195120e-05,-0.080402
4.195360e-05,-0.080402
4.195600e-05,-0.080402
4.195840e-05,-0.080402
4.196080e-05,-0.080402
4.196320e-05,-0.080402
4.196560e-05,-0.080402
4.196800e-05,-0.080402
4.197040e-05,-0.080402
4.197280e-05,-0.080402
4.197520e-05,-0.080402
4.197760e-05,-0.080402
4.198000e-05,-0.080402
4.198240e-05,-0.080402
4.198480e-05,-0.080402
4.198720e-05,-0.080402
4.198960e-05,-0.080402
4.199200e-05,-0.080402
4.199440e-05,-0.080402
4.199680e-05,-0.080402
4.199920e-05,-0.080402
4.200160e-05,-0.080402
4.200400e-05,-0.080402
4.200640e-05,-0.080402
4.200880e-05,-0.080402
4.201120e-05,-0.080402
4.201360e-05,-0.080402
4.201600e-05,-0.080402
4.201840e-05,-0.080402
4.202080e-05,-0.080402
4.202320e-05,-0.080402
4.202560e-05,-0.080402
4.202800e-05,-0.080402
4.203040e-05,-0.080402
4.203280e-05,-0.080402
4.203520e-05,-0.080402
4.203760e-05,-0.080402
4.204000e-05,-0.080402
4.204240e-05,-0.080402
4.204480e-05,-0.080402
4.204720e-05,-0.080402
4.204960e-05,-0.080402
4.205200e-05,-0.080402
4.205440e-05,-0.080402
4.205680e-05,-0.080402
4.205920e-05,-0.080402
4.206160e-05,-0.080402
4.206400e-05,-0.080402
4.206640e-05,-0.080402
4.206880e-05,-0.080402
4.207120e-05,-0.080402
4.207360e-05,-0.080402
4.207600e-05,-0.080402
4.207840e-05,-0.080402
4.208080e-05,-0.080402
4.208320e-05,-0.080402
4.208560e-05,-0.080402
4.208800e-05,-0.080402
4.209040e-05,-0.080402
4.209280e-05,-0.080402
4.209520e-05,-0.080402
4.209760e-05,-0.080402
4.210000e-05,-0.080402
4.210240e-05,-0.080402
4.210480e-05,-0.080402
4.210720e-05,-0.080402
4.210960e-05,-0.080402
4.211200e-05,-0.080402
4.211440e-05,-0.080402
4.211680e-05,-0.080402
4.211920e-05,-0.080402
4.212160e-05,-0.080402
4.212400e-05,-0.080402
4.212640e-05,-0.080402
4.212880e-05,-0.080402
4.213120e-05,-0.080402
4.213360e-05,-0.080402
4.213600e-05,-0.080402
4.213840e-05,-0.080402
4.214080e-05,-0.080402
4.214320e-05,-0.080402
4.214560e-05,-0.080402
4.214800e-05,-0.080402
4.215040e-05,-0.080402
4.215280e-05,-0.080402
4.215520e-05,-0.080402
4.215760e-05,-0.080402
4.216000e-05,-0.080402
4.216240e-05,-0.080402
4.216480e-05,-0.080402
4.216720e-05,-0.080402
4.216960e-05,-0.080402
4.217200e-05,-0.080402
4.217440e-05,-0.080402
4.217680e-05,-0.080402
4.217920e-05,-0.080402
4.218160e-05,-0.080402
4.218400e-05,-0.080402
4.218640e-05,-0.080402
4.218880e-05,-0.080402
4.219120e-05,-0.080402
4.219360e-05,-0.080402
4.219600e-05,-0.080402
4.219840e-05,-0.080402
4.220080e-05,-0.080402
4.220320e-05,-0.080402
4.220560e-05,-0.080402
4.220800e-05,-0.080402
4.221040e-05,-0.080402
4.221280e-05,-0.080402
4.221520e-05,-0.080402
4.221760e-05,-0.080402
4.222000e-05,-0.080402
4.222240e-05,-0.080402
4.222480e-05,-0.080402
4.222720e-05,-0.080402
4.222960e-05,-0.080402
4.223200e-05,-0.080402
4.223440e-05,-0.080402
4.223680e-05,-0.080402
4.223920e-05,-0.080402
4.224160e-05,-0.080402
4.224400e-05,-0.080402
4.224640e-05,-0.080402
4.224880e-05,-0.080402
4.225120e-05,-0.080402
4.225360e-05,-0.080402
4.225600e-05,-0.080402
4.225840e-05,-0.080402
4.226080e-05,-0.080402
4.226320e-05,-0.080402
4.226560e-05,-0.080402
4.226800e-05,-0.080402
4.227040e-05,-0.080402
4.227280e-05,-0.080402
4.227520e-05,-0.080402
4.227760e-05,-0.080402
4.228000e-05,-0.080402
4.228240e-05,-0.080402
4.228480e-05,-0.080402
4.228720e-05,-0.080402
4.228960e-05,-0.080402
4.229200e-05,-0.080402
4.229440e-05,-0.080402
4.229680e-05,-0.080402
4.229920e-05,-0.080402
4.230160e-05,-0.080402
4.230400e-05,-0.080402
4.230640e-05,-0.080402
4.230880e-05,-0.080402
4.231120e-05,-0.080402
4.231360e-05,-0.160804
4.231600e-05,-0.080402
4.231840e-05,-0.080402
4.232080e-05,-0.080402
4.232320e-05,-0.080402
4.232560e-05,-0.080402
4.232800e-05,-0.080402
4.233040e-05,-0.080402
4.233280e-05,-0.080402
4.233520e-05,-0.080402
4.233760e-05,-0.080402
4.234000e-05,-0.160804
4.234240e-05,-0.080402
4.234480e-05,-0.080402
4.234720e-05,-0.080402
4.234960e-05,-0.080402
4.235200e-05,-0.080402
4.235440e-05,-0.080402
4.235680e-05,-0.080402
4.235920e-05,-0.080402
4.236160e-05,-0.080402
4.236400e-05,-0.080402
4.236640e-05,-0.080402
4.236880e-05,-0.080402
4.237120e-05,-0.080402
4.237360e-05,-0.080402
4.237600e-05,-0.080402
4.237840e-05,-0.080402
4.238080e-05,-0.080402
4.238320e-05,-0.080402
4.238560e-05,-0.080402
4.238800e-05,-0.080402
4.239040e-05,-0.080402
4.239280e-05,-0.080402
4.239520e-05,-0.080402
4.239760e-05,-0.080402
4.240000e-05,-0.080402
4.240240e-05,-0.080402
4.240480e-05,-0.080402
4.240720e-05,-0.080402
4.240960e-05,-0.080402
4.241200e-05,-0.080402
4.241440e-05,-0.080402
4.241680e-05,-0.080402
4.241920e-05,-0.080402
4.242160e-05,-0.080402
4.242400e-05,-0.080402
4.242640e-05,-0.080402
4.242880e-05,-0.080402
4.243120e-05,-0.080402
4.243360e-05,-0.080402
4.243600e-05,-0.080402
4.243840e-05,-0.080402
4.244080e-05,-0.080402
4.244320e-05,-0.080402
4.244560e-05,-0.080402
4.244800e-05,-0.080402
4.245040e-05,-0.080402
4.245280e-05,-0.080402
4.245520e-05,-0.080402
4.245760e-05,-0.080402
4.246000e-05,-0.080402
4.246240e-05,-0.080402
4.246480e-05,-0.080402
4.246720e-05,-0.080402
4.246960e-05,-0.080402
4.247200e-05,-0.080402
4.247440e-05,-0.080402
4.247680e-05,-0.080402
4.247920e-05,-0.080402
4.248160e-05,-0.080402
4.248400e-05,-0.080402
4.248640e-05,-0.080402
4.248880e-05,-0.080402
4.249120e-05,-0.080402
4.249360e-05,-0.080402
4.249600e-05,-0.080402
4.249840e-05,-0.080402
4.250080e-05,-0.080402
4.250320e-05,-0.080402
4.250560e-05,-0.080402
4.250800e-05,-0.080402
4.251040e-05,-0.080402
4.251280e-05,-0.080402
4.251520e-05,-0.080402
4.251760e-05,-0.080402
4.252000e-05,-0.080402
4.252240e-05,-0.080402
4.252480e-05,-0.080402
4.252720e-05,-0.160804
4.252960e-05,-0.080402
4.253200e-05,-0.080402
4.253440e-05,-0.080402
4.253680e-05,-0.080402
4.253920e-05,-0.080402
4.254160e-05,-0.080402
4.254400e-05,-0.080402
4.254640e-05,-0.080402
4.254880e-05,-0.080402
4.255120e-05,-0.080402
4.255360e-05,-0.080402
4.255600e-05,-0.080402
4.255840e-05,-0.160804
4.256080e-05,-0.080402
4.256320e-05,-0.080402
4.256560e-05,-0.080402
4.256800e-05,-0.080402
4.257040e-05,-0.080402
4.257280e-05,-0.080402
4.257520e-05,-0.160804
4.257760e-05,-0.080402
4.258000e-05,-0.080402
4.258240e-05,-0.080402
4.258480e-05,-0.080402
4.258720e-05,-0.080402
4.258960e-05,-0.080402
4.259200e-05,-0.080402
4.259440e-05,-0.160804
4.259680e-05,-0.080402
4.259920e-05,-0.080402
4.260160e-05,-0.080402
4.260400e-05,-0.080402
4.260640e-05,-0.080402
4.260880e-05,-0.080402
4.261120e-05,-0.080402
4.261360e-05,-0.080402
4.261600e-05,-0.080402
4.261840e-05,-0.080402
4.262080e-05,-0.080402
4.262320e-05,-0.080402
4.262560e-05,-0.080402
4.262800e-05,-0.080402
4.263040e-05,-0.080402
4.263280e-05,-0.080402
4.263520e-05,-0.080402
4.263760e-05,-0.080402
4.264000e-05,-0.080402
4.264240e-05,-0.080402
4.264480e-05,-0.080402
4.264720e-05,-0.080402
4.264960e-05,-0.080402
4.265200e-05,-0.080402
4.265440e-05,-0.080402
4.265680e-05,-0.080402
4.265920e-05,-0.080402
4.266160e-05,-0.080402
4.266400e-05,-0.080402
4.266640e-05,-0.080402
4.266880e-05,-0.080402
4.267120e-05,-0.080402
4.267360e-05,-0.080402
4.267600e-05,-0.080402
4.267840e-05,-0.080402
4.268080e-05,-0.080402
4.268320e-05,-0.080402
4.268560e-05,-0.080402
4.268800e-05,-0.080402
4.269040e-05,-0.080402
4.269280e-05,-0.080402
4.269520e-05,-0.080402
4.269760e-05,-0.080402
4.270000e-05,-0.080402
4.270240e-05,-0.080402
4.270480e-05,-0.080402
4.270720e-05,-0.080402
4.270960e-05,-0.080402
4.271200e-05,-0.080402
4.271440e-05,-0.080402
4.271680e-05,-0.080402
4.271920e-05,-0.080402
4.272160e-05,-0.080402
4.272400e-05,-0.080402
4.272640e-05,-0.080402
4.272880e-05,-0.080402
4.273120e-05,-0.080402
4.273360e-05,-0.080402
4.273600e-05,-0.080402
4.273840e-05,-0.080402
4.274080e-05,-0.080402
4.274320e-05,-0.080402
4.274560e-05,-0.080402
4.274800e-05,-0.080402
4.275040e-05,-0.080402
4.275280e-05,-0.080402
4.275520e-05,-0.080402
4.275760e-05,-0.080402
4.276000e-05,-0.080402
4.276240e-05,-0.080402
4.276480e-05,-0.080402
4.276720e-05,-0.080402
4.276960e-05,-0.080402
4.277200e-05,-0.080402
4.277440e-05,-0.080402
4.277680e-05,-0.080402
4.277920e-05,-0.080402
4.278160e-05,-0.080402
4.278400e-05,-0.080402
4.278640e-05,-0.080402
4.278880e-05,-0.080402
4.279120e-05,-0.080402
4.279360e-05,-0.160804
4.279600e-05,-0.080402
4.279840e-05,-0.080402
4.280080e-05,-0.080402
4.280320e-05,-0.080402
4.280560e-05,-0.160804
4.280800e-05,-0.080402
4.281040e-05,-0.080402
4.281280e-05,-0.080402
4.281520e-05,-0.080402
4.281760e-05,-0.080402
4.282000e-05,-0.080402
4.282240e-05,-0.080402
4.282480e-05,-0.080402
4.282720e-05,-0.080402
4.282960e-05,-0.080402
4.283200e-05,-0.160804
4.283440e-05,-0.080402
4.283680e-05,-0.080402
4.283920e-05,-0.160804
4.284160e-05,-0.080402
4.284400e-05,-0.080402
4.284640e-05,-0.080402
4.284880e-05,-0.080402
4.285120e-05,-0.080402
4.285360e-05,-0.080402
4.285600e-05,-0.080402
4.285840e-05,-0.080402
4.286080e-05,-0.080402
4.286320e-05,-0.080402
4.286560e-05,-0.080402
4.286800e-05,-0.080402
4.287040e-05,-0.080402
4.287280e-05,-0.080402
4.287520e-05,-0.080402
4.287760e-05,-0.080402
4.288000e-05,-0.080402
4.288240e-05,-0.080402
4.288480e-05,-0.080402
4.288720e-05,-0.080402
4.288960e-05,-0.080402
4.289200e-05,-0.080402
4.289440e-05,-0.080402
4.289680e-05,-0.080402
4.289920e-05,-0.080402
4.290160e-05,-0.080402
4.290400e-05,-0.160804
4.290640e-05,-0.160804
4.290880e-05,-0.080402
4.291120e-05,-0.080402
4.291360e-05,-0.080402
4.291600e-05,-0.080402
4.291840e-05,-0.080402
4.292080e-05,-0.080402
4.292320e-05,-0.080402
4.292560e-05,-0.080402
4.292800e-05,-0.080402
4.293040e-05,-0.080402
4.293280e-05,-0.080402
4.293520e-05,-0.080402
4.293760e-05,-0.160804
4.294000e-05,-0.080402
4.294240e-05,-0.080402
4.294480e-05,-0.080402
4.294720e-05,-0.160804
4.294960e-05,-0.080402
4.295200e-05,-0.080402
4.295440e-05,-0.080402
4.295680e-05,-0.080402
4.295920e-05,-0.080402
4.296160e-05,-0.080402
4.296400e-05,-0.080402
4.296640e-05,-0.080402
4.296880e-05,-0.080402
4.297120e-05,-0.080402
4.297360e-05,-0.080402
4.297600e-05,-0.080402
4.297840e-05,-0.080402
4.298080e-05,-0.080402
4.298320e-05,-0.080402
4.298560e-05,-0.080402
4.298800e-05,-0.080402
4.299040e-05,-0.080402
4.299280e-05,-0.080402
4.299520e-05,-0.080402
4.299760e-05,-0.080402
4.300000e-05,-0.080402
4.300240e-05,-0.080402
4.300480e-05,-0.080402
4.300720e-05,-0.080402
4.300960e-05,-0.080402
4.301200e-05,-0.080402
4.301440e-05,-0.080402
4.301680e-05,-0.080402
4.301920e-05,-0.080402
4.302160e-05,-0.080402
4.302400e-05,-0.080402
4.302640e-05,-0.080402
4.302880e-05,-0.080402
4.303120e-05,-0.080402
4.303360e-05,-0.080402
4.303600e-05,-0.080402
4.303840e-05,-0.080402
4.304080e-05,-0.080402
4.304320e-05,-0.080402
4.304560e-05,-0.080402
4.304800e-05,-0.080402
4.305040e-05,-0.080402
4.305280e-05,-0.080402
4.305520e-05,-0.080402
4.305760e-05,-0.080402
4.306000e-05,-0.080402
4.306240e-05,-0.080402
4.306480e-05,-0.080402
4.306720e-05,-0.080402
4.306960e-05,-0.160804
4.307200e-05,-0.080402
4.307440e-05,-0.080402
4.307680e-05,-0.080402
4.307920e-05,-0.080402
4.308160e-05,-0.080402
4.308400e-05,-0.080402
4.308640e-05,-0.080402
4.308880e-05,-0.080402
4.309120e-05,-0.080402
4.309360e-05,-0.080402
4.309600e-05,-0.080402
4.309840e-05,-0.080402
4.310080e-05,-0.080402
4.310320e-05,-0.080402
4.310560e-05,-0.160804
4.310800e-05,-0.160804
4.311040e-05,-0.160804
4.311280e-05,-0.160804
4.311520e-05,-0.160804
4.311760e-05,-0.160804
4.312000e-05,-0.080402
4.312240e-05,-0.080402
4.312480e-05,-0.080402
4.312720e-05,-0.080402
4.312960e-05,-0.080402
4.313200e-05,-0.080402
4.313440e-05,-0.080402
4.313680e-05,-0.080402
4.313920e-05,-0.080402
4.314160e-05,-0.080402
4.314400e-05,-0.080402
4.314640e-05,-0.080402
4.314880e-05,-0.080402
4.315120e-05,-0.080402
4.315360e-05,-0.080402
4.315600e-05,-0.080402
4.315840e-05,-0.160804
4.316080e-05,-0.080402
4.316320e-05,-0.080402
4.316560e-05,-0.080402
4.316800e-05,-0.080402
4.317040e-05,-0.080402
4.317280e-05,-0.160804
4.317520e-05,-0.080402
4.317760e-05,-0.080402
4.318000e-05,-0.080402
4.318240e-05,-0.080402
4.318480e-05,-0.080402
4.318720e-05,-0.080402
4.318960e-05,-0.080402
4.319200e-05,-0.080402
4.319440e-05,-0.080402
4.319680e-05,-0.080402
4.319920e-05,-0.080402
4.320160e-05,-0.080402
4.320400e-05,-0.080402
4.320640e-05,-0.080402
4.320880e-05,-0.080402
4.321120e-05,-0.080402
4.321360e-05,-0.160804
4.321600e-05,-0.160804
4.321840e-05,-0.080402
4.322080e-05,-0.080402
4.322320e-05,-0.080402
4.322560e-05,-0.080402
4.322800e-05,-0.080402
4.323040e-05,-0.080402
4.323280e-05,-0.080402
4.323520e-05,-0.080402
4.323760e-05,-0.080402
4.324000e-05,-0.160804
4.324240e-05,-0.160804
4.324480e-05,-0.160804
4.324720e-05,-0.160804
4.324960e-05,-0.080402
4.325200e-05,-0.160804
4.325440e-05,-0.160804
4.325680e-05,-0.160804
4.325920e-05,-0.080402
4.326160e-05,-0.080402
4.326400e-05,-0.160804
4.326640e-05,-0.160804
4.326880e-05,-0.160804
4.327120e-05,-0.080402
4.327360e-05,-0.080402
4.327600e-05,-0.080402
4.327840e-05,-0.080402
4.328080e-05,-0.160804
4.328320e-05,-0.080402
4.328560e-05,-0.080402
4.328800e-05,-0.080402
4.329040e-05,-0.080402
4.329280e-05,-0.080402
4.329520e-05,-0.080402
4.329760e-05,-0.080402
4.330000e-05,-0.080402
4.330240e-05,-0.080402
4.330480e-05,-0.080402
4.330720e-05,-0.080402
4.330960e-05,-0.080402
4.331200e-05,-0.080402
4.331440e-05,-0.080402
4.331680e-05,-0.080402
4.331920e-05,-0.080402
4.332160e-05,-0.080402
4.332400e-05,-0.080402
4.332640e-05,-0.080402
4.332880e-05,-0.080402
4.333120e-05,-0.080402
4.333360e-05,-0.080402
4.333600e-05,-0.080402
4.333840e-05,-0.080402
4.334080e-05,-0.080402
4.334320e-05,-0.160804
4.334560e-05,-0.160804
4.334800e-05,-0.160804
4.335040e-05,-0.080402
4.335280e-05,-0.080402
4.335520e-05,-0.080402
4.335760e-05,-0.080402
4.336000e-05,-0.080402
4.336240e-05,-0.080402
4.336480e-05,-0.080402
4.336720e-05,-0.080402
4.336960e-05,-0.080402
4.337200e-05,-0.080402
4.337440e-05,-0.080402
4.337680e-05,-0.160804
4.337920e-05,-0.080402
4.338160e-05,-0.160804
4.338400e-05,-0.080402
4.338640e-05,-0.080402
4.338880e-05,-0.160804
4.339120e-05,-0.080402
4.339360e-05,-0.080402
4.339600e-05,-0.080402
4.339840e-05,-0.080402
4.340080e-05,-0.080402
4.340320e-05,-0.080402
4.340560e-05,-0.080402
4.340800e-05,-0.080402
4.341040e-05,-0.080402
4.341280e-05,-0.080402
4.341520e-05,-0.080402
4.341760e-05,-0.080402
4.342000e-05,-0.080402
4.342240e-05,-0.080402
4.342480e-05,-0.080402
4.342720e-05,-0.160804
4.342960e-05,-0.160804
4.343200e-05,-0.080402
4.343440e-05,-0.160804
4.343680e-05,-0.160804
4.343920e-05,-0.080402
4.344160e-05,-0.160804
4.344400e-05,-0.160804
4.344640e-05,-0.080402
4.344880e-05,-0.080402
4.345120e-05,-0.080402
4.345360e-05,-0.080402
4.345600e-05,-0.080402
4.345840e-05,-0.080402
4.346080e-05,-0.080402
4.346320e-05,-0.160804
4.346560e-05,-0.080402
4.346800e-05,-0.080402
4.347040e-05,-0.080402
4.347280e-05,-0.080402
4.347520e-05,-0.080402
4.347760e-05,-0.080402
4.348000e-05,-0.080402
4.348240e-05,-0.080402
4.348480e-05,-0.080402
4.348720e-05,-0.080402
4.348960e-05,-0.080402
4.349200e-05,-0.080402
4.349440e-05,-0.080402
4.349680e-05,-0.080402
4.349920e-05,-0.080402
4.350160e-05,-0.080402
4.350400e-05,-0.080402
4.350640e-05,-0.160804
4.350880e-05,-0.080402
4.351120e-05,-0.080402
4.351360e-05,-0.080402
4.351600e-05,-0.080402
4.351840e-05,-0.080402
4.352080e-05,-0.080402
4.352320e-05,-0.080402
4.352560e-05,-0.080402
4.352800e-05,-0.080402
4.353040e-05,-0.080402
4.353280e-05,-0.080402
4.353520e-05,-0.080402
4.353760e-05,-0.080402
4.354000e-05,-0.080402
4.354240e-05,-0.160804
4.354480e-05,-0.080402
4.354720e-05,-0.080402
4.354960e-05,-0.080402
4.355200e-05,-0.080402
4.355440e-05,-0.080402
4.355680e-05,-0.080402
4.355920e-05,-0.160804
4.356160e-05,-0.160804
4.356400e-05,-0.080402
4.356640e-05,-0.080402
4.356880e-05,-0.080402
4.357120e-05,-0.080402
4.357360e-05,-0.080402
4.357600e-05,-0.080402
4.357840e-05,-0.080402
4.358080e-05,-0.080402
4.358320e-05,-0.080402
4.358560e-05,-0.080402
4.358800e-05,-0.080402
4.359040e-05,-0.080402
4.359280e-05,-0.080402
4.359520e-05,-0.080402
4.359760e-05,-0.080402
4.360000e-05,-0.080402
4.360240e-05,-0.080402
4.360480e-05,-0.080402
4.360720e-05,-0.080402
4.360960e-05,-0.080402
4.361200e-05,-0.080402
4.361440e-05,-0.080402
4.361680e-05,-0.080402
4.361920e-05,-0.080402
4.362160e-05,-0.080402
4.362400e-05,-0.080402
4.362640e-05,-0.080402
4.362880e-05,-0.080402
4.363120e-05,-0.080402
4.363360e-05,-0.080402
4.363600e-05,-0.080402
4.363840e-05,-0.080402
4.364080e-05,-0.080402
4.364320e-05,-0.080402
4.364560e-05,-0.080402
4.364800e-05,-0.080402
4.365040e-05,-0.080402
4.365280e-05,-0.080402
4.365520e-05,-0.080402
4.365760e-05,-0.080402
4.366000e-05,-0.080402
4.366240e-05,-0.080402
4.366480e-05,-0.080402
4.366720e-05,-0.080402
4.366960e-05,-0.080402
4.367200e-05,-0.080402
4.367440e-05,-0.080402
4.367680e-05,-0.080402
4.367920e-05,-0.080402
4.368160e-05,-0.080402
4.368400e-05,-0.080402
4.368640e-05,-0.080402
4.368880e-05,-0.080402
4.369120e-05,-0.080402
4.369360e-05,-0.080402
4.369600e-05,-0.080402
4.369840e-05,-0.080402
4.370080e-05,-0.080402
4.370320e-05,-0.080402
4.370560e-05,-0.080402
4.370800e-05,-0.160804
4.371040e-05,-0.080402
4.371280e-05,-0.080402
4.371520e-05,-0.080402
4.371760e-05,-0.080402
4.372000e-05,-0.080402
4.372240e-05,-0.080402
4.372480e-05,-0.080402
4.372720e-05,-0.080402
4.372960e-05,-0.080402
4.373200e-05,-0.080402
4.373440e-05,-0.080402
4.373680e-05,-0.160804
4.373920e-05,-0.080402
4.374160e-05,-0.080402
4.374400e-05,-0.080402
4.374640e-05,-0.080402
4.374880e-05,-0.080402
4.375120e-05,-0.080402
4.375360e-05,-0.080402
4.375600e-05,-0.080402
4.375840e-05,-0.080402
4.376080e-05,-0.080402
4.376320e-05,-0.080402
4.376560e-05,-0.080402
4.376800e-05,-0.080402
4.377040e-05,-0.080402
4.377280e-05,-0.080402
4.377520e-05,-0.080402
4.377760e-05,-0.080402
4.378000e-05,-0.080402
4.378240e-05,-0.080402
4.378480e-05,-0.080402
4.378720e-05,-0.080402
4.378960e-05,-0.080402
4.379200e-05,-0.080402
4.379440e-05,-0.080402
4.379680e-05,-0.080402
4.379920e-05,-0.080402
4.380160e-05,-0.080402
4.380400e-05,-0.080402
4.380640e-05,-0.080402
4.380880e-05,-0.080402
4.381120e-05,-0.080402
4.381360e-05,-0.080402
4.381600e-05,-0.080402
4.381840e-05,-0.080402
4.382080e-05,-0.080402
4.382320e-05,-0.080402
4.382560e-05,-0.080402
4.382800e-05,-0.080402
4.383040e-05,-0.080402
4.383280e-05,-0.080402
4.383520e-05,-0.080402
4.383760e-05,-0.080402
4.384000e-05,-0.080402
4.384240e-05,-0.080402
4.384480e-05,-0.080402
4.384720e-05,-0.080402
4.384960e-05,-0.080402
4.385200e-05,-0.080402
4.385440e-05,-0.080402
4.385680e-05,-0.080402
4.385920e-05,-0.080402
4.386160e-05,-0.080402
4.386400e-05,-0.080402
4.386640e-05,-0.080402
4.386880e-05,-0.080402
4.387120e-05,-0.080402
4.387360e-05,-0.080402
4.387600e-05,-0.080402
4.387840e-05,-0.080402
4.388080e-05,-0.080402
4.388320e-05,-0.080402
4.388560e-05,-0.080402
4.388800e-05,-0.080402
4.389040e-05,-0.080402
4.389280e-05,-0.080402
4.389520e-05,-0.080402
4.389760e-05,-0.080402
4.390000e-05,-0.080402
4.390240e-05,-0.080402
4.390480e-05,-0.080402
4.390720e-05,-0.080402
4.390960e-05,-0.080402
4.391200e-05,-0.080402
4.391440e-05,-0.080402
4.391680e-05,-0.080402
4.391920e-05,-0.080402
4.392160e-05,-0.080402
4.392400e-05,-0.080402
4.392640e-05,-0.080402
4.392880e-05,-0.080402
4.393120e-05,-0.080402
4.393360e-05,-0.080402
4.393600e-05,-0.080402
4.393840e-05,-0.080402
4.394080e-05,-0.080402
4.394320e-05,-0.080402
4.394560e-05,-0.080402
4.394800e-05,-0.080402
4.395040e-05,-0.080402
4.395280e-05,-0.080402
4.395520e-05,-0.080402
4.395760e-05,-0.080402
4.396000e-05,-0.080402
4.396240e-05,-0.080402
4.396480e-05,-0.080402
4.396720e-05,-0.080402
4.396960e-05,-0.080402
4.397200e-05,-0.080402
4.397440e-05,-0.080402
4.397680e-05,-0.080402
4.397920e-05,-0.080402
4.398160e-05,-0.080402
4.398400e-05,-0.080402
4.398640e-05,-0.080402
4.398880e-05,-0.080402
4.399120e-05,-0.160804
4.399360e-05,-0.160804
4.399600e-05,-0.160804
4.399840e-05,-0.160804
4.400080e-05,-0.160804
4.400320e-05,-0.080402
4.400560e-05,-0.080402
4.400800e-05,-0.080402
4.401040e-05,-0.080402
4.401280e-05,-0.080402
4.401520e-05,-0.080402
4.401760e-05,-0.080402
4.402000e-05,-0.080402
4.402240e-05,-0.080402
4.402480e-05,-0.080402
4.402720e-05,-0.080402
4.402960e-05,-0.080402
4.403200e-05,-0.080402
4.403440e-05,-0.080402
4.403680e-05,-0.080402
4.403920e-05,-0.080402
4.404160e-05,-0.080402
4.404400e-05,-0.080402
4.404640e-05,-0.080402
4.404880e-05,-0.080402
4.405120e-05,-0.080402
4.405360e-05,-0.080402
4.405600e-05,-0.080402
4.405840e-05,-0.080402
4.406080e-05,-0.160804
4.406320e-05,-0.160804
4.406560e-05,-0.160804
4.406800e-05,-0.080402
4.407040e-05,-0.080402
4.407280e-05,-0.160804
4.407520e-05,-0.160804
4.407760e-05,-0.160804
4.408000e-05,-0.160804
4.408240e-05,-0.080402
4.408480e-05,-0.080402
4.408720e-05,-0.080402
4.408960e-05,-0.080402
4.409200e-05,-0.160804
4.409440e-05,-0.160804
4.409680e-05,-0.160804
4.409920e-05,-0.080402
4.410160e-05,-0.080402
4.410400e-05,-0.080402
4.410640e-05,-0.080402
4.410880e-05,-0.080402
4.411120e-05,-0.080402
4.411360e-05,-0.080402
4.411600e-05,-0.080402
4.411840e-05,-0.080402
4.412080e-05,-0.080402
4.412320e-05,-0.080402
4.412560e-05,-0.080402
4.412800e-05,-0.080402
4.413040e-05,-0.080402
4.413280e-05,-0.080402
4.413520e-05,-0.080402
4.413760e-05,-0.080402
4.414000e-05,-0.080402
4.414240e-05,-0.080402
4.414480e-05,-0.080402
4.414720e-05,-0.080402
4.414960e-05,-0.080402
4.415200e-05,-0.080402
4.415440e-05,-0.080402
4.415680e-05,-0.080402
4.415920e-05,-0.080402
4.416160e-05,-0.080402
4.416400e-05,-0.080402
4.416640e-05,-0.080402
4.416880e-05,-0.080402
4.417120e-05,-0.080402
4.417360e-05,-0.080402
4.417600e-05,-0.080402
4.417840e-05,-0.080402
4.418080e-05,-0.080402
4.418320e-05,-0.160804
4.418560e-05,-0.080402
4.418800e-05,-0.080402
4.419040e-05,-0.080402
4.419280e-05,-0.080402
4.419520e-05,-0.080402
4.419760e-05,-0.080402
4.420000e-05,-0.160804
4.420240e-05,-0.160804
4.420480e-05,-0.080402
4.420720e-05,-0.080402
4.420960e-05,-0.080402
4.421200e-05,-0.160804
4.421440e-05,-0.160804
4.421680e-05,-0.080402
4.421920e-05,-0.080402
4.422160e-05,-0.080402
4.422400e-05,-0.080402
4.422640e-05,-0.160804
4.422880e-05,-0.160804
4.423120e-05,-0.080402
4.423360e-05,-0.080402
4.423600e-05,-0.160804
4.423840e-05,-0.080402
4.424080e-05,-0.080402
4.424320e-05,-0.080402
4.424560e-05,-0.080402
4.424800e-05,-0.080402
4.425040e-05,-0.080402
4.425280e-05,-0.080402
4.425520e-05,-0.080402
4.425760e-05,-0.080402
4.426000e-05,-0.160804
4.426240e-05,-0.160804
4.426480e-05,-0.160804
4.426720e-05,-0.160804
4.426960e-05,-0.080402
4.427200e-05,-0.080402
4.427440e-05,-0.160804
4.427680e-05,-0.160804
4.427920e-05,-0.160804
4.428160e-05,-0.160804
4.428400e-05,-0.160804
4.428640e-05,-0.160804
4.428880e-05,-0.160804
4.429120e-05,-0.160804
4.429360e-05,-0.080402
4.429600e-05,-0.080402
4.429840e-05,-0.080402
4.430080e-05,-0.160804
4.430320e-05,-0.160804
4.430560e-05,-0.160804
4.430800e-05,-0.080402
4.431040e-05,-0.160804
4.431280e-05,-0.080402
4.431520e-05,-0.080402
4.431760e-05,-0.160804
4.432000e-05,-0.160804
4.432240e-05,-0.160804
4.432480e-05,-0.160804
4.432720e-05,-0.160804
4.432960e-05,-0.160804
4.433200e-05,-0.160804
4.433440e-05,-0.080402
4.433680e-05,-0.080402
4.433920e-05,-0.080402
4.434160e-05,-0.160804
4.434400e-05,-0.160804
4.434640e-05,-0.080402
4.434880e-05,-0.080402
4.435120e-05,-0.080402
4.435360e-05,-0.080402
4.435600e-05,-0.080402
4.435840e-05,-0.080402
4.436080e-05,-0.080402
4.436320e-05,-0.080402
4.436560e-05,-0.080402
4.436800e-05,-0.080402
4.437040e-05,-0.080402
4.437280e-05,-0.160804
4.437520e-05,-0.080402
4.437760e-05,-0.160804
4.438000e-05,-0.080402
4.438240e-05,-0.160804
4.438480e-05,-0.080402
4.438720e-05,-0.080402
4.438960e-05,-0.080402
4.439200e-05,-0.080402
4.439440e-05,-0.080402
4.439680e-05,-0.080402
4.439920e-05,-0.080402
4.440160e-05,-0.080402
4.440400e-05,-0.080402
4.440640e-05,-0.080402
4.440880e-05,-0.080402
4.441120e-05,-0.080402
4.441360e-05,-0.080402
4.441600e-05,-0.080402
4.441840e-05,-0.080402
4.442080e-05,-0.080402
4.442320e-05,-0.080402
4.442560e-05,-0.080402
4.442800e-05,-0.080402
4.443040e-05,-0.080402
4.443280e-05,-0.080402
4.443520e-05,-0.080402
4.443760e-05,-0.080402
4.444000e-05,-0.080402
4.444240e-05,-0.080402
4.444480e-05,-0.080402
4.444720e-05,-0.080402
4.444960e-05,-0.080402
4.445200e-05,-0.080402
4.445440e-05,-0.080402
4.445680e-05,-0.080402
4.445920e-05,-0.080402
4.446160e-05,-0.080402
4.446400e-05,-0.080402
4.446640e-05,-0.080402
4.446880e-05,-0.080402
4.447120e-05,-0.080402
4.447360e-05,-0.080402
4.447600e-05,-0.080402
4.447840e-05,-0.080402
4.448080e-05,-0.080402
4.448320e-05,-0.080402
4.448560e-05,-0.080402
4.448800e-05,-0.080402
4.449040e-05,-0.080402
4.449280e-05,-0.080402
4.449520e-05,-0.080402
4.449760e-05,-0.080402
4.450000e-05,-0.080402
4.450240e-05,-0.080402
4.450480e-05,-0.080402
4.450720e-05,-0.080402
4.450960e-05,-0.080402
4.451200e-05,-0.080402
4.451440e-05,-0.080402
4.451680e-05,-0.080402
4.451920e-05,-0.080402
4.452160e-05,-0.080402
4.452400e-05,-0.080402
4.452640e-05,-0.080402
4.452880e-05,-0.080402
4.453120e-05,-0.080402
4.453360e-05,-0.080402
4.453600e-05,-0.080402
4.453840e-05,-0.080402
4.454080e-05,-0.080402
4.454320e-05,-0.080402
4.454560e-05,-0.080402
4.454800e-05,-0.080402
4.455040e-05,-0.080402
4.455280e-05,-0.080402
4.455520e-05,-0.080402
4.455760e-05,-0.080402
4.456000e-05,-0.080402
4.456240e-05,-0.080402
4.456480e-05,-0.080402
4.456720e-05,-0.080402
4.456960e-05,-0.080402
4.457200e-05,-0.080402
4.457440e-05,-0.080402
4.457680e-05,-0.080402
4.457920e-05,-0.080402
4.458160e-05,-0.080402
4.458400e-05,-0.080402
4.458640e-05,0.000000
4.458880e-05,-0.080402
4.459120e-05,-0.080402
4.459360e-05,-0.080402
4.459600e-05,-0.080402
4.459840e-05,-0.080402
4.460080e-05,-0.080402
4.460320e-05,-0.080402
4.460560e-05,-0.080402
4.460800e-05,-0.080402
4.461040e-05,-0.080402
4.461280e-05,-0.080402
4.461520e-05,-0.080402
4.461760e-05,-0.080402
4.462000e-05,-0.080402
4.462240e-05,-0.080402
4.462480e-05,-0.080402
4.462720e-05,-0.080402
4.462960e-05,-0.080402
4.463200e-05,-0.080402
4.463440e-05,-0.080402
4.463680e-05,-0.080402
4.463920e-05,-0.080402
4.464160e-05,-0.080402
4.464400e-05,-0.080402
4.464640e-05,-0.080402
4.464880e-05,0.000000
4.465120e-05,0.000000
4.465360e-05,-0.080402
4.465600e-05,-0.080402
4.465840e-05,-0.080402
4.466080e-05,-0.080402
4.466320e-05,-0.080402
4.466560e-05,-0.080402
4.466800e-05,-0.080402
4.467040e-05,-0.080402
4.467280e-05,-0.080402
4.467520e-05,-0.080402
4.467760e-05,-0.080402
4.468000e-05,-0.080402
4.468240e-05,-0.080402
4.468480e-05,-0.080402
4.468720e-05,-0.080402
4.468960e-05,-0.080402
4.469200e-05,-0.080402
4.469440e-05,-0.080402
4.469680e-05,-0.080402
4.469920e-05,-0.080402
4.470160e-05,-0.080402
4.470400e-05,-0.080402
4.470640e-05,-0.080402
4.470880e-05,-0.080402
4.471120e-05,-0.080402
4.471360e-05,-0.080402
4.471600e-05,-0.080402
4.471840e-05,-0.080402
4.472080e-05,-0.080402
4.472320e-05,-0.080402
4.472560e-05,-0.080402
4.472800e-05,-0.080402
4.473040e-05,-0.080402
4.473280e-05,-0.080402
4.473520e-05,-0.080402
4.473760e-05,-0.080402
4.474000e-05,-0.080402
4.474240e-05,-0.080402
4.474480e-05,-0.080402
4.474720e-05,-0.080402
4.474960e-05,-0.080402
4.475200e-05,-0.080402
4.475440e-05,-0.080402
4.475680e-05,-0.080402
4.475920e-05,-0.080402
4.476160e-05,-0.080402
4.476400e-05,-0.080402
4.476640e-05,-0.080402
4.476880e-05,-0.080402
4.477120e-05,-0.080402
4.477360e-05,-0.080402
4.477600e-05,-0.080402
4.477840e-05,-0.080402
4.478080e-05,-0.080402
4.478320e-05,-0.080402
4.478560e-05,-0.080402
4.478800e-05,-0.080402
4.479040e-05,-0.080402
4.479280e-05,-0.080402
4.479520e-05,-0.080402
4.479760e-05,-0.080402
4.480000e-05,-0.080402
4.480240e-05,-0.080402
4.480480e-05,-0.080402
4.480720e-05,-0.080402
4.480960e-05,-0.080402
4.481200e-05,-0.080402
4.481440e-05,-0.080402
4.481680e-05,-0.080402
4.481920e-05,-0.080402
4.482160e-05,-0.080402
4.482400e-05,-0.080402
4.482640e-05,-0.080402
4.482880e-05,-0.080402
4.483120e-05,-0.080402
4.483360e-05,-0.080402
4.483600e-05,-0.080402
4.483840e-05,-0.080402
4.484080e-05,-0.080402
4.484320e-05,-0.080402
4.484560e-05,-0.080402
4.484800e-05,-0.080402
4.485040e-05,-0.080402
4.485280e-05,-0.080402
4.485520e-05,-0.080402
4.485760e-05,-0.080402
4.486000e-05,-0.080402
4.486240e-05,-0.080402
4.486480e-05,-0.080402
4.486720e-05,-0.080402
4.486960e-05,-0.080402
4.487200e-05,-0.080402
4.487440e-05,-0.080402
4.487680e-05,-0.080402
4.487920e-05,-0.080402
4.488160e-05,-0.080402
4.488400e-05,-0.080402
4.488640e-05,-0.080402
4.488880e-05,-0.160804
4.489120e-05,-0.080402
4.489360e-05,-0.080402
4.489600e-05,-0.080402
4.489840e-05,-0.080402
4.490080e-05,-0.080402
4.490320e-05,-0.080402
4.490560e-05,-0.080402
4.490800e-05,-0.080402
4.491040e-05,-0.160804
4.491280e-05,-0.080402
4.491520e-05,-0.080402
4.491760e-05,-0.080402
4.492000e-05,-0.160804
4.492240e-05,-0.160804
4.492480e-05,-0.080402
4.492720e-05,-0.080402
4.492960e-05,-0.080402
4.493200e-05,-0.080402
4.493440e-05,-0.080402
4.493680e-05,-0.080402
4.493920e-05,-0.080402
4.494160e-05,-0.080402
4.494400e-05,-0.080402
4.494640e-05,-0.080402
4.494880e-05,-0.080402
4.495120e-05,-0.080402
4.495360e-05,-0.080402
4.495600e-05,-0.080402
4.495840e-05,-0.080402
4.496080e-05,-0.080402
4.496320e-05,-0.080402
4.496560e-05,-0.080402
4.496800e-05,-0.080402
4.497040e-05,-0.080402
4.497280e-05,-0.080402
4.497520e-05,-0.160804
4.497760e-05,-0.160804
4.498000e-05,-0.080402
4.498240e-05,-0.080402
4.498480e-05,-0.160804
4.498720e-05,-0.160804
4.498960e-05,-0.160804
4.499200e-05,-0.160804
4.499440e-05,-0.160804
4.499680e-05,-0.160804
4.499920e-05,-0.160804
