id,thickness_mm,settings_variant,dsp_found,dsp_coherence,dsp_round_trip_s,dsp_velocity,dsp_n_packets,dsp_warnings_count,dsp_noise_level,dsp_thickness_est_mm,max_abs_v,ptp_v,mean_v,std_v,rms_v,skew_v,kurt_v,energy_v,zcr,env_max,env_mean,env_std,env_auc,env_centroid_t,p1_t,p2_t,p3_t,delta_t_21,delta_t_32,amp_ratio_21,amp_ratio_32,autocorr_tau_s,autocorr_peak_val,autocorr_thickness_est_mm,dominant_freq_mhz,spectral_centroid_mhz,spectral_spread_mhz,band_0_2mhz,band_2_6mhz,band_6_12mhz,band_12_25mhz,gain,hp_val,lp_val,damping,prf,pulse_amp,averaging
20260820_154155_9eb6aab5,25.0,,1,0.9596510252363576,8.6688e-06,5759.45602607738,2,2,0.24281463725037444,24.879456,3.939698,7.23618,-0.09502440462705193,0.45348120518694107,0.4633301640650285,2.2314128052662032,29.49401320720554,1.0734085526371805e-05,0.0068157818949793605,4.442302298195704,0.33525357164558206,0.5549083724167032,1.676321498799374e-05,1.6295313363928992e-05,3.424e-07,2.128e-06,2.8384e-06,1.7856000000000003e-06,7.103999999999996e-07,0.9742896262827093,0.4120694513877298,1.7592e-06,0.4676330099366438,5.048904,1.039966721064926,1.5483243275221183,5.607354380088549,0.8722397660662837,0.12278966246014668,0.002270713767256987,0.0004677940912449338,33.0,1.0,5.0,1.0,9.0,9.0,32.0
20260820_154157_c447a837,25.0,,1,0.9590003982126283,8.6688e-06,5765.138227056283,2,2,0.24242532335786635,24.879456,3.939698,7.23618,-0.09423327426322356,0.4531490776512615,0.46284338231690964,2.2353171110942114,29.64361124531009,1.0711542586122336e-05,0.00671978496688106,4.444413709514867,0.33467294169208944,0.5545751829162862,1.6734182561311177e-05,1.6308049230016053e-05,3.424e-07,2.128e-06,2.8552e-06,1.7856000000000003e-06,7.272e-07,0.983063386758739,0.403898658233433,1.7616e-06,0.4658458544345848,5.055792,1.039966721064926,1.542685829832193,5.54957609938566,0.8704184585399525,0.12480521534969867,0.0021689706711658617,0.0005053812236182327,33.0,1.0,5.0,1.0,9.0,9.0,32.0
20260820_154158_58dcb98a,25.0,,1,0.9619421895693747,8.6688e-06,5762.816645843156,2,2,0.2426767733319798,24.879456,3.939698,7.316582,-0.09489319276183163,0.4533547116391892,0.4631794604664444,2.241051481820918,29.609945363008173,1.0727103886239484e-05,0.007391763463569166,4.42259707486638,0.33494824221516045,0.5548624163608677,1.6747948027945566e-05,1.6292857376520345e-05,3.424e-07,1.6288e-06,2.128e-06,1.2864e-06,4.992000000000002e-07,0.8018661681345528,1.2188758644156201,1.7592e-06,0.4676682049100055,5.048904,1.039966721064926,1.55845383646283,5.695225937675852,0.8707344631564226,0.12430855257690272,0.002222785830855575,0.0005210288892444434,33.0,1.0,5.0,1.0,9.0,9.0,32.0
20260820_154158_1e9e316b,25.0,,0,0.0,0.0,0.0,0,0,0.0,0.0,3.939698,7.23618,-0.09454586723624843,0.45297677233970907,0.4627384545191321,2.239904466338449,29.62449428019648,1.070668646754141e-05,0.006623788038782759,4.445828210525369,0.33479377328102744,0.5542812429286748,1.6740224334088624e-05,1.626220480522258e-05,3.4e-07,2.128e-06,2.8768e-06,1.7880000000000003e-06,7.487999999999999e-07,0.9737532370096299,0.40489910779551025,1.764e-06,0.4682775789999208,5.06268,1.039966721064926,1.549322456792902,5.595450155067686,0.871285428272733,0.1237672008466547,0.0022160274610249575,0.0005415760143009198,33.0,1.0,5.0,1.0,9.0,9.0,32.0
20260820_154159_e2dde829,25.0,,1,0.9593051515245067,8.6688e-06,5767.616562315863,2,2,0.2426151935763085,24.879456,3.939698,7.316582,-0.09427186598828836,0.4532266355087813,0.4629271733777609,2.2466026564016603,29.762044287441327,1.0715421275084737e-05,0.00892771431314198,4.447486913140951,0.3344118791549806,0.5548723406980214,1.6721129016755678e-05,1.6248304580944478e-05,3.4e-07,2.128e-06,2.8864e-06,1.7880000000000003e-06,7.583999999999998e-07,0.9720232612868832,0.4081290293193545,1.7616e-06,0.4682766192386526,5.055792,1.039966721064926,1.5496038215763694,5.598474368378676,0.8708916170204432,0.12414705655148052,0.00224157850193051,0.0005233381487334171,33.0,1.0,5.0,1.0,9.0,9.0,32.0
20260820_154200_7ff53b1a,25.0,,1,0.9611936286931442,8.6688e-06,5767.968496651112,2,2,0.24221196475133738,24.879456,3.939698,7.316582,-0.09424099260823653,0.45243959007655393,0.4621503514619737,2.2381098558033687,29.66881428086048,1.0679489100537061e-05,0.00892771431314198,4.442647063553867,0.33431425725863667,0.5536371335170867,1.671624776574345e-05,1.6311813435451108e-05,3.448e-07,2.128e-06,2.8528e-06,1.7832000000000001e-06,7.247999999999998e-07,0.9635294006856573,0.4085996673076542,1.7592e-06,0.467363078246301,5.048904,1.039966721064926,1.5460684990588571,5.571695310412551,0.8709943782086106,0.12415316711034444,0.0021826527647121215,0.0005173980022265361,33.0,1.0,5.0,1.0,9.0,9.0,32.0
20260820_154200_de812c55,25.0,,1,0.9627685082302052,8.6688e-06,5765.324978949495,2,2,0.24279940106336673,24.879456,3.939698,7.316582,-0.09442237371604108,0.45293471512502304,0.4626720661803103,2.2312581298177236,29.634220514200194,1.070361454588319e-05,0.007583757319765768,4.416357287213347,0.3344206416141469,0.5544139968488772,1.6721567153733928e-05,1.6284903138590242e-05,3.424e-07,2.1304e-06,2.8768e-06,1.788e-06,7.464000000000002e-07,0.9770035744083716,0.41012998202934503,1.7616e-06,0.466834850879024,5.055792,1.039966721064926,1.5314597132610703,5.360378287151516,0.870689115866606,0.12460417926619015,0.002180266072582135,0.0004597022011443387,33.0,1.0,5.0,1.0,9.0,9.0,32.0
20260820_154201_d048ea13,25.0,,1,0.9579417631536081,8.6688e-06,5761.315245294363,2,2,0.24305676828449052,24.879456,3.939698,7.316582,-0.09529454670250552,0.45316371543641526,0.46307494384750764,2.208779776667073,29.59498944505539,1.072226328241441e-05,0.008255735816453873,4.4248591493492535,0.3348471596862695,0.554680922427971,1.6742893739768973e-05,1.625386260527695e-05,3.376e-07,2.1256e-06,2.8696e-06,1.788e-06,7.44e-07,0.9780674575632048,0.4056311391985023,1.7616e-06,0.47094093345335925,5.055792,1.039966721064926,1.5478345426242441,5.576619209587241,0.870580007019915,0.12455009724298774,0.0022416380168910175,0.00048506035144169394,33.0,1.0,5.0,1.0,9.0,9.0,32.0
20260820_154201_74610f3d,25.0,,1,0.9596985845720375,8.6688e-06,5759.794336871182,2,2,0.24285438672927723,24.879456,3.939698,7.316582,-0.09469251579149465,0.4529207917946916,0.4627136438304504,2.228769454560476,29.718628797880342,1.0705538375608543e-05,0.008831717385043679,4.438792849956555,0.33449548276267516,0.5543930099636557,1.672530933090618e-05,1.6280280142055397e-05,3.4e-07,2.1328e-06,2.86e-06,1.7928000000000002e-06,7.272e-07,0.9708114169118671,0.41132467060287314,1.7616e-06,0.46725521238026907,5.055792,1.039966721064926,1.5435909026195016,5.538310879676742,0.8701399802282375,0.12499811260511696,0.0022307071619202096,0.0005234721448008889,33.0,1.0,5.0,1.0,9.0,9.0,32.0
20260820_154202_c44622bd,25.0,,1,0.9629349044134291,8.6688e-06,5763.325260567546,2,2,0.24251648970424602,24.879456,3.939698,7.316582,-0.09555697043294614,0.45311393002649486,0.4630803042479546,2.22774955511412,29.64951295067518,1.0722511518508003e-05,0.007295766535470865,4.43111159026882,0.3349055594052878,0.5546138294498701,1.6745813819159438e-05,1.627225398703423e-05,3.448e-07,2.1304e-06,2.8552e-06,1.7856e-06,7.248000000000002e-07,0.9831778149120911,0.4043618269848253,1.7616e-06,0.4672957922245083,5.055792,1.039966721064926,1.5500865899535683,5.597714005766091,0.8704258148042867,0.12462636242606241,0.002264283847547678,0.0005232413343643176,33.0,1.0,5.0,1.0,9.0,9.0,32.0
20260820_154203_eaabbc9f,25.0,,1,0.9560479093802304,8.6688e-06,5762.033083409851,2,2,0.24274548597722234,24.879456,3.939698,7.316582,-0.09308710002879907,0.45302065523255375,0.46248559140702317,2.2367739334059507,29.638650094398322,1.0694988341630814e-05,0.006911778823077662,4.454443795323926,0.3335148970700283,0.5548750978353753,1.6676278477336728e-05,1.6205121532231576e-05,3.448e-07,1.6312e-06,2.1328e-06,1.2863999999999999e-06,5.016000000000002e-07,0.7949999571637218,1.21998247833211,1.7616e-06,0.46952860568950794,5.055792,1.039966721064926,1.5490228397247108,5.578060066565124,0.8704722000141704,0.12459020783942595,0.002216217181850379,0.0005172083137402176,33.0,1.0,5.0,1.0,9.0,9.0,32.0
20260820_154203_d48b0be0,25.0,,1,0.9590817016539464,8.6688e-06,5759.5224390916665,2,2,0.2427559899438962,24.879456,3.939698,7.316582,-0.09378175107996543,0.45306368268233377,0.4626680423384601,2.2253062054810657,29.508868574690702,1.0703428368812995e-05,0.007487760391667466,4.41794357514556,0.3340891260085887,0.5547169750164256,1.6704990843031048e-05,1.6223434458457905e-05,3.4e-07,2.1304e-06,2.8744e-06,1.7904e-06,7.44e-07,0.9705792280977722,0.4132407915956344,1.7616e-06,0.46888463699224125,5.055792,1.039966721064926,1.543323615669744,5.559527955435586,0.8708168567102557,0.1244297873504412,0.0021147853830939733,0.0005034758050667552,33.0,1.0,5.0,1.0,9.0,9.0,32.0
20260820_154204_c76a5c02,25.0,,1,0.9636788286242638,8.6688e-06,5763.175043225694,2,2,0.24275462931373465,24.879456,3.939698,7.316582,-0.09517877152731112,0.4532181706049047,0.46310442528214363,2.225444782566695,29.49887400024884,1.0723628580929173e-05,0.006335797254487857,4.397401671642627,0.33477204766829527,0.5547990152001413,1.6739138018691033e-05,1.630154985871638e-05,3.424e-07,2.1304e-06,2.8768e-06,1.788e-06,7.464000000000002e-07,0.9798150420927677,0.4141901880984433,1.7616e-06,0.4663442650594321,5.055792,1.039966721064926,1.5354663911200184,5.467658589114527,0.8716772883922888,0.12350256491868422,0.0022436717382657476,0.0004923906074102644,33.0,1.0,5.0,1.0,9.0,9.0,32.0
20260820_154205_4356d22a,25.0,,1,0.96200795968055,8.6688e-06,5760.210354476691,2,2,0.24207099958783035,24.879456,3.939698,7.316582,-0.09499739041950657,0.4521462051216293,0.4620180678203036,2.2244265406397115,29.673524588462122,1.0673376286732321e-05,0.007967745032158972,4.407679226676758,0.33383133425251893,0.5535818590854751,1.669210084276075e-05,1.6311302271596022e-05,3.4e-07,1.6144e-06,2.1304e-06,1.2744e-06,5.16e-07,0.8059819892731233,1.2122216457284414,1.7616e-06,0.46676288357064366,5.055792,1.039966721064926,1.5420510998862578,5.49289478170161,0.8708874279811537,0.12437983204968482,0.0021148474586302154,0.0004735975163910994,33.0,1.0,5.0,1.0,9.0,9.0,32.0
20260820_154205_b3cb94ef,25.0,,1,0.9590865631193312,8.6688e-06,5755.850395751422,2,2,0.2418414664493906,24.879456,3.939698,7.23618,-0.09211458855716616,0.4527145507570234,0.4619908677584325,2.228372428166055,29.576574788274286,1.06721195915085e-05,0.008159738888355573,4.421329247328173,0.33287306461924066,0.5546056157507152,1.6644185827865423e-05,1.622793784214488e-05,3.424e-07,1.6312e-06,2.1304e-06,1.2887999999999998e-06,4.992e-07,0.8009768562438676,1.2215820513583575,1.7616e-06,0.4674340999309108,5.055792,1.039966721064926,1.5426976427128398,5.530031466965315,0.8705530196096402,0.12466957179366486,0.002125833057038787,0.0004990916788759932,33.0,1.0,5.0,1.0,9.0,9.0,32.0
20260820_154206_0efb647d,25.0,,1,0.9578514936384463,8.6688e-06,5763.488645143216,2,2,0.24304477549224907,24.879456,3.939698,7.316582,-0.0944571062685994,0.45296686269033476,0.46271062622352005,2.244694643421753,29.616943054417902,1.0705398742805894e-05,0.009119708169338582,4.445743267887218,0.33464966944732544,0.5543420241867317,1.6733018911837385e-05,1.627008193960566e-05,3.424e-07,2.1304e-06,2.872e-06,1.788e-06,7.416000000000002e-07,0.9715150523427742,0.4048039099820701,1.7616e-06,0.4697365789994846,5.055792,1.039966721064926,1.5446612123221926,5.560682183845033,0.8716292036977045,0.123552207566475,0.002126363369892837,0.000517558391082281,33.0,1.0,5.0,1.0,9.0,9.0,32.0
20260820_154206_f1777071,25.0,,1,0.9623529784218083,8.6688e-06,5760.5593515092805,2,2,0.24236606137412614,24.879456,3.939698,7.316582,-0.09369684928482287,0.45326885412341184,0.46285176210559426,2.2339030873421564,29.74780078380649,1.0711930455018575e-05,0.008255735816453873,4.42672852555653,0.3332996868991306,0.5555139797969102,1.6665517624455567e-05,1.6255342303466313e-05,3.376e-07,1.6216e-06,2.1304e-06,1.2840000000000001e-06,5.087999999999999e-07,0.801279645731957,1.2158267586442137,1.7616e-06,0.467970375371831,5.055792,1.039966721064926,1.5442455528239307,5.536260276698994,0.8701330531653918,0.1250083942067547,0.0022252483038071526,0.0005242587738532234,33.0,1.0,5.0,1.0,9.0,9.0,32.0
20260820_154207_ae658b51,25.0,,1,0.9608421952993584,8.6688e-06,5763.756310067889,2,2,0.24181367336226245,24.879456,3.939698,7.23618,-0.09612040961889219,0.4522509438126198,0.46235273258055803,2.2536826389936295,29.760590532086624,1.068884449831437e-05,0.007295766535470865,4.435118287727291,0.33489123658972325,0.5533011609122637,1.6745097655464705e-05,1.6341616974512036e-05,3.424e-07,1.6144e-06,2.1304e-06,1.2719999999999998e-06,5.16e-07,0.7962827947876667,1.2333210281470308,1.7616e-06,0.4673946729380195,5.055792,1.039966721064926,1.5553478717966733,5.644916942964434,0.8707917338992504,0.12413587317992593,0.0023619568900094695,0.0005005236732240823,33.0,1.0,5.0,1.0,9.0,9.0,32.0
20260820_154208_e939a3d8,25.0,,1,0.9610578067310952,8.6688e-06,5763.276251537673,2,2,0.2424170947788642,24.879456,3.939698,7.316582,-0.0951633348372852,0.4529625512297067,0.46285109172808253,2.236150705242409,29.734048205614705,1.0711899425506876e-05,0.008063741960257272,4.452753922338483,0.33477329219234264,0.5543775582697975,1.673920024688464e-05,1.630070917732574e-05,3.424e-07,2.128e-06,2.8888e-06,1.7856000000000003e-06,7.608e-07,0.9681910917305515,0.4084895564955104,1.7592e-06,0.46706786000560696,5.048904,1.039966721064926,1.546798549451102,5.563160655322488,0.8706645132044526,0.12433463633246446,0.0023448974255488044,0.000499607340704953,33.0,1.0,5.0,1.0,9.0,9.0,32.0
20260820_154208_028a4d98,25.0,,1,0.9590761655504302,8.6688e-06,5769.224963423104,2,2,0.2420161217255753,24.879456,3.939698,7.23618,-0.09593131016607467,0.4529413251801068,0.46298883391080914,2.228350300968688,29.546402136069382,1.0718275990161063e-05,0.007487760391667466,4.474604048078493,0.3358670406752025,0.5538091068220771,1.6793889421025206e-05,1.6319164927906104e-05,3.4e-07,2.1256e-06,2.8744e-06,1.7856000000000001e-06,7.487999999999999e-07,0.9610891838411936,0.41512523023974696,1.7616e-06,0.4669573556504101,5.055792,1.039966721064926,1.5387126300973464,5.486832508693508,0.8719577870300373,0.12320340386822734,0.002209562170699571,0.0005147679858663867,33.0,1.0,5.0,1.0,9.0,9.0,32.0
20260820_154216_90c28da1,20.0,,1,0.9983868675367935,6.8328e-06,5749.172981833398,2,1,0.33992067362891026,19.610136,3.939698,7.316582,-0.0971662453681482,0.4980818181421757,0.507470961536479,1.9371134665114211,23.800157666428202,1.287675088298081e-05,0.01027167130651819,4.46388379841616,0.3950910383642384,0.5912381295543044,1.9755184063873304e-05,1.6985666311003914e-05,3.448e-07,2.0944e-06,3.124e-06,1.7495999999999997e-06,1.0296000000000003e-06,1.0169532885064658,0.6421360497429658,1.3968e-06,0.5608418784710204,4.008816,1.279959041310678,1.5631843145029343,5.145074271926034,0.9187956090408284,0.07606961490002263,0.002668228421674452,0.0005716551879227014,33.0,1.0,5.0,1.0,9.0,9.0,32.0
20260820_154218_73919221,20.0,,1,0.998319038729394,6.8328e-06,5746.393156104329,2,1,0.33992899611745925,19.610136,3.939698,7.316582,-0.0956032805030239,0.4972538438096067,0.5063609112346338,1.9322688194635778,24.071339041862576,1.2820478863514313e-05,0.008543726600748777,4.518015766469244,0.3889564789967261,0.5936475461300046,1.94484462802027e-05,1.668768398294006e-05,3.424e-07,2.0944e-06,3.1288e-06,1.752e-06,1.0344000000000002e-06,1.016725395132121,0.6370772762286699,1.3968e-06,0.5664122726422463,4.008816,1.279959041310678,1.5691954397005436,5.228754801430386,0.9180941414713896,0.07677664505020215,0.0026248971691883484,0.0005789496631278423,33.0,1.0,5.0,1.0,9.0,9.0,32.0
20260820_154219_734170a3,20.0,,1,0.9981816029697677,6.8328e-06,5737.5549636634005,2,2,0.33945057236090437,19.610136,3.939698,7.316582,-0.09756374013631564,0.49770713439666076,0.5071795293766521,1.9408921181852425,23.92286057734114,1.2861965320656146e-05,0.00902371124124028,4.435738035991456,0.3920496356331625,0.5926932841641069,1.9603109061075134e-05,1.6777888797038513e-05,3.4e-07,2.0944e-06,3.1336e-06,1.7543999999999999e-06,1.0392000000000001e-06,1.0015827226357565,0.6415851214241064,1.3968e-06,0.565115206819489,4.008816,1.279959041310678,1.5651739605321062,5.165727714361303,0.9183552822260408,0.07645047957507747,0.0027003240911909593,0.0005855531282294994,33.0,1.0,5.0,1.0,9.0,9.0,32.0
20260820_154219_fd73af7c,20.0,,1,0.9983749855134033,6.8328e-06,5745.389039375942,2,1,0.33567831400869025,19.610136,3.939698,7.23618,-0.09414065412306806,0.49857229299225836,0.507382295806897,1.9305910320639041,23.61681448976932,1.2872251603784429e-05,0.01007967745032159,4.489610054731056,0.3928877380907549,0.5930324361137439,1.9645015524918688e-05,1.6771957316482535e-05,3.424e-07,2.0896e-06,3.1408e-06,1.7472e-06,1.0512000000000002e-06,0.9963262926493154,0.6374823833919064,1.38e-06,0.5593578397172113,3.9606,1.279959041310678,1.567712489071717,5.2230349555605375,0.9170715777579216,0.07779964317002702,0.0026201640225532474,0.0005649479084155686,33.0,1.0,5.0,1.0,9.0,9.0,32.0
20260820_154220_c35b0f57,20.0,,1,0.9948187473532665,7.008e-06,5736.370038973018,2,2,0.33954488513932396,20.112959999999998,3.939698,7.23618,-0.09543347691273879,0.5051676012613617,0.514102960388104,1.7702136201110072,22.349145693893753,1.321551557695683e-05,0.011807622156091005,4.468375309739018,0.4041726772385626,0.5968026432899677,2.020928053821171e-05,1.6840510992274998e-05,3.424e-07,2.08e-06,3.0856e-06,1.7376e-06,1.0056000000000002e-06,0.9918148274064423,0.6599939623972212,1.3488e-06,0.5521375086314555,3.871056,1.279959041310678,1.5735053670955579,5.150362882800589,0.9184145739902485,0.07658719933414102,0.002537080941150962,0.0005826051096648499,33.0,1.0,5.0,1.0,9.0,9.0,32.0
20260820_154221_0988c02a,20.0,,0,0.0,0.0,0.0,0,0,0.0,0.0,3.939698,7.316582,-0.09668384880483825,0.48594711561203796,0.49547186175541413,1.9380635686797099,24.775361715178285,1.2275011077354078e-05,0.011039646731304599,4.430236367219196,0.3850195615739432,0.5774405904429458,1.9251594109995676e-05,1.698689123404513e-05,3.4e-07,2.0872e-06,3.064e-06,1.7472000000000002e-06,9.767999999999997e-07,1.0017508219954128,0.5787623719848158,1.3464e-06,0.5124644801114356,3.864168,1.1399635211673225,1.5690080143956662,5.322118486425436,0.9179284986116961,0.07688546885872495,0.00263715741459535,0.0005648277330359236,33.0,1.0,5.0,1.0,9.0,9.0,32.0
20260820_154221_60a69572,20.0,,0,0.0,0.0,0.0,0,0,0.0,0.0,3.939698,7.316582,-0.09551451953537486,0.48454908806719443,0.4938733058070898,1.9414596050419641,24.624971546509357,1.2195932366788667e-05,0.011903619084189306,4.478161764856504,0.3864473632737476,0.573928728617206,1.932298647946862e-05,1.701310998378206e-05,3.424e-07,2.0848e-06,2.9752e-06,1.7424e-06,8.904e-07,0.9802198811741069,0.5220529706810345,1.3175999999999999e-06,0.4646757365078995,3.7815119999999993,1.1399635211673225,1.5642247432053171,5.373231775571333,0.9226051439386221,0.07256537605668623,0.0022511235991626286,0.0005300590000675216,33.0,1.0,5.0,1.0,9.0,9.0,32.0
20260820_154222_c1948164,20.0,,0,0.0,0.0,0.0,0,0,0.0,0.0,3.939698,7.23618,-0.09410206239800326,0.4915082104825021,0.5004353296074022,1.6637838710832766,22.194290426941524,1.2522176652794055e-05,0.013055582221368916,4.4475209497776795,0.3982334009606909,0.5774552936776893,1.991230722147608e-05,1.7149087957190306e-05,3.424e-07,2.0752e-06,2.908e-06,1.7328000000000002e-06,8.327999999999999e-07,0.9081565231940427,0.5921524703355694,1.2984e-06,0.4204988846966818,3.7264079999999997,1.1399635211673225,1.5437516053588067,5.32081961146312,0.9212505725091341,0.07466742879902817,0.0016109489358865344,0.00048803958799998985,33.0,1.0,5.0,1.0,9.0,9.0,32.0
20260820_154223_ec6f1c57,20.0,,0,0.0,0.0,0.0,0,0,0.0,0.0,3.939698,7.23618,-0.09605866285878852,0.4904698637245459,0.49978790894957925,1.6575234679256814,21.95809763374749,1.2489797357335938e-05,0.009887683594124988,4.432577532119263,0.3990893142493326,0.5754154553081735,1.9955104255369428e-05,1.7222939684892017e-05,3.4e-07,2.068e-06,2.8816e-06,1.728e-06,8.136000000000001e-07,0.9017927876972281,0.5953919786878398,1.3008e-06,0.41646555943260327,3.7332959999999997,1.1399635211673225,1.5288122580327739,5.086083870024066,0.9205612243578712,0.07554843708769791,0.0015510657393746033,0.00047905119952486704,33.0,1.0,5.0,1.0,9.0,9.0,32.0
20260820_154223_4faa14f8,20.0,,0,0.0,0.0,0.0,0,0,0.0,0.0,3.939698,7.23618,-0.08998818450609579,0.45421544859922774,0.4630437852913057,1.7161280633603597,34.9925092882999,1.0720820410120397e-05,0.0030719016991456274,4.675441726502521,0.26775940497962425,0.5908224188302211,1.3388398664029178e-05,1.3452477881524682e-05,3.448e-07,1.6864e-06,2.236e-06,1.3416e-06,5.495999999999998e-07,0.7839496695240243,1.3310239787518119,1.2888e-06,0.478867728512809,3.698856,1.0199673610444466,1.5922892652752478,5.177058749306464,0.8368290326077472,0.15799112741483426,0.0027599358596261687,0.0005790751766235488,33.0,1.0,5.0,1.0,9.0,9.0,32.0
20260820_154224_60bdd8fb,20.0,,0,0.0,0.0,0.0,0,0,0.0,0.0,3.939698,7.316582,-0.09140450081597387,0.4352847500231741,0.4447781428669293,2.0687371168842494,38.44402376133765,9.891696342761924e-06,0.0030719016991456274,4.681489180535517,0.260023710418448,0.5654514165447353,1.300160155885907e-05,1.365962603374627e-05,3.424e-07,1.696e-06,2.2192e-06,1.3536e-06,5.231999999999999e-07,0.7937842835357104,1.329832807984402,1.86e-06,0.4888194113227339,5.3382,1.0799654411058845,1.6221648427458675,5.366875028219419,0.8367371305121344,0.15777625095708672,0.0029422061377479053,0.0006101580302093686,33.0,1.0,5.0,1.0,9.0,9.0,32.0
20260820_154224_f06e876a,20.0,,0,0.0,0.0,0.0,0,0,0.0,0.0,3.939698,7.23618,-0.09701187846788903,0.4859586813277271,0.4955473181459586,1.9688006588296532,24.42261111808694,1.227875013351383e-05,0.010847652875107996,4.474626093970315,0.3888640516865252,0.5749152454217484,1.9443824766808957e-05,1.6967148192330137e-05,3.424e-07,2.0872e-06,3.0448e-06,1.7448000000000002e-06,9.576e-07,0.9796531045602936,0.5685621732433177,1.3272e-06,0.5097944715880642,3.8090640000000002,1.1399635211673225,1.5706134391113806,5.349294754937795,0.9208669405657188,0.07418812941556566,0.002362773403020058,0.0005554545397582295,33.0,1.0,5.0,1.0,9.0,9.0,32.0
20260820_154225_a8f393d4,20.0,,0,0.0,0.0,0.0,0,0,0.0,0.0,3.939698,7.316582,-0.09686908908514927,0.4869722733860557,0.49651345950232806,1.7925692667213886,23.540275142980537,1.2326675214333246e-05,0.011519631371796103,4.4330881673456854,0.39290284399474584,0.5738723269566983,1.9645770844287685e-05,1.7199327664393786e-05,3.424e-07,2.08e-06,2.9248e-06,1.7376e-06,8.447999999999999e-07,0.9329156759379279,0.5492969061919474,1.2984e-06,0.41566872844876424,3.7264079999999997,1.1399635211673225,1.5474071029501564,5.406083819770527,0.92200762821998,0.07382292570717586,0.001619025343856845,0.00047973886649011204,33.0,1.0,5.0,1.0,9.0,9.0,32.0
20260820_154226_4b30b8d3,20.0,,0,0.0,0.0,0.0,0,0,0.0,0.0,3.939698,7.316582,-0.09452271220120956,0.47732658694189284,0.48659553401512956,1.7269304109221066,23.17081752826513,1.1839139526515412e-05,0.010655659018911395,4.453879159555366,0.3831127226290762,0.5638020354901431,1.9156249111810018e-05,1.725563333758943e-05,3.424e-07,2.0704e-06,2.8624e-06,1.7280000000000002e-06,7.919999999999998e-07,0.8614672080330656,0.5381062389174169,1.752e-06,0.4022495701117929,5.028239999999999,1.1399635211673225,1.514425404335667,5.295142228305418,0.9099777540686763,0.08587531026372056,0.0016783425519269477,0.00046583458970268256,33.0,1.0,5.0,1.0,9.0,9.0,32.0
20260820_154226_5728504d,20.0,,0,0.0,0.0,0.0,0,0,0.0,0.0,3.939698,7.316582,-0.09559556215801093,0.47157760305141616,0.4811693539742792,1.8085869585622518,24.27219949150315,1.1576567798516784e-05,0.012959585293270615,4.422811123154081,0.37172667628443656,0.5619287641618202,1.858692857690388e-05,1.7162413925392852e-05,3.4e-07,2.1304e-06,2.848e-06,1.7904e-06,7.176000000000001e-07,0.9073260173073826,0.4620948170509098,1.7712e-06,0.41242347212501373,5.083344,1.159962881187802,1.5234217162254502,5.499990544897722,0.8943495508770504,0.10147435790388741,0.001615094469072508,0.0004901927974634805,33.0,1.0,5.0,1.0,9.0,9.0,32.0
20260820_154227_dcfab7f4,20.0,,0,0.0,0.0,0.0,0,0,0.0,0.0,3.939698,7.23618,-0.09349617231448594,0.4691068235156896,0.47833330022740467,1.8725819685302127,24.938807222723657,1.1440503389715791e-05,0.009695689737928385,4.43635895669974,0.36231840598560383,0.5635759946239357,1.8116500008729767e-05,1.6820960261484066e-05,3.424e-07,2.128e-06,2.8432e-06,1.7856000000000003e-06,7.151999999999999e-07,0.9192670274280594,0.4337885350931823,1.776e-06,0.42363728907196385,5.09712,1.159962881187802,1.5164835784580846,5.345604048344645,0.8865862839205221,0.10913545866115597,0.001793273632822814,0.0004749163550751648,33.0,1.0,5.0,1.0,9.0,9.0,32.0
20260820_154227_d2ccd7a8,20.0,,0,0.0,0.0,0.0,0,0,0.0,0.0,3.939698,7.316582,-0.09489319276183163,0.47002327710907776,0.4795066204515752,1.9124987339413966,24.983750691161347,1.1496697835403042e-05,0.010943649803206298,4.467359371154333,0.3641090911834493,0.5641878927522381,1.820603713371836e-05,1.6908749129879702e-05,3.424e-07,2.1256e-06,2.8408e-06,1.7832000000000001e-06,7.151999999999999e-07,0.9265424842544527,0.41643370782134076,1.7736e-06,0.4260275304250017,5.090232,1.159962881187802,1.5182735365741185,5.401187413550591,0.8854265594933954,0.11020676386642114,0.0018477365978155007,0.00045911541296389063,33.0,1.0,5.0,1.0,9.0,9.0,32.0
20260820_154228_34be8653,20.0,,0,0.0,0.0,0.0,0,0,0.0,0.0,3.939698,7.23618,-0.09538716684266103,0.4701325432978751,0.4797117049499606,1.9622474981209779,25.230904907463557,1.150653419061169e-05,0.010367668234616493,4.422212748931248,0.361050590950372,0.5664106926726583,1.8053107228464123e-05,1.675347535857111e-05,3.4e-07,2.1304e-06,2.824e-06,1.7904e-06,6.936e-07,0.9549645617019454,0.3949772083306181,1.7736e-06,0.428464453237881,5.090232,1.159962881187802,1.5188056294332917,5.405408968936621,0.8822089256829181,0.11335860688970104,0.001885266643074975,0.00047435976505210347,33.0,1.0,5.0,1.0,9.0,9.0,32.0
20260820_154229_a9aa2c62,20.0,,0,0.0,0.0,0.0,0,0,0.0,0.0,3.939698,7.316582,-0.09620145224152826,0.47306178583233116,0.4827444175008691,1.93894851742452,24.66439205827127,1.1652481498888877e-05,0.009503695881731784,4.4925468866603,0.3678717781580788,0.5670411150670279,1.8394177502748994e-05,1.701007406775756e-05,3.424e-07,2.1304e-06,2.8432e-06,1.788e-06,7.128000000000002e-07,0.9426865420033339,0.39164653299779695,1.7712e-06,0.4243964020737054,5.083344,1.159962881187802,1.5150996036803603,5.387395367286743,0.8827457324907922,0.11284749084171378,0.0019014856045805075,0.00046512669066868187,33.0,1.0,5.0,1.0,9.0,9.0,32.0
20260820_154229_4b8b98b6,20.0,,0,0.0,0.0,0.0,0,0,0.0,0.0,3.939698,7.316582,-0.09624004396659307,0.46985205297798327,0.47960723279608425,1.982067379656205,25.450385860657867,1.1501522924472267e-05,0.01007967745032159,4.380397515961794,0.36065530120289835,0.5663450342252923,1.803334210862684e-05,1.6659325069921408e-05,3.4e-07,1.6216e-06,2.1328e-06,1.2816000000000001e-06,5.112000000000001e-07,0.8115865902740117,1.204974427511922,1.7688e-06,0.4311892533942863,5.076456,1.159962881187802,1.5265181944260753,5.48941323541356,0.8806735478879854,0.11479315489898285,0.0019598327911931044,0.00047009596593179057,33.0,1.0,5.0,1.0,9.0,9.0,32.0
20260820_154234_5af9e186,15.0,,1,0.9911972398878723,5.2488e-06,5722.50935724172,3,3,0.3000022751507221,15.064055999999999,4.0201,7.396984,-0.09723571047326485,0.4697487436885164,0.4797068538057176,2.1968188498489254,27.862733504092187,1.1506301469273947e-05,0.009887683594124988,4.456671570251073,0.36685141247277014,0.562370032986212,1.8343157585898463e-05,1.6270132235147682e-05,3.424e-07,2.0944e-06,3.0616e-06,1.752e-06,9.672000000000002e-07,1.0052297019647711,0.49373129170571817,1.3752e-06,0.5146655217449454,3.946824,1.1399635211673225,1.583201473100751,5.511313324297056,0.9149356863351016,0.07963859280001266,0.0026893620053817686,0.0005867661030462913,33.0,1.0,5.0,1.0,9.0,9.0,32.0
20260820_154237_b1c727e6,15.0,,1,0.9910488781464397,5.2488e-06,5723.046754568285,3,3,0.29965546103495944,15.064055999999999,3.939698,7.23618,-0.09615128299894404,0.4694497156073491,0.4791952678253031,2.1743163720408902,27.67326617392177,1.1481772640275728e-05,0.01228760679658251,4.4949361277303375,0.3667473712289239,0.5617507277759034,1.8337955357240164e-05,1.6289292175856943e-05,3.424e-07,2.0968e-06,3.1192e-06,1.7544e-06,1.0224000000000002e-06,1.0116846550531604,0.49360667386160983,1.3728e-06,0.5126975743478354,3.939936,1.1399635211673225,1.576650192671903,5.376806727416236,0.9144655886148817,0.08002440646628094,0.0028265068490569926,0.0006114590179146983,33.0,1.0,5.0,1.0,9.0,9.0,32.0
20260820_154237_b3e4fdf4,15.0,,1,0.9911205434936884,5.2488e-06,5724.612484173079,3,3,0.2996197992434581,15.064055999999999,3.939698,7.23618,-0.09590815513103579,0.469668272524901,0.4793606788600453,2.1683338689012364,27.699636075032625,1.1489700680514875e-05,0.0113276375155995,4.502119442285838,0.3660925738285521,0.5624967810303403,1.830521443954573e-05,1.6251550214609226e-05,3.4e-07,2.0968e-06,3.1144e-06,1.7568e-06,1.0176000000000002e-06,1.0120637357653053,0.49485283942001385,1.3728e-06,0.5135593897630273,3.939936,1.1399635211673225,1.5829079504902093,5.491096259723172,0.9144134924586856,0.08011906601007093,0.002762934894927904,0.0005947399728249929,33.0,1.0,5.0,1.0,9.0,9.0,32.0
20260820_154238_2d31fb38,15.0,,1,0.9908522836437165,5.2488e-06,5722.229035028139,3,3,0.3000668247055435,15.064055999999999,3.939698,7.316582,-0.09549522367284247,0.46982803024176684,0.4794347877920258,2.1765127347048354,27.818645529075013,1.1493253559604431e-05,0.010943649803206298,4.4530065438169855,0.36585582692642443,0.5628494809115625,1.8293376715644304e-05,1.6254910599999932e-05,3.424e-07,2.0968e-06,3.1024e-06,1.7544e-06,1.0056000000000002e-06,1.0021967936152187,0.49645270139922043,1.3752e-06,0.5139712418835954,3.946824,1.1399635211673225,1.5733345970116606,5.367353377906612,0.9145808201974591,0.08005332228127661,0.0027386061838729123,0.0005951656976982004,33.0,1.0,5.0,1.0,9.0,9.0,32.0
20260820_154239_8afd8261,15.0,,1,0.9911362545327815,5.2488e-06,5724.572233799668,3,3,0.30002984792713155,15.064055999999999,3.939698,7.316582,-0.09542575856772582,0.47001117684917476,0.4796004397009788,2.1727731255778493,27.606330682356834,1.150119711459943e-05,0.012191609868484209,4.459474949049091,0.366730667794249,0.5625711803982933,1.833712015878092e-05,1.625734207579551e-05,3.424e-07,2.0944e-06,3.1312e-06,1.752e-06,1.0368000000000004e-06,1.002600317020285,0.4953539089265419,1.3728e-06,0.512605339003213,3.939936,1.1399635211673225,1.575770706743947,5.3988030731853165,0.914672608254435,0.07982307096518687,0.0028317856025277593,0.0006116136096700742,33.0,1.0,5.0,1.0,9.0,9.0,32.0
20260820_154239_29e384fd,15.0,,1,0.9911001853111626,5.2488e-06,5723.890738463616,3,3,0.2993741480486243,15.064055999999999,3.939698,7.23618,-0.09761390937889988,0.46934316650821784,0.4793865697453286,2.1769595472288272,27.72455939178099,1.1490941860982844e-05,0.01007967745032159,4.437410183399137,0.3671429971240328,0.5615635877444126,1.835773728499704e-05,1.626771786707869e-05,3.424e-07,2.0992e-06,3.1024e-06,1.7568000000000003e-06,1.0032e-06,0.9927899753037955,0.5072649056425556,1.3728e-06,0.5135583050873419,3.939936,1.1399635211673225,1.5853846784310126,5.499190012985909,0.9142285101512134,0.08027762975351647,0.0027716130766714865,0.0005955390832709572,33.0,1.0,5.0,1.0,9.0,9.0,32.0
20260820_154240_4054ce99,15.0,,1,0.9913786390226931,5.2488e-06,5724.864247452754,3,3,0.2992666565342648,15.064055999999999,3.939698,7.316582,-0.0964793126619948,0.4691566072764195,0.478974091076805,2.181672608340988,27.813759975922274,1.1471176062030451e-05,0.009215705097436883,4.446360418407292,0.36533129393970487,0.5622353006495253,1.8267149227055548e-05,1.6185593755678422e-05,3.4e-07,2.0968e-06,3.0784e-06,1.7568e-06,9.816e-07,0.99332892230646,0.5002101070704648,1.3704e-06,0.5173778114816182,3.933048,1.1399635211673225,1.5723804329360216,5.346206095731944,0.9140583570019546,0.08062819575901323,0.002702379511973906,0.0005774682482933837,33.0,1.0,5.0,1.0,9.0,9.0,32.0
20260820_154240_0be2acb3,15.0,,1,0.9912608276233362,5.2488e-06,5727.640962708763,3,3,0.29919338016515773,15.064055999999999,3.939698,7.23618,-0.09546820946529712,0.4693402613682221,0.4789514171183763,2.1673278234563886,27.73127083843764,1.1470090029120979e-05,0.010847652875107996,4.461998669277283,0.36515774756981617,0.5624819657650058,1.825847163088692e-05,1.6209460172304626e-05,3.424e-07,2.0968e-06,3.0856e-06,1.7544e-06,9.888000000000002e-07,1.0028432798084388,0.4976222191307533,1.3728e-06,0.5137117496267748,3.939936,1.1399635211673225,1.5749323182264519,5.35649380988046,0.9137466797862728,0.08086638965894545,0.0027493065215769014,0.0006054198318639609,33.0,1.0,5.0,1.0,9.0,9.0,32.0
20260820_154241_6c25aedc,15.0,,1,0.9909121737958504,5.2488e-06,5725.5254353177925,3,3,0.2996803133943177,15.064055999999999,3.939698,7.23618,-0.09662210204473456,0.4691460706166222,0.4789925533644128,2.153494375160906,27.546603716897838,1.1472060403113878e-05,0.009791686666026688,4.439034225285766,0.36662669175001344,0.5614048083636068,1.8331921190207473e-05,1.626023161994114e-05,3.4e-07,2.0944e-06,3.112e-06,1.7543999999999999e-06,1.0176000000000002e-06,1.000108215274138,0.5015006897977617,1.3728e-06,0.5134062030197117,3.939936,1.1399635211673225,1.5806175870210792,5.485851774788811,0.915113059355211,0.07950091437987815,0.0026605241473100414,0.0006248301214116409,33.0,1.0,5.0,1.0,9.0,9.0,32.0
20260820_154242_5ad37066,15.0,,1,0.9912310870483344,5.2488e-06,5728.111341585401,3,3,0.2999352203607395,15.064055999999999,3.939698,7.316582,-0.09665297542478642,0.46964077853706476,0.47948332455192294,2.1765715248550084,27.717168891013532,1.1495580772981872e-05,0.01353556686186042,4.447883148266097,0.36721915023335044,0.5618448697738491,1.8361545062307896e-05,1.629895594396587e-05,3.4e-07,2.0944e-06,3.0616e-06,1.7543999999999999e-06,9.672000000000002e-07,0.9986707086116451,0.498199521532772,1.3728e-06,0.5125430734258636,3.939936,1.1399635211673225,1.5827117814312168,5.474752125170813,0.9145367852096298,0.08005281772867098,0.002724137005725344,0.0005795038150316746,33.0,1.0,5.0,1.0,9.0,9.0,32.0
20260820_154242_4abdb6f3,15.0,,1,0.9910395348873258,5.2488e-06,5722.338350143597,3,3,0.2994347412376653,15.064055999999999,3.939698,7.316582,-0.09676875059998079,0.4695805959151402,0.4794477314084398,2.157161197438574,27.658191883661768,1.1493874149838416e-05,0.0112316405875012,4.463137251936012,0.36685754555038536,0.5620041961653841,1.834346424959215e-05,1.6295854005562715e-05,3.424e-07,2.0944e-06,3.1072e-06,1.752e-06,1.0128000000000003e-06,1.0039832622604792,0.5042630172374497,1.3728e-06,0.5129499122476242,3.939936,1.1399635211673225,1.587115956237348,5.5206873358758655,0.9144492579390069,0.08007152474779125,0.002711132777666876,0.0006061232876408253,33.0,1.0,5.0,1.0,9.0,9.0,32.0
20260820_154243_3a21b4a5,15.0,,1,0.9911024136311065,5.2488e-06,5726.016536195294,3,3,0.30023775519436807,15.064055999999999,3.939698,7.316582,-0.09536787098012862,0.4706005315658313,0.4801665243697498,2.14889526012923,27.52255905611628,1.1528363452092077e-05,0.010559662090813094,4.4769215470466195,0.3661098644225671,0.563950986564776,1.830607899691143e-05,1.6180793404808487e-05,3.448e-07,2.0968e-06,3.0472e-06,1.752e-06,9.503999999999998e-07,1.0067223775047855,0.4972893493837022,1.3752e-06,0.5144374291781546,3.946824,1.1399635211673225,1.5743032003042274,5.360108830443952,0.915048377188997,0.0794552630529208,0.0028222647483505934,0.0006157208518761816,33.0,1.0,5.0,1.0,9.0,9.0,32.0
20260820_154243_b918c422,15.0,,1,0.9912244992988501,5.2488e-06,5725.954659390074,3,3,0.2996424012500113,15.064055999999999,3.939698,7.316582,-0.09688066660266871,0.46971443351844994,0.4796014101490276,2.1735801906464514,27.75857797379282,1.1501243658866975e-05,0.00902371124124028,4.464004367204888,0.36612002110553354,0.5627267333733652,1.8306586847310446e-05,1.6252781853495378e-05,3.4e-07,2.0944e-06,3.1528e-06,1.7543999999999999e-06,1.0584000000000003e-06,1.005470481781422,0.4958047415854925,1.3728e-06,0.5134810957793668,3.939936,1.1399635211673225,1.579290973137382,5.420982963807021,0.9142777701534572,0.08029022434081319,0.0027350948768551683,0.0006074144332338083,33.0,1.0,5.0,1.0,9.0,9.0,32.0
20260820_154244_c1912a3b,15.0,,1,0.9911021185480644,5.2488e-06,5723.146288859276,3,3,0.2998335088066476,15.064055999999999,4.0201,7.316582,-0.09601621196121723,0.4699037879442105,0.47961305537245225,2.177165563960449,27.630127935996324,1.150180219007756e-05,0.010463665162714793,4.489068500953878,0.3670299585565085,0.5623014475857303,1.8352085175759115e-05,1.625070614747461e-05,3.4e-07,2.0944e-06,3.0952e-06,1.7543999999999999e-06,1.0008000000000002e-06,1.0034597991367498,0.4976349307229317,1.3728e-06,0.5122624290980758,3.939936,1.1399635211673225,1.5811767063521025,5.437999994990862,0.9142627883963765,0.08028921478944565,0.00270689377077654,0.0006348424575140498,33.0,1.0,5.0,1.0,9.0,9.0,32.0
20260820_154245_20a4ee43,15.0,,1,0.9909788563859152,5.2488e-06,5726.379209595386,3,3,0.29980817141400057,15.064055999999999,3.939698,7.23618,-0.09520964490736294,0.4694763951774837,0.479033362212102,2.168764901138556,27.665055858932952,1.1474015262350925e-05,0.011519631371796103,4.47842939532575,0.3648722046138694,0.5628530048656892,1.824419402622085e-05,1.6190427021452824e-05,3.4e-07,2.0944e-06,3.0832e-06,1.7543999999999999e-06,9.888000000000002e-07,1.0047503209562476,0.4981926177563967,1.3728e-06,0.5147599683520797,3.939936,1.1399635211673225,1.581723822999233,5.4881363205973415,0.9144388254836998,0.0801576157409287,0.002710743712928341,0.0006010657021156424,33.0,1.0,5.0,1.0,9.0,9.0,32.0
20260820_154245_e52d03bb,15.0,,1,0.9913263285352608,5.2488e-06,5723.287162488396,3,3,0.2999396607486614,15.064055999999999,4.0201,7.396984,-0.09597376106364595,0.4703853300701554,0.48007637054734414,2.166718025100932,27.659631325023668,1.1524034835210036e-05,0.011711625227992704,4.507261865612273,0.36622876757422257,0.5636188604112538,1.8312024344739244e-05,1.6212166229977188e-05,3.424e-07,2.0944e-06,3.0904e-06,1.752e-06,9.960000000000003e-07,1.0134982680930735,0.49451438100185596,1.3752e-06,0.5140054179315925,3.946824,1.1399635211673225,1.577492072760295,5.4190246520660175,0.9144671707000721,0.08008066328401023,0.0027909198165080164,0.0005689785319417223,33.0,1.0,5.0,1.0,9.0,9.0,32.0
20260820_154246_85d7dee4,15.0,,1,0.9912307301606592,5.2488e-06,5724.497575925775,3,3,0.29981511096947416,15.064055999999999,3.939698,7.316582,-0.09622460727656715,0.46997736990657135,0.4797269048842558,2.1537385048367677,27.615759898753257,1.150726338413662e-05,0.009983680522223289,4.456866247292073,0.36685598747607046,0.5625752207787172,1.8343386343383484e-05,1.625943294712753e-05,3.424e-07,2.0968e-06,3.148e-06,1.7544e-06,1.0512000000000002e-06,0.9981962202147054,0.49698976527530153,1.3704e-06,0.5138015811043013,3.933048,1.1399635211673225,1.5786411672632827,5.413355499914828,0.9147158687301243,0.07987034302054076,0.0026751054227468853,0.0006306879506769727,33.0,1.0,5.0,1.0,9.0,9.0,32.0
20260820_154246_e050d017,15.0,,1,0.9914231673062265,5.2488e-06,5723.646302551954,3,3,0.2995597785891287,15.064055999999999,3.939698,7.316582,-0.0965757919746568,0.46950996613961243,0.47933964148602626,2.1773730162664893,27.788602242380335,1.1488692221384648e-05,0.0113276375155995,4.513244397833967,0.36573546288221265,0.5625797298358638,1.828735832085124e-05,1.6258483991755804e-05,3.448e-07,2.0992e-06,3.0592e-06,1.7544e-06,9.599999999999997e-07,1.0146560427765996,0.4927478068951803,1.3704e-06,0.5131871932093184,3.933048,1.1399635211673225,1.5813878998288196,5.460562500632753,0.9144863545500005,0.08010016588945196,0.0026827729942122394,0.0006222177714157904,33.0,1.0,5.0,1.0,9.0,9.0,32.0
20260820_154247_c85058ac,15.0,,1,0.9911967700509813,5.2488e-06,5725.907236845757,3,3,0.3004858839186269,15.064055999999999,3.939698,7.316582,-0.09487389689929922,0.4703257922324173,0.47979934050799794,2.150696009161782,27.613321771818832,1.1510738689446932e-05,0.011039646731304599,4.500097799030461,0.3664388330015418,0.5631936634144787,1.832252795220989e-05,1.621840099161428e-05,3.424e-07,2.0968e-06,3.0712e-06,1.7544e-06,9.744e-07,1.0170078178837034,0.49513434171904824,1.3704e-06,0.5131173102174572,3.933048,1.1399635211673225,1.5838481657276764,5.5061828965152255,0.9142010536406576,0.08033867873027786,0.002729351291639459,0.000609312973951224,33.0,1.0,5.0,1.0,9.0,9.0,32.0
20260820_154248_530e7234,15.0,,1,0.9913483167794315,5.2488e-06,5725.91527113162,3,3,0.2990255471213567,15.064055999999999,3.939698,7.23618,-0.09581939416338676,0.46939265078110476,0.4790728722283809,2.1615511409992223,27.61062396680661,1.1475908062564576e-05,0.012095612940385908,4.465498085213579,0.3655416613510304,0.5623808370790288,1.8277667934209682e-05,1.622065730381463e-05,3.4e-07,2.092e-06,3.1072e-06,1.7520000000000001e-06,1.0152e-06,0.9917597542544498,0.4997085674612791,1.3704e-06,0.5129064086548882,3.933048,1.1399635211673225,1.575089431120709,5.4092805872145915,0.9140728365954969,0.08054601333589419,0.0027676517668774915,0.0005656358689299386,33.0,1.0,5.0,1.0,9.0,9.0,32.0
20260820_154303_2b331aed,10.0,,1,0.9742458968242723,3.276e-06,5633.157094787991,3,4,0.29142865999828643,9.40212,3.939698,7.23618,-0.0920528417970625,0.5437172144088025,0.5514545628856313,1.3333093285884068,15.682203056481317,1.520559330978502e-05,0.012767591437074014,4.4811982553339025,0.46948110705245943,0.6159274305002479,2.3474806522394256e-05,1.6387766561427335e-05,3.424e-07,2.0824e-06,2.9488e-06,1.7400000000000003e-06,8.663999999999999e-07,0.9723261190629702,0.574882285225741,1.32e-06,0.4866762743154217,3.7884,1.1399635211673225,1.4917877273928735,4.805908447115429,0.9373249472293477,0.058940394345565604,0.0016826589788995145,0.0004042053646218458,33.0,1.0,5.0,1.0,9.0,9.0,32.0
20260820_154306_404d0428,10.0,,0,0.0,0.0,0.0,0,0,0.0,0.0,3.939698,7.316582,-0.09309867754631851,0.5225108584505734,0.5307400125858504,1.3208741850529022,16.361341906287134,1.4084698743918967e-05,0.010751655947009695,4.436581543793444,0.44372122786679485,0.598217202083693,2.2186771347304328e-05,1.6456187442156936e-05,3.424e-07,2.092e-06,2.8792e-06,1.7496000000000002e-06,7.871999999999998e-07,0.8608577757754005,0.5336333691535261,1.7616e-06,0.42657749995585487,5.055792,1.1399635211673225,1.4482574719952805,4.889677475991815,0.9246071411686272,0.07187534831862816,0.001379549083774068,0.0004158011483728449,33.0,1.0,5.0,1.0,9.0,9.0,32.0
20260820_154306_040d150e,10.0,,0,0.0,0.0,0.0,0,0,0.0,0.0,3.939698,7.23618,-0.09375473687242007,0.5203397177872942,0.5287186138136027,1.3488266372508546,16.59214623101107,1.397761589904503e-05,0.010847652875107996,4.46849764869994,0.43968150373379217,0.5975148844712136,2.1984778677095583e-05,1.645596876887052e-05,3.424e-07,2.128e-06,2.8936e-06,1.7856000000000003e-06,7.655999999999999e-07,0.8568678435237429,0.5124068218510706,1.7688e-06,0.42202373000015014,5.076456,1.1399635211673225,1.447229645756077,4.917672821047205,0.9218104107036047,0.07457419168092742,0.0014466231302481768,0.00041393991790507475,33.0,1.0,5.0,1.0,9.0,9.0,32.0
20260820_154307_3e1cb62b,10.0,,0,0.0,0.0,0.0,0,0,0.0,0.0,3.939698,7.23618,-0.09285940885091677,0.517578162970829,0.5258422050353125,1.4233994061243471,17.19762457035128,1.382594364585934e-05,0.01343956993376212,4.464469819184783,0.4349750606016078,0.5960220571447814,2.174944899017735e-05,1.660949792207398e-05,3.4e-07,2.116e-06,2.872e-06,1.7760000000000002e-06,7.56e-07,0.8975496444928291,0.4581221277702906,1.776e-06,0.42029164162707194,5.09712,1.159962881187802,1.4471055181327457,5.033959752938499,0.9141709246341654,0.08212170820450208,0.0014516084144168186,0.0004396720323916611,33.0,1.0,5.0,1.0,9.0,9.0,32.0
20260820_154308_123ceaf9,10.0,,0,0.0,0.0,0.0,0,0,0.0,0.0,4.0201,7.316582,-0.09214160276471153,0.5132134179382748,0.521419300862498,1.593503223680873,19.11316898522719,1.3594339370536512e-05,0.01247960065277911,4.440165274204109,0.42269470181274754,0.5971904113106214,2.1135411402160277e-05,1.6281621135766213e-05,3.424e-07,2.1016e-06,2.908e-06,1.7592e-06,8.064e-07,0.9530286166653885,0.4351234602673037,1.7448e-06,0.4213124496130675,5.007575999999999,1.1399635211673225,1.4599270864523124,5.015619638833219,0.9224564936238435,0.07385831012962532,0.0014515800372142656,0.0004398416952706648,33.0,1.0,5.0,1.0,9.0,9.0,32.0
20260820_154308_a376d1ed,10.0,,0,0.0,0.0,0.0,0,0,0.0,0.0,3.939698,7.23618,-0.09505913717961026,0.5180568700784839,0.5267059523081613,1.4338199962014413,17.42167086760142,1.387140188049867e-05,0.01238360372468081,4.437403889546302,0.43460015676901387,0.597473946572522,2.1730703198701522e-05,1.6522766859790863e-05,3.448e-07,2.128e-06,2.8744e-06,1.7832000000000001e-06,7.463999999999997e-07,0.9032725140640525,0.47004545524067504,1.7664e-06,0.4177480739407463,5.069568,1.159962881187802,1.4382371060489674,4.875257660165559,0.9179225096220155,0.07852659031296076,0.0014167458360099749,0.00041531050636165877,33.0,1.0,5.0,1.0,9.0,9.0,32.0
20260820_154309_9335f1a3,10.0,,0,0.0,0.0,0.0,0,0,0.0,0.0,3.939698,7.23618,-0.09126171143323414,0.5235109466040231,0.5314060699577707,1.4004424591041638,16.454877476017614,1.4120072387256058e-05,0.013823557646155324,4.453698101287029,0.4438768866751698,0.5995580374947629,2.219455453677717e-05,1.6757811171584834e-05,3.4e-07,2.1256e-06,2.812e-06,1.7856000000000001e-06,6.863999999999999e-07,0.9167581068449204,0.4327098987823632,1.7928e-06,0.43558367039679163,5.145336,1.159962881187802,1.4436075979544847,4.946178543433708,0.9040433708072182,0.09233296137182867,0.0014428705177168336,0.00043118228530560066,33.0,1.0,5.0,1.0,9.0,9.0,32.0
20260820_154310_7c3e8211,10.0,,0,0.0,0.0,0.0,0,0,0.0,0.0,3.939698,7.316582,-0.09294816981856581,0.5310000216477972,0.5390736362154823,1.4142994733989553,16.025453936756715,1.4530484223745527e-05,0.013727560718057022,4.476140273733784,0.4544940694288295,0.6050158777574579,2.272543066195256e-05,1.6842955993350633e-05,3.424e-07,1.6336e-06,2.1424e-06,1.2912e-06,5.088000000000001e-07,0.7909615906390238,1.1869432469066903,1.7904e-06,0.45142243967627377,5.138448,1.159962881187802,1.4442957470280569,4.8639953723712965,0.9027310097146177,0.09366335230506768,0.001476839620111638,0.0004406348111348346,33.0,1.0,5.0,1.0,9.0,9.0,32.0
20260820_154310_cdcd3514,10.0,,0,0.0,0.0,0.0,0,0,0.0,0.0,3.939698,7.23618,-0.09293659230104635,0.5295101801675984,0.5376041676639547,1.4618905988972537,16.269259971082572,1.4451374483668418e-05,0.01247960065277911,4.447212790320423,0.45174928395243374,0.6044560396123891,2.258818699647601e-05,1.6832595006486506e-05,3.424e-07,2.1424e-06,2.7808e-06,1.8000000000000001e-06,6.384000000000001e-07,0.9543454069128701,0.38375804913718825,1.7904e-06,0.45241619196598426,5.138448,1.159962881187802,1.4506263479083732,4.935072079414114,0.9010175545662698,0.0953518244705935,0.0014756826454599315,0.0004081950875224886,33.0,1.0,5.0,1.0,9.0,9.0,32.0
20260820_154311_1802cfb6,10.0,,0,0.0,0.0,0.0,0,0,0.0,0.0,3.939698,7.316582,-0.09406347067293847,0.529933345161108,0.5382167656517965,1.4525710670028562,16.256453824281028,1.4484327825092968e-05,0.01459153307094173,4.409719862850854,0.45197097474905784,0.6052081549552262,2.259927189101249e-05,1.6825812826974885e-05,3.4e-07,1.6144e-06,2.14e-06,1.2744e-06,5.255999999999999e-07,0.8037633876397714,1.189968800523728,1.788e-06,0.45163304758313144,5.13156,1.159962881187802,1.4487182732259227,4.887953388985176,0.901933943224657,0.09436989978252512,0.0015504731813019168,0.0003983711924320499,33.0,1.0,5.0,1.0,9.0,9.0,32.0
20260820_154311_39e0bf5a,10.0,,0,0.0,0.0,0.0,0,0,0.0,0.0,3.939698,7.316582,-0.09486617855428625,0.5292693151233702,0.5377040075772684,1.4548857283339112,16.244741924577696,1.4456742589192381e-05,0.011999616012287606,4.455200499343235,0.45187889267522074,0.604238905367447,2.2594667639989318e-05,1.683367600175185e-05,3.376e-07,2.1352e-06,2.7976e-06,1.7976e-06,6.624000000000002e-07,0.9425590829426539,0.3827459047315937,1.7904e-06,0.4518317628498048,5.138448,1.159962881187802,1.4466476944937097,4.877713896760879,0.9015388880917097,0.09490438135182055,0.001433103479766303,0.0004183429491165646,33.0,1.0,5.0,1.0,9.0,9.0,32.0
20260820_154312_1d768f75,10.0,,0,0.0,0.0,0.0,0,0,0.0,0.0,3.939698,7.316582,-0.09329163617164249,0.5291733976441264,0.5373339875289956,1.4444077019126746,16.287958180742795,1.4436852672193191e-05,0.012671594508975714,4.421332438430918,0.4508484959662713,0.6045944034908141,2.254314615590711e-05,1.6812864978625568e-05,3.4e-07,2.14e-06,2.7664e-06,1.8e-06,6.264e-07,0.953960888967556,0.38224608498665,1.7904e-06,0.45201022266349133,5.138448,1.159962881187802,1.4483964648972052,4.900349245534359,0.9009725837695992,0.09540853352232626,0.0014683422197676787,0.00044020080472118126,33.0,1.0,5.0,1.0,9.0,9.0,32.0
20260820_154313_05c4a406,10.0,,0,0.0,0.0,0.0,0,0,0.0,0.0,3.939698,7.316582,-0.09294431064605932,0.5297870960458125,0.537878250181327,1.4631969754701173,16.28238884712564,1.4466113501725535e-05,0.012959585293270615,4.450160643254696,0.451079900986921,0.6054419593334723,2.255471677718763e-05,1.6782882511913265e-05,3.424e-07,2.1424e-06,2.8024e-06,1.8000000000000001e-06,6.6e-07,0.9536152375856611,0.37765617300391413,1.788e-06,0.4523868464312686,5.13156,1.159962881187802,1.4508370935177597,4.954592068305178,0.9016068036733813,0.09473567660544382,0.0015114666794642112,0.0004257303506834397,33.0,1.0,5.0,1.0,9.0,9.0,32.0
20260820_154313_d2c4753e,10.0,,0,0.0,0.0,0.0,0,0,0.0,0.0,3.939698,7.316582,-0.09280152126331956,0.5290569768372866,0.537134440423434,1.456544430488852,16.323454564899777,1.4426131975901116e-05,0.013631563789958721,4.465633814211877,0.45087709635647266,0.6042928119391496,2.25445762211778e-05,1.682663724854218e-05,3.424e-07,1.6312e-06,2.14e-06,1.2887999999999998e-06,5.087999999999999e-07,0.7965914967282496,1.1814556182644844,1.788e-06,0.4535704520376224,5.13156,1.159962881187802,1.4446435234699264,4.8371798744748045,0.9010383377842208,0.09535428805981733,0.0014857240386681714,0.0004232980028626053,33.0,1.0,5.0,1.0,9.0,9.0,32.0
20260820_154314_19dc3e03,10.0,,0,0.0,0.0,0.0,0,0,0.0,0.0,3.939698,7.316582,-0.09420240088317174,0.5288495285311119,0.5371740091997501,1.4531943369572293,16.23262145441125,1.4428257497452514e-05,0.012671594508975714,4.414859325592917,0.45146213255027423,0.6037096496549899,2.257382896692579e-05,1.6823516223912526e-05,3.376e-07,1.6264e-06,2.1376e-06,1.2888e-06,5.112000000000001e-07,0.800386295048819,1.1919323097765036,1.7928e-06,0.45301837438230014,5.145336,1.159962881187802,1.4460794502871208,4.861196442012772,0.9018326860604251,0.09453395763076528,0.001494599523645443,0.00041685828806206393,33.0,1.0,5.0,1.0,9.0,9.0,32.0
20260820_154314_92771f53,10.0,,0,0.0,0.0,0.0,0,0,0.0,0.0,3.939698,7.316582,-0.09284011298838436,0.5289446264418117,0.537030450180773,1.4510017568013587,16.27922158675664,1.442054666379526e-05,0.014399539214745127,4.423923559813755,0.4506836280159284,0.6042456024797634,2.2534902494601246e-05,1.6815657440937358e-05,3.424e-07,2.14e-06,2.8048e-06,1.7976e-06,6.648e-07,0.9531159559737689,0.3797296415592027,1.7904e-06,0.4528178439110262,5.138448,1.159962881187802,1.4474410307620917,4.876795782724407,0.9010792627943017,0.09527564339549226,0.0015089358085433786,0.0004321453492901719,33.0,1.0,5.0,1.0,9.0,9.0,32.0
20260820_154315_6f9c1ad3,10.0,,0,0.0,0.0,0.0,0,0,0.0,0.0,4.0201,7.316582,-0.09407118901795142,0.5300356018060808,0.5383187975402544,1.4442685539856899,16.165891419352725,1.4489820048663726e-05,0.01247960065277911,4.439398143767283,0.4528469077674791,0.6047341340640049,2.2643069943426383e-05,1.6837284570763013e-05,3.448e-07,1.6384e-06,2.14e-06,1.2936e-06,5.015999999999998e-07,0.7984941591713087,1.180245181930454,1.788e-06,0.4498178540129033,5.13156,1.159962881187802,1.4478305199487407,4.871620011214066,0.9017078193390408,0.09462054948961357,0.0015115161927022737,0.00043809107495221196,33.0,1.0,5.0,1.0,9.0,9.0,32.0
20260820_154316_7188e1a9,10.0,,0,0.0,0.0,0.0,0,0,0.0,0.0,3.939698,7.316582,-0.0942294150907171,0.5294249596290121,0.5377452654803387,1.4512563196838537,16.14670107129453,1.445896119927887e-05,0.011807622156091005,4.427121043629685,0.45224249083027845,0.6041409793630845,2.261284812949925e-05,1.6825372760090944e-05,3.4e-07,1.6192e-06,2.14e-06,1.2792000000000002e-06,5.207999999999997e-07,0.803361018809933,1.186541314173616,1.7856e-06,0.4541381880227738,5.1246719999999994,1.159962881187802,1.444313626273431,4.873577276818396,0.9019104842966613,0.09456186968165542,0.0014213593699192438,0.00041418110624112734,33.0,1.0,5.0,1.0,9.0,9.0,32.0
20260820_154316_eb0a787e,10.0,,0,0.0,0.0,0.0,0,0,0.0,0.0,1.447236,2.653266,-0.09414065412306806,0.24752287739192072,0.26482076503003865,-0.06305123629941824,6.766990016300802,3.5066140876148934e-06,0.015119516175482385,1.5425404560922011,0.2609046903581617,0.2517598347364558,1.3045651965412658e-05,1.6726727678078522e-05,-3.872e-06,-2.5352e-06,-3.752e-07,1.3368000000000005e-06,2.1599999999999996e-06,0.39951655514385287,2.0986039510763868,3.504e-06,0.7512058973715399,10.056479999999999,1.4399539214745127,2.0465703253784997,10.438960718455164,0.9837086242506501,0.007503051820604211,0.0009155661552459099,0.0013085724417502614,33.0,1.0,5.0,1.0,9.0,9.0,32.0
20260820_154317_324b8091,10.0,,0,0.0,0.0,0.0,0,0,0.0,0.0,3.939698,7.316582,-0.09332250955169434,0.5289638597050181,0.5371329962523771,1.468137544424278,16.335718266021924,1.442605440212187e-05,0.012767591437074014,4.456765063803439,0.45115705580431753,0.6040012991247562,2.2558574641505163e-05,1.683770025289943e-05,3.4e-07,2.14e-06,2.7712e-06,1.8e-06,6.312e-07,0.9440024840844048,0.38572439617902526,1.788e-06,0.45192434013442145,5.13156,1.159962881187802,1.4519636294429454,4.950577352301367,0.9009392179457425,0.09538697933493509,0.0015325326703365093,0.00042474338155098546,33.0,1.0,5.0,1.0,9.0,9.0,32.0
20260820_154334_90bb97d3,5.0,,0,0.0,0.0,0.0,0,0,0.0,0.0,3.939698,7.316582,-0.09522894076989535,0.5479420402787193,0.5561555813483866,1.086536183299725,13.886119120639655,1.5465946427697157e-05,0.010751655947009695,4.39375029958635,0.4815328641361367,0.6145911337461395,2.4077413659389454e-05,1.571914139898666e-05,3.424e-07,2.1376e-06,2.8e-06,1.7952000000000002e-06,6.623999999999998e-07,0.8781395516838352,0.7682432927132553,1.7712e-06,0.6331485606994172,5.083344,1.159962881187802,1.4693611027807982,4.808453554790689,0.9141246441319312,0.08263794514617007,0.0012220018768474856,0.00036577216783971944,33.0,1.0,5.0,1.0,9.0,9.0,32.0
20260820_154336_c04ac63c,5.0,,0,0.0,0.0,0.0,0,0,0.0,0.0,3.939698,7.23618,-0.09413679495056158,0.5466169237345342,0.5546636796082557,1.0990164682221153,13.911259876528732,1.5383082116704446e-05,0.009407698953633484,4.415699338573291,0.47963499709331203,0.6135445486636354,2.398251727066095e-05,1.569900779571377e-05,3.424e-07,2.14e-06,2.8024e-06,1.7976e-06,6.624000000000002e-07,0.8767009676177042,0.7665945417185879,1.7736e-06,0.6337155326191873,5.090232,1.159962881187802,1.470978015682509,4.788711114145948,0.9135735255385786,0.08312788009605702,0.0012764668895233742,0.0003589532064231715,33.0,1.0,5.0,1.0,9.0,9.0,32.0
20260820_154337_f8fb2a5d,5.0,,0,0.0,0.0,0.0,0,0,0.0,0.0,3.939698,7.316582,-0.09550294201785542,0.5476839205566579,0.5559482788626812,1.0923159835423337,13.834470403354256,1.5454418964100908e-05,0.010559662090813094,4.390695213260332,0.4817025010597563,0.6140385145507143,2.408589577698951e-05,1.5730784596885624e-05,3.424e-07,2.1256e-06,2.8192e-06,1.7832000000000001e-06,6.936e-07,0.8787056724110378,0.7707716126810354,1.7712e-06,0.6339709126990136,5.083344,1.159962881187802,1.4672649533745634,4.76850124992247,0.9145625116335776,0.08220245766658091,0.001217709896494139,0.0003575001496650825,33.0,1.0,5.0,1.0,9.0,9.0,32.0
20260820_154338_b2796a16,5.0,,0,0.0,0.0,0.0,0,0,0.0,0.0,3.939698,7.316582,-0.09407890736296437,0.5477697657394466,0.5557900296594546,1.08245797271635,13.89102012412653,1.544562209753418e-05,0.010655659018911395,4.436045469671957,0.480574108135343,0.6148553298050401,2.4029474325340168e-05,1.569246430053163e-05,3.424e-07,2.1256e-06,2.8312e-06,1.7832000000000001e-06,7.056000000000001e-07,0.8712776178949242,0.7678233575463744,1.7736e-06,0.6334346722278179,5.090232,1.159962881187802,1.4647888053597178,4.754690365974712,0.9144133355553034,0.08235889483011016,0.0012842223002956549,0.00035427341978429885,33.0,1.0,5.0,1.0,9.0,9.0,32.0
20260820_154338_0d6ebddd,5.0,,0,0.0,0.0,0.0,0,0,0.0,0.0,3.939698,7.23618,-0.09530612422002495,0.5476363383096864,0.5558676248452362,1.0911095408050548,13.872326300249124,1.5449935199660372e-05,0.010367668234616493,4.4637480989198925,0.4813509387570172,0.6142054993716234,2.406831709935287e-05,1.570276691132161e-05,3.448e-07,2.1328e-06,2.8336e-06,1.788e-06,7.007999999999997e-07,0.8639429442951879,0.7704112499308614,1.7712e-06,0.6330963708324377,5.083344,1.159962881187802,1.4803314608810285,4.954830098068645,0.9140792698161181,0.08261766862315689,0.0012257285233445324,0.0003502644423778003,33.0,1.0,5.0,1.0,9.0,9.0,32.0
20260820_154339_3c3ee384,5.0,,0,0.0,0.0,0.0,0,0,0.0,0.0,3.939698,7.316582,-0.0952791100124796,0.5474956906176877,0.555724428156356,1.0888183070425959,13.858399582520654,1.5441976129909528e-05,0.01007967745032159,4.443148112992247,0.4813671581916091,0.6139325377491424,2.406912809703356e-05,1.5735921337846847e-05,3.424e-07,2.1304e-06,2.8312e-06,1.788e-06,7.008000000000001e-07,0.8681286999262855,0.7683254484140768,1.7736e-06,0.6328758960647234,5.090232,1.159962881187802,1.4682562602083171,4.785134865776092,0.9141385296233651,0.08263417375237561,0.001248382417726937,0.00035056953748734593,33.0,1.0,5.0,1.0,9.0,9.0,32.0
20260820_154340_2714e63d,5.0,,0,0.0,0.0,0.0,0,0,0.0,0.0,3.939698,7.316582,-0.09495879869444178,0.5477578520680207,0.5559279071531337,1.086319330221505,13.850059363187498,1.5453286386923883e-05,0.01007967745032159,4.46674879566297,0.4811891564253756,0.6144869464031054,2.4060227723919057e-05,1.5711398108952802e-05,3.424e-07,2.1472e-06,2.812e-06,1.8048e-06,6.648e-07,0.8690546824111434,0.7641403633365977,1.7712e-06,0.6324550808892626,5.083344,1.159962881187802,1.4691865998001596,4.777709304137794,0.9137688956171887,0.0828815381139663,0.0013229346922078407,0.0003814805642419877,33.0,1.0,5.0,1.0,9.0,9.0,32.0
20260820_154340_9c26ebe0,5.0,,0,0.0,0.0,0.0,0,0,0.0,0.0,3.939698,7.23618,-0.09361966583469328,0.5473206134733676,0.5552697504491516,1.0944301489665043,13.872157211700863,1.5416718107386376e-05,0.010367668234616493,4.380622050334789,0.48052512956569315,0.614023632358935,2.402702531849196e-05,1.5694976996314175e-05,3.4e-07,1.6384e-06,2.1376e-06,1.2984000000000001e-06,4.992e-07,0.8096533211768675,1.0940698825943735,1.7736e-06,0.6335984399712306,5.090232,1.159962881187802,1.464587978871264,4.701054790882297,0.913484744177456,0.08322309903391582,0.0012900752398611894,0.0003741980393646643,33.0,1.0,5.0,1.0,9.0,9.0,32.0
20260820_154341_e23138a9,5.0,,0,0.0,0.0,0.0,0,0,0.0,0.0,3.939698,7.23618,-0.09297518402611114,0.54783642594609,0.555669986986948,1.0931767617336132,13.850349323775987,1.5438950752518852e-05,0.010463665162714793,4.43539263269415,0.4806344980887248,0.6147589731178902,2.4032493919633183e-05,1.5683604412700938e-05,3.424e-07,2.1352e-06,2.812e-06,1.7928e-06,6.768e-07,0.8744808313998298,0.7687700477504761,1.7712e-06,0.633766239594851,5.083344,1.159962881187802,1.4628917410960045,4.733843234354631,0.9138525848733574,0.08295004585620395,0.0011997412956865118,0.0004013868531174377,33.0,1.0,5.0,1.0,9.0,9.0,32.0
20260820_154341_51f13666,5.0,,0,0.0,0.0,0.0,0,0,0.0,0.0,2.090452,3.939698,-0.08824383853316693,0.3678134938072433,0.378250897243825,0.6046248208893203,6.860469713236256,7.153915981273958e-06,0.008495728136699625,3.1771403681227595,0.36327049601486944,0.3779919258017515,1.8164106033537095e-05,1.3409304386736409e-05,-4.0496e-06,-2.9168e-06,-1.28e-06,1.1328e-06,1.6368000000000002e-06,0.792208552867851,0.4308715823966763,0.0,0.0,0.0,1.159962881187802,1.6611444695536304,7.426658056195742,0.974457863629949,0.018698825873390404,0.0016545760842332086,0.0011348590010469273,33.0,1.0,5.0,1.0,9.0,9.0,32.0
20260820_154342_5655e407,5.0,,0,0.0,0.0,0.0,0,0,0.0,0.0,3.939698,7.316582,-0.094148372468081,0.5463114373435288,0.5543645935760516,1.099107599185571,13.992164129424129,1.5366496842701223e-05,0.009503695881731784,4.432041227257466,0.4780001385928503,0.6142775502654491,2.3900771729864263e-05,1.5651358283919585e-05,3.4e-07,2.1352e-06,2.7952e-06,1.7952e-06,6.6e-07,0.8756277965175486,0.7652826318331232,1.7712e-06,0.6340770635572666,5.083344,1.159962881187802,1.4711912167586083,4.821471597643502,0.9132525174092776,0.08345176092083768,0.0012996406398657816,0.00036393894065789957,33.0,1.0,5.0,1.0,9.0,9.0,32.0
20260820_154343_e722e4b2,5.0,,0,0.0,0.0,0.0,0,0,0.0,0.0,3.939698,7.23618,-0.09678418729000672,0.5475836331955617,0.5560710514431033,1.0812202617400737,13.795356409934161,1.5461245456674727e-05,0.009599692809830085,4.423944142606631,0.4820699783533866,0.6137769926468659,2.4104270229634698e-05,1.573605494493995e-05,3.448e-07,2.128e-06,2.8144e-06,1.7832000000000001e-06,6.863999999999999e-07,0.871867944736592,0.7724717236378182,1.7712e-06,0.6329544759664242,5.083344,1.159962881187802,1.4649215184116875,4.7561702767356095,0.9148546437658592,0.0818981101139541,0.00124538118692045,0.00037247062511882976,33.0,1.0,5.0,1.0,9.0,9.0,32.0
20260820_154343_edd1eb9b,5.0,,0,0.0,0.0,0.0,0,0,0.0,0.0,3.939698,7.316582,-0.09272433781318998,0.547752347449287,0.5555451709439108,1.088647515355775,13.875446134373668,1.5432015656654085e-05,0.009503695881731784,4.43748895051762,0.48027434925986695,0.6148541484442779,2.4014485901952162e-05,1.5682356935132245e-05,3.448e-07,2.1352e-06,2.8408e-06,1.7903999999999998e-06,7.056000000000001e-07,0.8712193245135553,0.7637176408312493,1.7712e-06,0.6337058829735546,5.083344,1.159962881187802,1.4677458397803114,4.805999667538418,0.9140573043721214,0.08274740723999582,0.001188692593167525,0.0003790208245342458,33.0,1.0,5.0,1.0,9.0,9.0,32.0
20260820_154344_691343dd,5.0,,0,0.0,0.0,0.0,0,0,0.0,0.0,3.939698,7.316582,-0.09454200806374195,0.5469212670491432,0.5550324888142719,1.0918265458503469,13.866000825562473,1.5403546079670067e-05,0.009791686666026688,4.445675307781816,0.48040774404011743,0.6135479898245699,2.4021155854396337e-05,1.5716442718016137e-05,3.424e-07,2.1352e-06,2.8264e-06,1.7928e-06,6.912000000000003e-07,0.8648231197733423,0.7728488913086816,1.7712e-06,0.6333051631048506,5.083344,1.159962881187802,1.4656426986654603,4.7498671508682655,0.9141939988784444,0.08256292273882233,0.0012616295471863871,0.0003832587687113544,33.0,1.0,5.0,1.0,9.0,9.0,32.0
20260820_154345_0de652bc,5.0,,0,0.0,0.0,0.0,0,0,0.0,0.0,3.939698,7.316582,-0.09501282710953247,0.5476079794735791,0.5557894713814591,1.0879222399619566,13.871425275919794,1.5445591068022484e-05,0.009407698953633484,4.437005070966721,0.48130978426823184,0.6141373513385393,2.406625930906642e-05,1.5708109127978673e-05,3.4e-07,2.1376e-06,2.8384e-06,1.7976000000000002e-06,7.007999999999997e-07,0.870689069979963,0.7705083124366467,1.7736e-06,0.6339381666809706,5.090232,1.159962881187802,1.464291973803301,4.6874535048681345,0.9140997661031142,0.08266936030034135,0.0012162374551209284,0.0003989385413962774,33.0,1.0,5.0,1.0,9.0,9.0,32.0
20260820_154345_01c04eb4,5.0,,0,0.0,0.0,0.0,0,0,0.0,0.0,3.939698,7.316582,-0.09488547441681865,0.5461137325814407,0.5542954646840781,1.0986470364557712,13.943455279173953,1.536266469800637e-05,0.008543726600748777,4.428527255954089,0.4785683667007168,0.6135970353810097,2.392918404442256e-05,1.5647882835816243e-05,3.4e-07,2.1328e-06,2.8144e-06,1.7928000000000002e-06,6.816e-07,0.8665179494267059,0.77217675947091,1.7736e-06,0.6329709474014735,5.090232,1.159962881187802,1.4642266788377467,4.713804913514793,0.9141155141991035,0.08264803819559445,0.0012419158759826427,0.00037471611652697083,33.0,1.0,5.0,1.0,9.0,9.0,32.0
20260820_154346_ed3679d7,5.0,,0,0.0,0.0,0.0,0,0,0.0,0.0,3.939698,7.316582,-0.0956225763655563,0.5476123360653619,0.5558983249855584,1.0948287283156861,13.882835936843591,1.5451641822803826e-05,0.01017567437841989,4.434238637775177,0.48140096448674985,0.6141697276946443,2.407081846588067e-05,1.5718914125022972e-05,3.424e-07,2.1328e-06,2.8192e-06,1.7904000000000003e-06,6.863999999999999e-07,0.8717208077573151,0.7686218343465961,1.7736e-06,0.6338876732410351,5.090232,1.159962881187802,1.471232241025363,4.834454837416476,0.9143016562901368,0.08237198800247193,0.0013079129146897712,0.00036940815803347476,33.0,1.0,5.0,1.0,9.0,9.0,32.0
20260820_154346_fd481acb,5.0,,0,0.0,0.0,0.0,0,0,0.0,0.0,3.939698,7.316582,-0.09413293577805508,0.546812539909646,0.5548558041515234,1.0936717425390463,13.929119657099438,1.539374075397312e-05,0.009215705097436883,4.432486873268887,0.47963325660014267,0.6138999185532887,2.3982430243217692e-05,1.5695051003821387e-05,3.4e-07,2.1304e-06,2.8264e-06,1.7904e-06,6.960000000000002e-07,0.8742982393759338,0.7662903475285594,1.7712e-06,0.6332703897460507,5.083344,1.159962881187802,1.4675207906560772,4.768217570739204,0.9139741818972482,0.08271247383211514,0.0012989015498283659,0.000359123457651529,33.0,1.0,5.0,1.0,9.0,9.0,32.0
20260820_154347_56f15f0c,5.0,,0,0.0,0.0,0.0,0,0,0.0,0.0,3.939698,7.23618,-0.09547592781031006,0.5477523620637411,0.5560110636827719,1.091197327046051,13.910279712128592,1.5457909784167064e-05,0.009599692809830085,4.427704350365556,0.4809984818089205,0.614710631726484,2.405069368801692e-05,1.5701009024875097e-05,3.424e-07,2.1208e-06,2.8288e-06,1.7784000000000002e-06,7.079999999999998e-07,0.8714620843805291,0.7774059671516412,1.7712e-06,0.6337144039576981,5.083344,1.159962881187802,1.4713823291152957,4.849134762454838,0.9136006315357219,0.08316979125676396,0.001201766856831825,0.0003763683928378868,33.0,1.0,5.0,1.0,9.0,9.0,32.0
20260820_154348_0c26fee8,5.0,,0,0.0,0.0,0.0,0,0,0.0,0.0,3.939698,7.23618,-0.09446096544110587,0.5463014944358054,0.5544079696530887,1.1037235808161163,13.88043959279791,1.536890162985791e-05,0.009983680522223289,4.4329000117400055,0.47991890299015066,0.6128115117689475,2.3996713019752316e-05,1.5712660065912682e-05,3.4e-07,2.1256e-06,2.8264e-06,1.7856000000000001e-06,7.008000000000001e-07,0.8702477835068565,0.7702520225927051,1.7712e-06,0.6332948229219815,5.083344,1.159962881187802,1.4698399253194978,4.768988986653498,0.9132850472791924,0.08339020230155039,0.001317263325630687,0.0003641482951631051,33.0,1.0,5.0,1.0,9.0,9.0,32.0
20260820_155203_56b45d2d,25.0,gurultulu_yuksek_kazanc,0,0.0,0.0,0.0,0,0,0.0,0.0,4.180904,8.201004000000001,-0.09627477651915135,1.9302206018575414,1.9326200879710171,0.1803571671235274,-0.38312972149712987,0.0001867569962541022,0.005471824901603149,4.988371971124878,2.4944836304596714,1.1089896483422872,0.0001247281726967923,2.579463260743848e-05,-3.2288e-06,-1.2896e-06,4.12e-07,1.9392e-06,1.7016e-06,0.7089872290856961,2.1103975404470514,1.3248e-06,0.14330809306823628,3.802176,1.159962881187802,1.394735860140599,1.7742037099800225,0.8454097876773595,0.15121764088637124,0.0028715546574856247,0.0002953596771516621,79.0,1.0,5.0,1.0,9.0,9.0,32.0
20260820_155206_9ff9babb,25.0,gurultulu_yuksek_kazanc,0,0.0,0.0,0.0,0,0,0.0,0.0,4.180904,8.201004000000001,-0.09250050580781412,1.9583510833410236,1.960534444787355,0.15790229774683676,-0.46053434203557586,0.00019219091537237782,0.004895843333013344,4.714908072714808,2.5445378582615685,1.094390458895965,0.00012723096417365163,2.589379811823197e-05,-3.8528e-06,-1.76e-06,-1.064e-07,2.0927999999999997e-06,1.6536000000000001e-06,1.1041910871135423,0.8777396151330922,1.5744e-06,0.10751320600848359,4.518528,1.1399635211673225,1.390240599107471,1.7435730016255475,0.8489231778467652,0.1477227684120219,0.0028685468141329846,0.00028921214717259996,79.0,1.0,5.0,1.0,9.0,9.0,32.0
20260820_155206_5f5073f7,25.0,gurultulu_yuksek_kazanc,0,0.0,0.0,0.0,0,0,0.0,0.0,4.180904,8.201004000000001,-0.09207985600460786,1.9582787716876124,1.9604424111725836,0.15809216126710143,-0.4617781260566125,0.0001921728717113247,0.004895843333013344,4.693703076324459,2.5446642164858764,1.0937685518607783,0.0001272372822870402,2.588627905368003e-05,-3.8696e-06,-1.76e-06,-1.208e-07,2.1096e-06,1.6392000000000001e-06,1.1061908889919876,0.8624295201206708,1.572e-06,0.10752033704576251,4.51164,1.1399635211673225,1.3898421599575266,1.7279534340241187,0.848691444397198,0.14799873532893687,0.002830962670560461,0.0002832023322643978,79.0,1.0,5.0,1.0,9.0,9.0,32.0
20260820_155207_4db44c5f,25.0,gurultulu_yuksek_kazanc,0,0.0,0.0,0.0,0,0,0.0,0.0,4.180904,8.201004000000001,-0.09336496044926562,1.9273787135038363,1.929638754043719,0.175146647650339,-0.36233754744430646,0.00018618124366452356,0.005039838725160795,5.088532377176595,2.487423644379488,1.1150963453284466,0.0001243751620968054,2.5770841941146103e-05,-3.728e-06,-1.1792e-06,4.168e-07,2.5488e-06,1.596e-06,0.7579390126413466,2.231205023034168,1.6727999999999999e-06,0.14733808314907426,4.800935999999999,1.159962881187802,1.3993314078263028,1.7941985306959096,0.8445985952737359,0.15200754169664937,0.0028645511046833726,0.00031193448225262925,79.0,1.0,5.0,1.0,9.0,9.0,32.0
20260820_155207_68a84473,25.0,gurultulu_yuksek_kazanc,0,0.0,0.0,0.0,0,0,0.0,0.0,4.180904,8.120602,-0.09204126427954304,1.9588973259634415,1.9610584713355432,0.1577473705569143,-0.46504321996627107,0.00019229366960036968,0.004895843333013344,4.679335383655931,2.546405718766105,1.0919267748342938,0.00012732436018745528,2.5879182716422424e-05,-4.3472e-06,-3.8192e-06,-1.7576e-06,5.279999999999999e-07,2.0616e-06,1.6170361499146548,1.0959802864677735,1.572e-06,0.10461037114922288,4.51164,1.1399635211673225,1.3901717084207905,1.7295591750205472,0.8490154390210138,0.14765836503711613,0.002842690390642906,0.00028696751963033795,79.0,1.0,5.0,1.0,9.0,9.0,32.0
20260820_155223_872dfeaf,20.0,gurultulu_yuksek_kazanc,0,0.0,0.0,0.0,0,0,0.0,0.0,4.180904,8.201004000000001,-0.1043057145051358,2.1194442960649487,2.1220093793856503,0.1448269429511088,-0.5603453899599069,0.0002251533949881236,0.005759815685898052,5.052782104060071,2.770335039182497,1.1483203246933995,0.00013852118449518756,2.658011356574068e-05,-4.2248e-06,-2.9768e-06,-4.016e-07,1.2479999999999997e-06,2.5752e-06,1.1317550960905112,1.0191238461732617,2.3664e-06,0.09664571596907526,6.791568,1.4399539214745127,1.4580134055538598,1.6496625444013093,0.8880406420899825,0.10785876995874717,0.003576155031923629,0.00034055182295883034,79.0,1.0,5.0,1.0,9.0,9.0,32.0
20260820_155225_bfcb66b5,20.0,gurultulu_yuksek_kazanc,0,0.0,0.0,0.0,0,0,0.0,0.0,4.180904,8.201004000000001,-0.10375771200921567,2.1198971680703447,2.1224348437570595,0.14464613645352614,-0.5596197091853328,0.00022524369086716827,0.005855812613996352,4.98508941049752,2.77016162147456,1.1503017995817335,0.00013851251333232235,2.6581097281164046e-05,-4.28e-06,-2.948e-06,-4.016e-07,1.3319999999999997e-06,2.5464e-06,1.1494212018491732,1.0104889240281998,2.364e-06,0.09910331654865488,6.784680000000001,1.4399539214745127,1.4569508333081018,1.6420682680755523,0.8885541841882968,0.10736761581788669,0.003561268545209486,0.0003340156732184633,79.0,1.0,5.0,1.0,9.0,9.0,32.0
20260820_155226_6fe45bd9,20.0,gurultulu_yuksek_kazanc,0,0.0,0.0,0.0,0,0,0.0,0.0,4.180904,8.201004000000001,-0.10606935634059705,2.1187851947246785,2.121438523676565,0.1458620195958595,-0.5575961694176059,0.0002250322712892058,0.006143803398291255,4.974207400662721,2.7685389370711224,1.1503341905906566,0.00013843137651585542,2.657882114252892e-05,-4.2104e-06,-2.9864e-06,-4.184e-07,1.2240000000000005e-06,2.568e-06,1.1438567113510327,0.9993670135900937,2.3664e-06,0.09830191522278199,6.791568,1.4399539214745127,1.4572104800877332,1.6390610355886115,0.8884685747456199,0.10741251423852285,0.003593807922346377,0.00034130626618535375,79.0,1.0,5.0,1.0,9.0,9.0,32.0
20260820_155226_d0f72b8d,20.0,gurultulu_yuksek_kazanc,0,0.0,0.0,0.0,0,0,0.0,0.0,4.180904,8.201004000000001,-0.1039815440145915,2.147130110599615,2.1496464531032013,0.15149334295696035,-0.6196878141072841,0.00023105638723475605,0.00566381875779975,4.862435045731739,2.8247676895707903,1.1182383283364041,0.00014124290410684283,2.6382956848440686e-05,-4.5368e-06,-2.8304e-06,-2.3144e-06,1.7064000000000003e-06,5.160000000000002e-07,0.6621378487345668,1.4970710010854114,2.3424e-06,0.05565230083340496,6.722687999999999,1.4399539214745127,1.4469956861087756,1.6424980535103302,0.8888189115086342,0.10707001474373457,0.003601813685825749,0.00032971432127318643,79.0,1.0,5.0,1.0,9.0,9.0,32.0
20260820_155226_e5a49fb2,20.0,gurultulu_yuksek_kazanc,0,0.0,0.0,0.0,0,0,0.0,0.0,4.180904,8.201004000000001,-0.10410889670730535,2.147161584405896,2.149684053976782,0.15087451899032187,-0.6166456570207499,0.00023106447042255368,0.00556782182970145,4.853260590454436,2.824646085099334,1.118701030493208,0.00014123682368870284,2.6377078566120615e-05,-4.5536e-06,-2.8424e-06,-2.3312e-06,1.7111999999999998e-06,5.112000000000003e-07,0.6521895287948754,1.5152643225617966,2.3424e-06,0.057323657836918014,6.722687999999999,1.4399539214745127,1.4474948619900665,1.6320525652993283,0.8885783947623371,0.10731122685812508,0.003598213056306183,0.000332508866592657,79.0,1.0,5.0,1.0,9.0,9.0,32.0
20260820_155231_190ac384,15.0,gurultulu_yuksek_kazanc,0,0.0,0.0,0.0,0,0,0.0,0.0,4.180904,8.201004000000001,-0.12227788086781219,2.1686120537647637,2.172056656692764,0.13188288087098718,-0.6063497318058708,0.0002358990545223592,0.006383795718537007,5.211649686579192,2.8209879643897047,1.20870905828414,0.00014105391180022826,2.7439660771611783e-05,-4.2584e-06,-1.7912e-06,-5.024e-07,2.4672e-06,1.2888e-06,1.266525442698448,0.9766642485178825,8.976e-07,0.30686523583566877,2.5761119999999997,1.339957121372116,1.5238902496616924,1.6275155929984162,0.8674577009589335,0.12882442432565927,0.00322999130227244,0.00031041468869444643,79.0,1.0,5.0,1.0,9.0,9.0,32.0
20260820_155233_7baa611c,15.0,gurultulu_yuksek_kazanc,0,0.0,0.0,0.0,0,0,0.0,0.0,4.180904,8.201004000000001,-0.11932947307286165,2.217448528434891,2.220656997242463,0.11898267596471918,-0.6893299084054267,0.0002465737650780946,0.005807814149947202,5.182594547331292,2.9248751742165915,1.1362183126536018,0.0001462484385111083,2.7076751513671788e-05,-4.316e-06,-2.8928e-06,-7.856e-07,1.4231999999999998e-06,2.1072e-06,0.925172631975981,1.0410058757964462,2.1168e-06,0.2221990887181908,6.075215999999999,1.339957121372116,1.507580255211752,1.5904949830363126,0.883093079497533,0.1130488273470054,0.003372392484683354,0.00031206741792009585,79.0,1.0,5.0,1.0,9.0,9.0,32.0
20260820_155234_274f8d2d,15.0,gurultulu_yuksek_kazanc,0,0.0,0.0,0.0,0,0,0.0,0.0,4.180904,8.201004000000001,-0.11767774724008828,2.2167381108448754,2.219859433447895,0.11909982866622171,-0.6874992952947134,0.0002463966796548273,0.0059038110780455025,5.173962650401794,2.923397920439674,1.1370575749393266,0.0001461745734586564,2.7111984007959325e-05,-4.292e-06,-3.0008e-06,-7.208e-07,1.2911999999999996e-06,2.28e-06,0.8886267044429974,1.0933172532373399,2.1144e-06,0.22754487377642796,6.068328,1.339957121372116,1.5092686118093122,1.5939208136443672,0.882778447411897,0.11334352327127248,0.00339186805152191,0.00031214844041442454,79.0,1.0,5.0,1.0,9.0,9.0,32.0
20260820_155234_8a25d6be,15.0,gurultulu_yuksek_kazanc,0,0.0,0.0,0.0,0,0,0.0,0.0,4.180904,8.201004000000001,-0.12128221436114041,2.180486920198161,2.1838572720476956,0.12305419210713472,-0.5990431699566137,0.00023846926000591567,0.00676778343093021,5.1332305027067475,2.829641372607042,1.230952520646041,0.00014148659605654827,2.7622011799009456e-05,-3.2168e-06,-2.6384e-06,-5.696e-07,5.783999999999998e-07,2.0688e-06,1.4062859344862544,0.7093313699738999,2.1072e-06,0.2523204290380619,6.047663999999999,1.339957121372116,1.5203328963659881,1.62310500834387,0.8768486952875248,0.11920070596710886,0.0034427640165802715,0.00032482555725097713,79.0,1.0,5.0,1.0,9.0,9.0,32.0
20260820_155235_f427a14c,15.0,gurultulu_yuksek_kazanc,0,0.0,0.0,0.0,0,0,0.0,0.0,4.180904,8.201004000000001,-0.11920597955265429,2.217531430373779,2.2207331470162472,0.12033809397337392,-0.6877239648174429,0.0002465906761619707,0.0059038110780455025,5.1508974146781545,2.924515343057849,1.137512472021762,0.00014623044637744134,2.7089768772069154e-05,-4.28e-06,-2.9216e-06,-7.928e-07,1.3583999999999996e-06,2.1288000000000003e-06,0.9460601018572182,1.0058736209039643,2.1096e-06,0.2258898011148965,6.054552,1.339957121372116,1.5083834050813614,1.6064675887762923,0.8828175220704597,0.11334274799685551,0.0033487379679538174,0.0003142079141306826,79.0,1.0,5.0,1.0,9.0,9.0,32.0
20260820_155240_d129be4e,10.0,gurultulu_yuksek_kazanc,0,0.0,0.0,0.0,0,0,0.0,0.0,4.180904,8.201004000000001,-0.12207334472496878,2.064604627738489,2.0682103786538555,0.18037669765262407,-0.4839048172159828,0.00021388155250924882,0.005519823365652299,5.136738108740105,2.6819462493390787,1.1601667803833244,0.00013410160358095287,2.7295161090685705e-05,-3.068e-06,-1.46e-06,4.168e-07,1.608e-06,1.8768e-06,0.9867569126003982,2.712947536051675,9.48e-07,0.2769309623444125,2.72076,1.1399635211673225,1.418904349612376,1.7512075273644405,0.8565963709571719,0.13983296755367391,0.0030220042943516316,0.00032966081991647034,79.0,1.0,5.0,1.0,9.0,9.0,32.0
20260820_155242_4faf60ed,10.0,gurultulu_yuksek_kazanc,0,0.0,0.0,0.0,0,0,0.0,0.0,4.180904,8.201004000000001,-0.11365648948833638,2.042657712024946,2.0458172758332545,0.168453088717774,-0.4567613035560054,0.00020927511289421164,0.005375827973504848,5.182692338730368,2.6315220732522024,1.195971424551049,0.00013158031409792734,2.7475790445691235e-05,-3.488e-06,-1.16e-06,4.144e-07,2.328e-06,1.5744e-06,0.9039958881252185,4.080757916880762,9.528e-07,0.32653494310180275,2.7345360000000003,1.1399635211673225,1.419832455283711,1.6736864370383602,0.8495559462193968,0.14714275771435598,0.0028249916175165095,0.00029302949883831174,79.0,1.0,5.0,1.0,9.0,9.0,32.0
20260820_155243_4395995c,10.0,gurultulu_yuksek_kazanc,0,0.0,0.0,0.0,0,0,0.0,0.0,4.180904,8.201004000000001,-0.11504579159066906,2.04188103674203,2.0451194836413427,0.16958759663816586,-0.45676988145165565,0.00020913237714039533,0.005375827973504848,5.1858397457565,2.631267622073873,1.1939854582087293,0.00013156759113188896,2.7465968504894605e-05,-3.3824e-06,-1.0568e-06,4.144e-07,2.3256000000000002e-06,1.4712e-06,0.9521635043817762,4.0804976413052225,9.552e-07,0.32758188449582615,2.7414240000000003,1.1399635211673225,1.419552908688814,1.694403554536972,0.8498876277674268,0.14683030600989525,0.002810503900887779,0.00028249345543906237,79.0,1.0,5.0,1.0,9.0,9.0,32.0
20260820_155243_d1125b74,10.0,gurultulu_yuksek_kazanc,0,0.0,0.0,0.0,0,0,0.0,0.0,4.180904,8.201004000000001,-0.12171058250935968,2.070998272827042,2.0745715972092547,0.17510920758555512,-0.4928328816132006,0.00021519925175306705,0.005423826437553998,5.133902295000952,2.6926132166327976,1.1581459647928467,0.00013463496901278647,2.7286269507470712e-05,-3.092e-06,-1.4072e-06,4.192e-07,1.6848000000000002e-06,1.8264e-06,0.9836020472012793,2.7592323999524297,9.48e-07,0.2750988073679333,2.72076,1.1399635211673225,1.417846006019136,1.7364292864509945,0.8588940821449559,0.13750543306210275,0.003054256732375826,0.00032983769586764837,79.0,1.0,5.0,1.0,9.0,9.0,32.0
20260820_155244_ce7980f6,10.0,gurultulu_yuksek_kazanc,0,0.0,0.0,0.0,0,0,0.0,0.0,4.180904,8.201004000000001,-0.11419677363924352,2.04283917074291,2.0460285385671417,0.16827714873231933,-0.45491383592641954,0.00020931833700400866,0.005279831045406547,5.156792731403828,2.6313329172893414,1.1969702538647466,0.00013157085599713474,2.7479836427260836e-05,-3.2816e-06,-1.136e-06,4.144e-07,2.1456000000000003e-06,1.5504e-06,0.9737864885945572,4.058637450216241,9.528e-07,0.32636676115799834,2.7345360000000003,1.1399635211673225,1.4201189572368063,1.6907436781319962,0.8503229305377001,0.14637236112731442,0.002827897699483565,0.0002892705269713451,79.0,1.0,5.0,1.0,9.0,9.0,32.0
20260820_155250_e48c8652,5.0,gurultulu_yuksek_kazanc,0,0.0,0.0,0.0,0,0,0.0,0.0,4.180904,8.201004000000001,-0.11010605078237494,2.0020198003590575,2.005045292119011,0.17725843828665147,-0.3065123711919102,0.00020101676350302807,0.005135835653259095,5.442589478428903,2.529731492811712,1.2691977453781114,0.00012649062221097409,2.520136037730077e-05,-1.784e-06,-1.352e-07,4.024e-07,1.6488e-06,5.375999999999999e-07,1.4186333336986188,1.9145174944450924,1.716e-06,0.6756708130357152,4.92492,1.159962881187802,1.473834780205261,1.8777997420470947,0.8492750675547964,0.14661925451679197,0.003430489456746952,0.00038652340393174905,79.0,1.0,5.0,1.0,9.0,9.0,32.0
20260820_155253_28c4cc32,5.0,gurultulu_yuksek_kazanc,0,0.0,0.0,0.0,0,0,0.0,0.0,4.180904,8.201004000000001,-0.10587639771527309,2.003386478826964,2.0061822437505183,0.17080370217034904,-0.30762170477776873,0.00020124479938450548,0.005039838725160795,5.10415905173003,2.5303691510692365,1.2736854018677723,0.00012652250614410355,2.5259554286564262e-05,-3.5768e-06,-2.0024e-06,-1.064e-07,1.5744000000000001e-06,1.8960000000000001e-06,1.0810908132047368,2.3227422337635235,1.716e-06,0.6683203414054069,4.92492,1.159962881187802,1.4695223214184365,1.803042640378876,0.8490295725536663,0.14693024373731162,0.0034068401472641965,0.0003781637991651901,79.0,1.0,5.0,1.0,9.0,9.0,32.0
20260820_155253_d7163e92,5.0,gurultulu_yuksek_kazanc,0,0.0,0.0,0.0,0,0,0.0,0.0,4.180904,8.201004000000001,-0.10376543035422864,2.0078461932781124,2.0105257024962415,0.16044507327989047,-0.33743964143687766,0.00020211714756166092,0.004943841797062494,5.3907947306404385,2.5455049192677817,1.2580121991887911,0.0001272793187712599,2.5104666884629962e-05,-3.8384e-06,-1.8896e-06,4.096e-07,1.9488000000000003e-06,2.2992e-06,0.6865696886310175,3.4648643586883607,1.716e-06,0.658315872628547,4.92492,1.159962881187802,1.4702956863911896,1.8587352943952147,0.8473337314078427,0.14856001417244305,0.0034441749333247182,0.00038097335135151716,79.0,1.0,5.0,1.0,9.0,9.0,32.0
20260820_155253_614bfdb4,5.0,gurultulu_yuksek_kazanc,0,0.0,0.0,0.0,0,0,0.0,0.0,4.180904,8.201004000000001,-0.10973942939425936,2.0014351665152468,2.0044414354447206,0.18306708768884714,-0.3085645844570206,0.00020089570186313365,0.005519823365652299,5.079041479526856,2.530051495109791,1.266938643146959,0.00012650662283788175,2.5157328757787236e-05,-1.7456e-06,-1.376e-07,4e-07,1.608e-06,5.375999999999999e-07,1.4419195014868413,2.0007303481560808,1.716e-06,0.6680602579715805,4.92492,1.159962881187802,1.4666916371318057,1.816296920077912,0.8483609512104759,0.14765386614637596,0.003377731550752646,0.00035587934358185,79.0,1.0,5.0,1.0,9.0,9.0,32.0
20260820_155254_ce486b19,5.0,gurultulu_yuksek_kazanc,0,0.0,0.0,0.0,0,0,0.0,0.0,4.180904,8.201004000000001,-0.11016393836997214,2.0003056882187815,2.0033369510987407,0.1838732755496912,-0.3053303269400933,0.00020067436835618325,0.005135835653259095,5.103173531676724,2.5265648820049145,1.2705522530468913,0.00012633228660405694,2.5178513675211465e-05,-1.7408e-06,-1.184e-07,4e-07,1.6224e-06,5.184e-07,1.3570159797016852,2.0647750387317947,1.716e-06,0.6690157161620305,4.92492,1.159962881187802,1.466677196867944,1.7926968182692642,0.846983716494988,0.14913266535954806,0.0032930099986993957,0.0003509794740852291,79.0,1.0,5.0,1.0,9.0,9.0,32.0
20260820_155347_51042c15,25.0,5mm_optimize,1,0.7204785592760755,8.0592e-06,5739.904877308919,3,2,0.03722311458970021,23.129904000000003,2.01005,3.21608,-0.08626022386483631,0.07084042075227402,0.11162074822169439,8.968219902690112,380.78760756042607,6.229795063848383e-07,0.0002879907842949026,2.134389820830047,0.09542354895946024,0.09171441457082008,4.771330125651347e-06,2.3447688718085892e-05,1.984e-07,2.0704e-06,2.7376e-06,1.872e-06,6.671999999999997e-07,0.20359439008341743,0.45755810764209737,1.8792e-06,0.10787405627475898,5.393304,4.459857284566893,13.214707465397577,27.580274859589682,0.7636268672603522,0.09454281019107992,0.10144936554201463,0.021530105951165467,33.0,7.5,10.0,6.0,9.0,9.0,32.0
20260820_155349_173292a8,25.0,5mm_optimize,0,0.0,0.0,0.0,0,0,0.0,0.0,2.01005,3.21608,-0.08666929615052317,0.07155951140954654,0.11239364113863433,8.67427696512579,374.15752157741326,6.316367401489152e-07,0.000671978496688106,2.1493590905677467,0.09610489664988416,0.09250707197347592,4.805398600328848e-06,2.354005784697226e-05,2.008e-07,2.0704e-06,2.572e-06,1.8696e-06,5.016e-07,0.20049332955299054,0.462062061602811,1.8864e-06,0.097186575180923,5.413968,4.4398579245464145,13.57906098365547,28.415869984520224,0.7621181933481079,0.094263508105112,0.1026951936044386,0.021100126043511084,33.0,7.5,10.0,6.0,9.0,9.0,32.0
20260820_155350_5391b3c3,25.0,5mm_optimize,1,0.8452527343556362,8.0496e-06,5732.610935116076,3,3,0.03526857352115294,23.102352,2.090452,3.296482,-0.08777687865988286,0.07204416489383997,0.11355677928914068,8.6385588503544,364.8047369946094,6.447777383535264e-07,0.0002879907842949026,2.110931018453863,0.09754710985163653,0.09280328298789679,4.877511567957589e-06,2.3451480250708436e-05,1.96e-07,2.0464e-06,2.5576e-06,1.8504e-06,5.111999999999999e-07,0.20448664474900283,0.49906864217159586,1.8864e-06,0.10326488084982301,5.413968,4.4398579245464145,14.228684277938763,29.562625921063272,0.7640707863170662,0.09298034217787565,0.10065489637854817,0.02101205471517138,33.0,7.5,10.0,6.0,9.0,9.0,32.0
20260820_155350_e24b0784,25.0,5mm_optimize,0,0.0,0.0,0.0,0,0,0.0,0.0,2.01005,3.21608,-0.08774214610732456,0.0718730803945732,0.1134214436908818,8.52430413281108,360.8640654583005,6.43241777524416e-07,0.0005759815685898052,2.1260724099986734,0.0974456409651348,0.09259939029340096,4.872437961282284e-06,2.3502353921298464e-05,1.96e-07,2.0464e-06,2.5648e-06,1.8504e-06,5.184e-07,0.2036308928451167,0.47258688553754286,1.8792e-06,0.09737085986561785,5.393304,4.4398579245464145,14.174122889057227,29.341685480297105,0.7648462469939993,0.09128906067760004,0.101087621411731,0.02156311056984026,33.0,7.5,10.0,6.0,9.0,9.0,32.0
20260820_155351_09a3a03c,25.0,5mm_optimize,0,0.0,0.0,0.0,0,0,0.0,0.0,2.01005,3.21608,-0.08615602620716135,0.07119192339101406,0.11176381707834199,9.000193268389522,378.49967706520323,6.245775262373471e-07,0.00047998464049150427,2.0912541656961188,0.09545486216760384,0.09212345110208167,4.77289583615966e-06,2.350430438449311e-05,1.96e-07,2.044e-06,2.584e-06,1.848e-06,5.400000000000003e-07,0.20967229916401814,0.48623257822305066,1.8816e-06,0.10432488792164649,5.400192,4.419858564525935,13.091149386942247,27.236021560922353,0.7615222156701946,0.09570374642036719,0.10279901353567189,0.02139964471680114,33.0,7.5,10.0,6.0,9.0,9.0,32.0
20260820_155359_6eab1875,20.0,5mm_optimize,0,0.0,0.0,0.0,0,0,0.0,0.0,2.01005,3.21608,-0.08651492925026398,0.07146440030392302,0.11221405212350873,8.886964084374087,378.4559738460463,6.29619821888467e-07,0.0003839877123932034,2.100974105605389,0.09587329687726237,0.09245273707696787,4.7938182411381224e-06,2.3468262669352634e-05,1.96e-07,2.044e-06,2.704e-06,1.848e-06,6.6e-07,0.17172200269659385,0.5591302799219249,1.8384e-06,0.0886690257377689,5.2762080000000005,4.579853444689769,13.568913559803322,28.323581757173454,0.761287325742642,0.0947241658956625,0.10277361687805701,0.021514774086166356,33.0,7.5,10.0,6.0,9.0,9.0,32.0
20260820_155401_cb7fa773,20.0,5mm_optimize,0,0.0,0.0,0.0,0,0,0.0,0.0,2.090452,3.296482,-0.08709766429874242,0.07184750390359916,0.11290733786372845,9.183187828990258,377.49135472344983,6.374237440808159e-07,0.0001919938561966017,2.107357429610078,0.09670487408369209,0.09272022319579927,4.835398431983139e-06,2.3551872170603563e-05,1.96e-07,2.0416e-06,7.8376e-06,1.8456000000000002e-06,5.795999999999999e-06,0.17700879197022376,0.49538767563465275,1.8432e-06,0.08339175077196173,5.2899840000000005,4.539854724648811,13.969464495646415,28.928251294289723,0.7619234291079282,0.0930034598948042,0.10232336102335825,0.02184200235634773,33.0,7.5,10.0,6.0,9.0,9.0,32.0
20260820_155402_2ff467f5,20.0,5mm_optimize,1,0.726275830861387,6.4584e-06,5751.523639544875,3,2,0.037318826296332805,18.535608,2.01005,3.21608,-0.08547295267351443,0.07090550055227353,0.11105501180629941,9.376157831553323,391.91489367951243,6.166805155099007e-07,0.0002879907842949026,2.1110563890707175,0.09454816080963288,0.09197950530688775,4.727559317538939e-06,2.340319572718803e-05,1.96e-07,2.0296e-06,2.5984e-06,1.8336000000000001e-06,5.688e-07,0.166490391452939,0.5593171916014,1.8456e-06,0.0811082552591316,5.2968720000000005,4.519855364628332,12.67224743790281,26.46308104362093,0.7597817670421141,0.09728922289283977,0.10329826634129213,0.02201273393034358,33.0,7.5,10.0,6.0,9.0,9.0,32.0
20260820_155402_64cb6967,20.0,5mm_optimize,0,0.0,0.0,0.0,0,0,0.0,0.0,2.01005,3.21608,-0.08642230911010845,0.07115899961342999,0.1119482859980771,8.736090389223373,375.49870391982336,6.266409887653439e-07,0.00047998464049150427,2.096209641473349,0.09575779324878453,0.092004140377401,4.788042874908424e-06,2.352052368936559e-05,1.936e-07,2.0344e-06,2.5984e-06,1.8408e-06,5.64e-07,0.17399176601196986,0.5461510827518056,1.8384e-06,0.08486950034375408,5.2762080000000005,4.519855364628332,13.317399675288277,27.54847011771708,0.7630147209345048,0.09401227638671153,0.10262971900583634,0.02106078219031095,33.0,7.5,10.0,6.0,9.0,9.0,32.0
20260820_155403_21d5ca10,20.0,5mm_optimize,0,0.0,0.0,0.0,0,0,0.0,0.0,2.01005,3.21608,-0.0862795197273687,0.07098103477884381,0.11172494270600833,9.01651394547668,378.54026161573057,6.241431130735585e-07,0.0002879907842949026,2.0841537800005923,0.09558979939134592,0.09177621043012031,4.779642913246322e-06,2.3508829052895307e-05,1.984e-07,2.0008e-06,8.4832e-06,1.8023999999999999e-06,6.482400000000001e-06,0.17009075420212674,0.5546020312916267,1.8312e-06,0.08159319410656908,5.255544,4.0398707241368275,13.374137451562461,27.85180615117395,0.7634569502626669,0.09482637838011167,0.10121329148659593,0.0212213603696582,33.0,7.5,10.0,6.0,9.0,9.0,32.0
20260820_155409_f005710c,15.0,5mm_optimize,1,0.9962274678951957,5.2824e-06,5590.628846693958,2,2,0.01481113176157234,15.160487999999997,2.01005,3.21608,-0.08877254516655465,0.07242533760326501,0.1145687317826941,8.357118360743351,352.91143790843495,6.563207167056287e-07,0.00047998464049150427,2.1523206824955428,0.09892985243530762,0.09288592442178147,4.946650909529277e-06,2.3265526413111996e-05,1.984e-07,2.0008e-06,6.6112e-06,1.8023999999999999e-06,4.610400000000001e-06,0.195299124270871,0.48117839419006286,1.824e-06,0.10310442561017265,5.2348799999999995,4.519855364628332,14.813112625522317,30.60142230357083,0.767943371687499,0.08973223651201655,0.09886982047513558,0.020824818924064313,33.0,7.5,10.0,6.0,9.0,9.0,32.0
20260820_155411_82ed21dd,15.0,5mm_optimize,1,0.9844248183562504,5.4528e-06,5617.787596947515,2,2,0.01438871426150852,15.649536,2.01005,3.21608,-0.08745656734184504,0.07170721611520761,0.11309542879449977,8.601903539254367,360.5496671619228,6.395492656322111e-07,0.0003839877123932034,2.081962326020608,0.09729038178743632,0.09224452054810911,4.8646747539826755e-06,2.346729734191918e-05,1.96e-07,1.9888e-06,3.2488e-06,1.7928e-06,1.2600000000000002e-06,0.1805811698982824,0.498418890324349,1.824e-06,0.09802135339970736,5.2348799999999995,4.519855364628332,14.035855357524024,29.161860537346605,0.7657391786858422,0.09058625552755956,0.10193785861972836,0.021039214416697597,33.0,7.5,10.0,6.0,9.0,9.0,32.0
20260820_155411_c55f400e,15.0,5mm_optimize,1,0.9870388003210222,5.2824e-06,5730.643444726985,2,2,0.014978635208053603,15.160487999999997,2.090452,3.296482,-0.08806245742536238,0.07255521890171127,0.11410195527539833,8.617211881269457,359.2675957714207,6.509836406933663e-07,0.000671978496688106,2.1440507886951825,0.09813370091144487,0.09324736317683407,4.906842059493702e-06,2.3410783818968367e-05,1.984e-07,2.0008e-06,3.0328e-06,1.8023999999999999e-06,1.032e-06,0.195627709575848,0.48433848413365066,1.824e-06,0.09928887617229329,5.2348799999999995,4.459857284566893,14.056662039957947,29.241154779622768,0.7648986495940201,0.09202802609383592,0.10113186286948608,0.020723029745690097,33.0,7.5,10.0,6.0,9.0,9.0,32.0
20260820_155412_4a0d4af5,15.0,5mm_optimize,1,0.968196137165373,5.2824e-06,5218.846129849396,2,2,0.014643386093340314,15.160487999999997,2.01005,3.21608,-0.087657244312182,0.07242355091815393,0.11370559884192158,8.389855683605319,352.8069247549299,6.464688467411328e-07,0.0007679754247864068,2.0897166139276777,0.09772173836387928,0.09308269161314249,4.886243272975347e-06,2.326517994241732e-05,1.96e-07,1.996e-06,6.1336e-06,1.8000000000000001e-06,4.1376e-06,0.20275159491001166,0.45353305113953496,1.8192e-06,0.10952280058245575,5.2211039999999995,4.519855364628332,13.968255195185266,29.112482649511804,0.7633420860026664,0.09302426925314701,0.10148991516136871,0.021422116006274333,33.0,7.5,10.0,6.0,9.0,9.0,32.0
20260820_155412_02d6d08a,15.0,5mm_optimize,0,0.0,0.0,0.0,0,0,0.0,0.0,2.01005,3.21608,-0.08823612018815397,0.0721958005277862,0.11400809848298606,8.522548073335994,355.453059108399,6.499131225397439e-07,0.0005759815685898052,2.1073249682159,0.09825268727241226,0.09273011759169693,4.912791567920249e-06,2.346650780101847e-05,1.936e-07,1.996e-06,6.616e-06,1.8024e-06,4.62e-06,0.19632809642819535,0.46955699285832025,1.8264e-06,0.09803216927412112,5.2417679999999995,4.0798694441777865,14.430720315879473,29.81652035300133,0.7660502659737712,0.09080772729853982,0.10075250789652748,0.020405724159221653,33.0,7.5,10.0,6.0,9.0,9.0,32.0
20260820_155419_1e937e92,10.0,5mm_optimize,0,0.0,0.0,0.0,0,0,0.0,0.0,2.01005,3.21608,-0.08719028443889794,0.07178696321371299,0.11294031073085867,8.929475171899705,373.8680388493578,6.377960982212062e-07,0.0001919938561966017,2.0992158128631573,0.09679122639942316,0.09263593409998475,4.839716185933397e-06,2.342830443188781e-05,1.96e-07,2.0368e-06,5.0368e-06,1.8408000000000002e-06,2.9999999999999997e-06,0.17134372055802014,0.5679980407133816,1.8288e-06,0.07636084414302924,5.2486559999999995,4.539854724648811,13.862162381151933,28.75887219521208,0.7628248363991851,0.0938584587514457,0.10139536091981925,0.02138245625137047,33.0,7.5,10.0,6.0,9.0,9.0,32.0
20260820_155421_0973fa4b,10.0,5mm_optimize,1,0.9945002043725483,3.4656e-06,5308.542591488317,3,3,0.012796117015763522,9.946271999999999,2.01005,3.21608,-0.08824383853316692,0.07204007279191023,0.11391552627684849,8.561903015815172,360.322651363494,6.48858119141971e-07,0.0003839877123932034,2.0919869307709305,0.0981235420720183,0.09263372383074989,4.90633410126823e-06,2.3385014885320658e-05,1.96e-07,1.9984e-06,4.8616e-06,1.8023999999999999e-06,2.8632000000000004e-06,0.16848680895559973,0.5535009428185665,1.8264e-06,0.07455824484385278,5.2417679999999995,4.459857284566893,14.661586827320388,30.25703664153993,0.766033853890723,0.09176611199354393,0.09870128740910447,0.02122274509505496,33.0,7.5,10.0,6.0,9.0,9.0,32.0
20260820_155421_df22c289,10.0,5mm_optimize,1,0.9313049989960515,2.772e-06,7467.837689571597,2,3,0.021580049133003723,7.95564,2.01005,3.21608,-0.08573923557646154,0.07082683662224692,0.1112099694413699,9.020804701624677,382.92927082952474,6.184026534092065e-07,0.0002879907842949026,2.084361157917598,0.09487318137856682,0.09177038687273689,4.743810866018546e-06,2.336761897038868e-05,1.96e-07,1.9984e-06,5.0128e-06,1.8023999999999999e-06,3.0144e-06,0.16929408349298733,0.5802956766490155,1.8432e-06,0.07855019909593886,5.2899840000000005,4.4798566445873735,12.706744881017288,26.513167083319715,0.7620145636293519,0.0945673726559364,0.10454239134050307,0.021288790248216363,33.0,7.5,10.0,6.0,9.0,9.0,32.0
20260820_155422_07611b56,10.0,5mm_optimize,1,0.9803487215285916,3.24e-06,5639.179077897182,3,3,0.012927209986522635,9.2988,2.01005,3.21608,-0.08635670317749831,0.07136697681914803,0.11203002081581238,9.051833558527491,379.27959672519324,6.275563593604702e-07,0.00047998464049150427,2.1474885892247775,0.09572216278470848,0.0923007312573926,4.786261294695879e-06,2.3342428234370214e-05,1.96e-07,2.0368e-06,2.7232e-06,1.8408000000000002e-06,6.863999999999999e-07,0.16948202325948075,0.5225394506639779,1.836e-06,0.08147444486848322,5.2693200000000004,4.459857284566893,13.377080301023534,27.849590431666154,0.7616666841447766,0.09520082255730533,0.10238215506750174,0.02121549410844942,33.0,7.5,10.0,6.0,9.0,9.0,32.0
20260820_155422_b94ad38a,10.0,5mm_optimize,0,0.0,0.0,0.0,0,0,0.0,0.0,2.01005,3.21608,-0.08814350004799844,0.07218859985118321,0.11393186801411513,8.51039652719261,361.24897334801983,6.490442962121663e-07,0.0001919938561966017,2.1517465701926484,0.09800486340546037,0.09287711010965731,4.900399978054467e-06,2.3581916930586858e-05,1.984e-07,2.0368e-06,4.864e-06,1.8384e-06,2.8272000000000002e-06,0.17156944110197597,0.5357296726327128,1.8312e-06,0.07617547602207794,5.255544,3.4398899235224474,14.416481945360418,29.941624438769665,0.7651500833472121,0.09255762609859504,0.09927633995836849,0.021288574018314854,33.0,7.5,10.0,6.0,9.0,9.0,32.0
20260820_155429_ae09af92,5.0,5mm_optimize,1,0.9599280809086264,1.872e-06,5617.138081854344,5,4,0.029073475123270416,5.37264,2.01005,3.21608,-0.08700118498608043,0.0719621460860088,0.11290596378529463,8.509264810572995,365.3093398995323,6.374082293249664e-07,0.0007679754247864068,2.1530210356037913,0.09670709009241565,0.09281401938311566,4.83550923596493e-06,2.327479011730431e-05,1.984e-07,2.0632e-06,2.7112e-06,1.8648e-06,6.48e-07,0.1955728994606319,0.4954670899853982,1.8816e-06,0.10195170689030315,5.400192,4.459857284566893,13.040193523308007,27.269075550992838,0.7622135009721559,0.09539382421467808,0.10243447075416998,0.021315877180921216,33.0,7.5,10.0,6.0,9.0,9.0,32.0
20260820_155431_2729d13b,5.0,5mm_optimize,1,0.9921868559168697,1.656e-06,6199.472713580998,3,3,0.02913192501443586,4.752719999999999,2.01005,3.21608,-0.08635284400499184,0.07153449018012818,0.11213383500568108,8.96615718101005,370.19532174018906,6.287199660491904e-07,0.000671978496688106,2.1552524422330674,0.09599298270515909,0.09226463583537187,4.799802724030283e-06,2.3237901406003616e-05,1.984e-07,2.0392e-06,2.7208e-06,1.8407999999999998e-06,6.816e-07,0.20129613604606572,0.46475797522096435,1.8671999999999999e-06,0.10292997454540662,5.358864,3.4598892835429265,12.866848536689591,26.97512146264299,0.7620682453931971,0.09659680359612387,0.10184314904394054,0.0211973250423278,33.0,7.5,10.0,6.0,9.0,9.0,32.0
20260820_155432_184cbe0c,5.0,5mm_optimize,1,0.9323607561964775,2.52e-06,4261.971357992103,3,4,0.028742123728390138,7.2324,2.090452,3.296482,-0.08781161121244119,0.07247645193658463,0.11385831172576286,8.5464087232392,361.9384659668406,6.482064993962879e-07,0.0007679754247864068,2.161856536091677,0.09775297722688286,0.09329348154124274,4.8878052661077065e-06,2.3282893893488935e-05,1.984e-07,2.0368e-06,2.6272e-06,1.8384e-06,5.903999999999999e-07,0.1999296733671219,0.5582184826557582,1.8624e-06,0.10106084678754035,5.345088,4.0398707241368275,13.723254894988427,28.555704537113968,0.7634133955444542,0.0933349987985601,0.10109044871635017,0.02168169921791936,33.0,7.5,10.0,6.0,9.0,9.0,32.0
20260820_155432_bbda4d99,5.0,5mm_optimize,0,0.0,0.0,0.0,0,0,0.0,0.0,2.01005,3.21608,-0.0864724783526927,0.07216148039426962,0.11262667874508893,8.992260370820786,372.5792997426182,6.342587338874975e-07,0.00047998464049150427,2.123988698405767,0.09621132164141925,0.09314463965582788,4.810720020185589e-06,2.3180787708115916e-05,1.96e-07,2.0536e-06,2.6344e-06,1.8576000000000002e-06,5.808e-07,0.19596155403840979,0.5795176146642846,1.8696e-06,0.09936082737764847,5.3657520000000005,3.4598892835429265,12.760850944064817,26.49953175101278,0.7596600362208668,0.09601542028782672,0.10480820598829862,0.02122801515702713,33.0,7.5,10.0,6.0,9.0,9.0,32.0
20260820_155432_f9d44297,5.0,5mm_optimize,1,0.9250940122755514,2.304e-06,4563.788023955616,3,4,0.029263832350711186,6.61248,2.090452,3.296482,-0.08614444868964193,0.07156886469864084,0.1119953947012765,9.059021070507551,372.1652049886189,6.271684904642304e-07,0.0003839877123932034,2.0962868704615856,0.09591633519966221,0.09222303138096313,4.79597022611943e-06,2.3212428388127696e-05,1.6e-07,2.0392e-06,2.7112e-06,1.8792e-06,6.720000000000001e-07,0.2036398547745772,0.49578467542310223,1.8744e-06,0.10848389068471756,5.379528,3.4598892835429265,12.624852673021394,26.21382637293727,0.7612722896656585,0.09644728566870847,0.10208764090753412,0.022257377562059807,33.0,7.5,10.0,6.0,9.0,9.0,32.0
20260820_155459_e393819d,25.0,yuksek_damping_kisa_darbe,1,0.9921767661181459,8.6496e-06,5763.851102681854,2,1,0.16765813365753462,24.824351999999998,3.939698,5.869346,-0.09160903695881731,0.24628094945111967,0.26276704838138837,8.908059695092776,158.16935649818134,3.452436560188089e-06,0.0008639723528847077,4.265573349588667,0.1457853524836114,0.32938475958301416,7.289500880744544e-06,1.8257054657367463e-05,2.56e-07,2.5072e-06,2.5072e-06,2.2511999999999997e-06,0.0,0.13071153899354537,0.999998206473587,2.2704e-06,0.054447179826052745,6.516048,1.2399603212697194,2.334473704297565,9.623579269204171,0.8432557863669159,0.1462972904914827,0.003940424859046738,0.0011391793490267753,33.0,1.0,5.0,9.0,9.0,9.0,32.0
20260820_155501_2e011375,25.0,yuksek_damping_kisa_darbe,1,0.9915853340390228,8.6496e-06,5762.330365320825,3,1,0.16977214758611453,24.824351999999998,3.939698,5.869346,-0.08976435250071996,0.24636174988565232,0.2622055506403216,8.880685528593702,157.89704699819475,3.43769754213097e-06,0.001343956993376212,4.265049334909357,0.1438655385531662,0.3298401540445435,7.193507112519994e-06,1.812687828467839e-05,2.56e-07,2.5024e-06,3.004e-06,2.2463999999999998e-06,5.016e-07,0.13001165855483587,0.682643640145276,2.2584e-06,0.05368507358542296,6.481608,1.4999520015359507,2.259466217339792,9.065573776193883,0.8443309251845538,0.14575762091246894,0.0037895155734092743,0.0011300058081304416,33.0,1.0,5.0,9.0,9.0,9.0,32.0
20260820_155501_34c4ab10,25.0,yuksek_damping_kisa_darbe,1,0.9909151816214421,8.8128e-06,5750.33664932501,3,1,0.16949650743345704,25.292736,3.939698,5.869346,-0.09022745320149754,0.24656152294195313,0.26255204799559967,8.829183591560614,157.41692617610389,3.4467891890588347e-06,0.0007679754247864068,4.268632852801208,0.14412452616896843,0.3301499748206379,7.206456907690292e-06,1.8087677638443335e-05,2.536e-07,2.5048e-06,3.1144e-06,2.2512e-06,6.096000000000001e-07,0.13062504746331907,0.6493487253997825,2.2704e-06,0.05624549657104296,6.516048,1.2399603212697194,2.267098027109442,9.18911663584901,0.8435828777240404,0.1465653890868482,0.003880977931410172,0.0010475274370501466,33.0,1.0,5.0,9.0,9.0,9.0,32.0
20260820_155502_50e37be4,25.0,yuksek_damping_kisa_darbe,1,0.9915352539499961,8.6496e-06,5741.666454524367,3,1,0.1698130388509115,24.824351999999998,3.939698,5.869346,-0.09008852299126427,0.24621188954324152,0.26217596481600086,8.862588561536993,157.3702375092458,3.436921804338489e-06,0.0010559662090813093,4.24128782797295,0.144191311916844,0.3295608260303064,7.209796301941267e-06,1.818716760002192e-05,2.56e-07,2.5024e-06,2.5024e-06,2.2463999999999998e-06,0.0,0.13044082531882,0.9999981924603676,2.2656e-06,0.05616430253037695,6.502272,1.4999520015359507,2.275197775105885,9.20024657253471,0.8442194177989975,0.14577512360089065,0.003864212967937988,0.0010392104216128707,33.0,1.0,5.0,9.0,9.0,9.0,32.0
20260820_155502_46e9f940,25.0,yuksek_damping_kisa_darbe,1,0.979858007223353,8.6496e-06,5782.759557000412,3,1,0.16958922231058626,24.824351999999998,3.939698,5.869346,-0.08939001276759143,0.24637002356388096,0.2620854114472178,8.859510557198227,157.78883414294137,3.434548046693501e-06,0.0009599692809830085,4.270219156953642,0.14328150267358147,0.3300027956012906,7.164304384083351e-06,1.812989249751833e-05,2.536e-07,2.5072e-06,3.0472e-06,2.2536e-06,5.399999999999999e-07,0.13200722165140513,0.6749817581734902,2.2656e-06,0.05223456831817319,6.502272,1.2399603212697194,2.234905424271525,8.97554147984956,0.84407604496522,0.14651623996988816,0.003581884258303246,0.001076721821383164,33.0,1.0,5.0,9.0,9.0,9.0,32.0
20260820_155507_993d3816,20.0,yuksek_damping_kisa_darbe,0,0.0,0.0,0.0,0,0,0.0,0.0,3.939698,5.869346,-0.08971418325813571,0.24558975705131472,0.26146312062353677,8.93415991213462,159.2307457741119,3.4182575530514213e-06,0.001439953921474513,4.273356569533718,0.14200714606879417,0.3294744375737974,7.100584514873418e-06,1.8363297916454507e-05,2.56e-07,2.5288e-06,2.5288e-06,2.2727999999999997e-06,0.0,0.12363572478363928,0.9999981072817691,2.2824e-06,0.04664832761343014,6.5504880000000005,1.1399635211673225,2.2706084337924493,9.276841991573367,0.8467184232903133,0.14351162893745986,0.00376763931870065,0.001036124839829991,33.0,1.0,5.0,9.0,9.0,9.0,32.0
20260820_155510_16555726,20.0,yuksek_damping_kisa_darbe,1,0.9888217926095552,6.9192e-06,5778.565160768616,3,1,0.14336383495297123,19.858103999999997,3.939698,5.869346,-0.09011167802630315,0.24558004854807158,0.26159066260398,8.874905346456567,157.60322327186307,3.421593225559084e-06,0.002783910914850725,4.270892655632628,0.14437782713511413,0.32854164252366064,7.219122361279123e-06,1.8278983990392304e-05,2.56e-07,2.4736e-06,2.4736e-06,2.2175999999999997e-06,0.0,0.11960780341714429,0.9999980424138782,2.3256e-06,0.04719736252223293,6.674472,1.1399635211673225,2.2748831122993924,9.282860420016522,0.8463206762531892,0.14364450151887154,0.0038726620983569027,0.0010573047023423247,33.0,1.0,5.0,9.0,9.0,9.0,32.0
20260820_155510_671e05fc,20.0,yuksek_damping_kisa_darbe,1,0.9931139223289773,6.768e-06,5790.160564400203,2,1,0.14017017975557314,19.42416,3.939698,5.869346,-0.0918598831717385,0.24604188200455712,0.2626306262351553,8.882554245294509,157.56385606741716,3.448852651586832e-06,0.0025919170586541232,4.263155489102321,0.1464441347267592,0.328804400107283,7.322441046953523e-06,1.8435344026772655e-05,2.56e-07,2.4976e-06,8.5768e-06,2.2416e-06,6.079200000000001e-06,0.11391643858281526,0.7596403776038047,2.3256e-06,0.042231391340103196,6.674472,1.1399635211673225,2.3024509228767776,9.458371627455106,0.8468042863328533,0.14296756184688586,0.003940627210052028,0.0010666751621199167,33.0,1.0,5.0,9.0,9.0,9.0,32.0
20260820_155511_68ebd85f,20.0,yuksek_damping_kisa_darbe,1,0.9932106107142237,6.8448e-06,5777.775255941679,2,1,0.14269999736790967,19.644576,3.939698,5.788944,-0.09295974733608524,0.24628507484711604,0.2632448531638147,8.931008378018966,158.09414917752835,3.4650035124262654e-06,0.002879907842949026,4.289190513843187,0.14773876645769618,0.3288986477017458,7.387174704911141e-06,1.8475307417903666e-05,2.56e-07,2.4904e-06,8.5936e-06,2.2343999999999997e-06,6.1032e-06,0.11722931371680294,0.6841051039655521,2.3184e-06,0.04508005540386923,6.653808000000001,1.279959041310678,2.353078296294949,9.705439339810622,0.8466311902963403,0.14257289750279006,0.003971669450091283,0.0011428678257860898,33.0,1.0,5.0,9.0,9.0,9.0,32.0
20260820_155511_991bb109,20.0,yuksek_damping_kisa_darbe,1,0.9925874542959169,6.84e-06,5768.209483913775,2,1,0.13928838770350874,19.6308,3.939698,5.869346,-0.09137748660842852,0.24635687953289945,0.26275760151147115,8.817505398662355,156.85046977720913,3.452188324094496e-06,0.0025919170586541232,4.265513082532197,0.14635490926989445,0.3291813556800178,7.317979631349554e-06,1.837912772430595e-05,2.56e-07,2.4904e-06,8.584e-06,2.2343999999999997e-06,6.0935999999999996e-06,0.11886507723214985,0.6940768311357725,2.3424e-06,0.04437973794023377,6.722687999999999,1.1399635211673225,2.2878409565387354,9.30238769830818,0.8464373495808766,0.14356912196365348,0.0036681985818587852,0.0011042709417080012,33.0,1.0,5.0,9.0,9.0,9.0,32.0
20260820_155516_dfc2d3b4,15.0,yuksek_damping_kisa_darbe,1,0.9882338209215416,5.1792e-06,5718.424318619986,3,3,0.16340946397349035,14.864304,3.939698,5.869346,-0.09167850206393394,0.24627273896970492,0.2627835795865624,8.878502603816223,157.65271697918703,3.4528709733518783e-06,0.0009599692809830085,4.278748080079947,0.14606343657836615,0.3292694160227626,7.303405530416832e-06,1.8343197009386337e-05,2.56e-07,2.4832e-06,2.4832e-06,2.2271999999999996e-06,0.0,0.11409951011513492,0.9999979516766686,2.2848e-06,0.036956800772677836,6.5573760000000005,1.5399507215769095,2.311148541675707,9.482362966254094,0.8474437942065142,0.14219771426060268,0.0038901762745140746,0.001141774723414578,33.0,1.0,5.0,9.0,9.0,9.0,32.0
20260820_155518_458b9be8,15.0,yuksek_damping_kisa_darbe,1,0.9856181379446215,5.22e-06,5733.465632930456,3,4,0.1536404689005316,14.9814,3.939698,5.869346,-0.0936351025247192,0.24651606589154407,0.263700024966739,8.894078855806407,157.68165050515046,3.4769964186980067e-06,0.0016319477776711145,4.286662203061337,0.14805660750906857,0.3292972121453504,7.403067266025443e-06,1.8409643966606296e-05,2.56e-07,2.4832e-06,2.4832e-06,2.2271999999999996e-06,0.0,0.11272159946347224,0.9999979304658574,2.3064e-06,0.03738562457596204,6.619368000000001,1.1399635211673225,2.3752471023529416,9.931147284666961,0.8467208206383277,0.14250189415877043,0.003932863145852646,0.001137757339092552,33.0,1.0,5.0,9.0,9.0,9.0,32.0
20260820_155519_2a760175,15.0,yuksek_damping_kisa_darbe,1,0.9874187603694144,5.28e-06,5774.875799334953,3,2,0.15142080098188432,15.1536,3.939698,5.869346,-0.09292501478352691,0.24646127121391095,0.2633974498374949,8.866074235783534,157.14533194834624,3.4690218341913117e-06,0.0016319477776711145,4.265105099135702,0.14763586577293522,0.32920313877431684,7.382029506031997e-06,1.847431497131925e-05,2.56e-07,2.4904e-06,2.4904e-06,2.2343999999999997e-06,0.0,0.11316554581212032,0.9999979281656051,2.304e-06,0.03728415334669427,6.61248,1.1399635211673225,2.352678835787806,9.757584061209396,0.8479601374612805,0.1412564951033747,0.003988892723838975,0.0011926804867445164,33.0,1.0,5.0,9.0,9.0,9.0,32.0
20260820_155519_2384fc05,15.0,yuksek_damping_kisa_darbe,1,0.9868432516137559,5.22e-06,5763.6524432994165,3,3,0.15249270520649671,14.9814,3.939698,5.869346,-0.09186760151675144,0.24589014279529964,0.2624911780085828,8.91060636067613,157.96474759572286,3.4451911692063268e-06,0.0012479600652779111,4.269934177647699,0.14642357250599067,0.32859052602367694,7.321412903015543e-06,1.843730324399235e-05,2.536e-07,2.4976e-06,2.4976e-06,2.244e-06,0.0,0.11299516430180317,0.9999979273882311,2.2992e-06,0.04019518366050245,6.598704,1.1399635211673225,2.3089822000217946,9.475503721817162,0.846019844305827,0.14364042290912973,0.003911362169603153,0.0011690327747273376,33.0,1.0,5.0,9.0,9.0,9.0,32.0
20260820_155520_625a0b5b,15.0,yuksek_damping_kisa_darbe,1,0.978865263765366,5.28e-06,5784.739227642131,2,2,0.1484974752487937,15.1536,3.939698,5.869346,-0.09267030939809924,0.24591575796542325,0.2627971580128828,8.917428415692868,158.0241401078056,3.4532278127364192e-06,0.0022079293462609196,4.280183209743027,0.14713543796558876,0.32853612048238656,7.357007314980182e-06,1.849663732803979e-05,2.56e-07,2.4496e-06,2.4496e-06,2.1935999999999996e-06,0.0,0.10549874441488694,0.9999977854306406,2.3184e-06,0.035726303870630534,6.653808000000001,1.1399635211673225,2.3810392284299917,9.926057534840806,0.8460654697496836,0.14292326311467257,0.00395457673826205,0.0012356821115479847,33.0,1.0,5.0,9.0,9.0,9.0,32.0
20260820_155528_ab808a25,10.0,yuksek_damping_kisa_darbe,1,0.9998435199139393,2.9184e-06,5745.351124170096,2,3,0.16736663593574327,8.375808000000001,3.939698,5.869346,-0.0925815484304502,0.25124691860729886,0.267761754586876,8.353062714952685,145.46247557814854,3.5849325751436723e-06,0.004223864836325237,4.310024618411477,0.1591588868414527,0.3309656413961958,7.958198996291581e-06,1.8011376242469936e-05,2.56e-07,2.7856e-06,8.5552e-06,2.5296e-06,5.769600000000001e-06,0.1479980314833122,0.5743291772462933,2.6136e-06,0.09042348317994796,7.5010319999999995,1.4799526415154716,2.2926089410970034,9.375237825863007,0.8498299282040163,0.13960787963161347,0.003928833231161927,0.0013144704528850564,33.0,1.0,5.0,9.0,9.0,9.0,32.0
20260820_155530_f4b0f76d,10.0,yuksek_damping_kisa_darbe,1,0.9997554843151,3.1008e-06,5716.674758442935,2,3,0.16511144589722276,8.899296,3.939698,5.869346,-0.09138520495344149,0.2515316099588065,0.26761802348282093,8.33666247068781,145.06781619435543,3.5810849156929732e-06,0.005471824901603149,4.26875626076982,0.15913538291938328,0.3310747041409681,7.957023762581836e-06,1.8023571133052073e-05,2.536e-07,2.7424e-06,8.5384e-06,2.4888e-06,5.795999999999999e-06,0.1567988644368553,0.572347763897533,2.6064e-06,0.09769269532455406,7.480368,1.4799526415154716,2.2814393504025285,9.317719024107742,0.8490570990411688,0.14044119867571916,0.003997273726345982,0.0013083261396092437,33.0,1.0,5.0,9.0,9.0,9.0,32.0
20260820_155531_ef3ddbbc,10.0,yuksek_damping_kisa_darbe,1,0.9997397303588642,3.1008e-06,5740.109975603984,2,3,0.1649178782934499,8.899296,3.939698,5.869346,-0.0931179734088509,0.2520298870800163,0.2686820071261513,8.358480509365789,145.56049283464563,3.609616551700387e-06,0.004703849476816742,4.276697216431304,0.1601631552875813,0.33182281927774454,8.008414025427525e-06,1.8135683527225046e-05,2.56e-07,2.7784e-06,5.0824e-06,2.5223999999999998e-06,2.304e-06,0.1535423787627385,0.6203608270707968,2.5896e-06,0.09330315663096528,7.432152,1.3999552014335541,2.3328773248162356,9.60966962681122,0.8490237398960152,0.14021101551363047,0.003935153696729891,0.0011920893674341813,33.0,1.0,5.0,9.0,9.0,9.0,32.0
20260820_155531_0ed49fa2,10.0,yuksek_damping_kisa_darbe,1,0.9999095960617506,3.1008e-06,5681.461240920651,2,3,0.16457529142751984,8.899296,3.939698,5.869346,-0.09377403273495247,0.2517187326507426,0.268618483322857,8.33358159150917,145.0477083589204,3.607909928556931e-06,0.005759815685898052,4.261792324530478,0.16139972589834203,0.3309311013800244,8.07024453447854e-06,1.822076432159101e-05,2.536e-07,2.7352e-06,8.5048e-06,2.4816e-06,5.7696e-06,0.15287699981408953,0.6154209551214173,2.604e-06,0.09568387397063549,7.47348,1.3999552014335541,2.383128135312286,9.929867638638543,0.8488376539821663,0.14016350131109612,0.003668329523640137,0.0013290141029865298,33.0,1.0,5.0,9.0,9.0,9.0,32.0
20260820_155532_21f27e05,10.0,yuksek_damping_kisa_darbe,1,0.9998723993165028,3.1008e-06,5696.324764760552,2,3,0.16513755002246275,8.899296,3.939698,5.869346,-0.09334180541422674,0.2517462518968367,0.26849370194120553,8.389672174998971,145.5997123480587,3.6045587412934168e-06,0.004895843333013344,4.262177163990768,0.1607717059503498,0.33115808159237947,8.03884253224701e-06,1.812848984913407e-05,2.536e-07,2.8144e-06,5.0824e-06,2.5608e-06,2.2679999999999997e-06,0.15924713891219547,0.601668987910649,2.5872e-06,0.09883863417145089,7.425264,1.3999552014335541,2.372392268534487,9.962696606484313,0.8499335701167511,0.13921737560532502,0.0037857429849657382,0.0012399981898546688,33.0,1.0,5.0,9.0,9.0,9.0,32.0
20260820_155538_068dc8e8,5.0,yuksek_damping_kisa_darbe,0,0.0,0.0,0.0,0,0,0.0,0.0,3.939698,5.869346,-0.09091438590765094,0.2531281149215462,0.26895960315389517,8.235113643164311,142.1970729239348,3.617079149264045e-06,0.003263895555342229,4.2699785047492576,0.15703060635631774,0.33436587571885373,7.851781566786057e-06,1.7730461571948016e-05,2.536e-07,2.776e-06,2.776e-06,2.5224e-06,0.0,0.20758733195284268,0.9999988718343497,2.5488e-06,0.157112080161678,7.315056,1.159962881187802,2.3065390745062744,9.591053970717772,0.8492559354178002,0.14053392095953224,0.003680457190691421,0.0010709833924827758,33.0,1.0,5.0,9.0,9.0,9.0,32.0
20260820_155540_4dc3b9b9,5.0,yuksek_damping_kisa_darbe,0,0.0,0.0,0.0,0,0,0.0,0.0,3.939698,5.869346,-0.09260856263799558,0.25265018474507267,0.2690882043598249,8.176253925969755,141.5309869053393,3.6205389398185055e-06,0.002015935490064318,4.265829458816137,0.15841954124028948,0.33345366053378817,7.921230533280458e-06,1.7804666388571868e-05,2.536e-07,2.6968e-06,2.6968e-06,2.4432e-06,0.0,0.21122172316785512,0.9999988901677366,2.5464e-06,0.1588333404864636,7.308167999999999,1.159962881187802,2.3499273939744003,9.780378862316564,0.8494751391073359,0.13974661611339093,0.00385185853714888,0.0012037033524072256,33.0,1.0,5.0,9.0,9.0,9.0,32.0
20260820_155541_149913d4,5.0,yuksek_damping_kisa_darbe,0,0.0,0.0,0.0,0,0,0.0,0.0,3.939698,5.869346,-0.09180971392915424,0.25298634147430954,0.26913028916179077,8.213705890922814,142.08723834426138,3.621671516995526e-06,0.0023039262743592206,4.274368436708949,0.1576147390888311,0.3341195597052735,7.880989138024098e-06,1.7769960737138017e-05,2.536e-07,2.7208e-06,2.7208e-06,2.4672e-06,0.0,0.20683954669783647,0.9999988689185612,2.5464e-06,0.15680557884002058,7.308167999999999,1.159962881187802,2.297369200532386,9.44799083433047,0.849300233521847,0.14034901192096336,0.0038093056536516604,0.0011420413075203684,33.0,1.0,5.0,9.0,9.0,9.0,32.0
20260820_155541_08e14222,5.0,yuksek_damping_kisa_darbe,0,0.0,0.0,0.0,0,0,0.0,0.0,3.939698,5.869346,-0.09226895545742535,0.2534706798779818,0.2697423691210016,8.175404778172277,141.53289428672807,3.6381637024636514e-06,0.0022079293462609196,4.263036071123844,0.15841594312408325,0.334603092451944,7.921050621713162e-06,1.7758541900741014e-05,2.536e-07,2.668e-06,2.668e-06,2.4144e-06,0.0,0.21364431558819086,0.9999989020335449,2.5512e-06,0.1589200877798692,7.321943999999999,1.159962881187802,2.295649481866256,9.39289335716735,0.8495367028955226,0.14010371092127016,0.0037895726446269154,0.0011139326705059051,33.0,1.0,5.0,9.0,9.0,9.0,32.0
20260820_155542_0b257c72,5.0,yuksek_damping_kisa_darbe,0,0.0,0.0,0.0,0,0,0.0,0.0,3.939698,5.869346,-0.09214160276471152,0.252819018093935,0.26908647470661046,8.180675290520627,141.46495260147,3.620492395550957e-06,0.002879907842949026,4.268721409337077,0.1586163624816848,0.333483689786203,7.93107191026421e-06,1.7782528861719683e-05,2.56e-07,2.7256e-06,2.7256e-06,2.4695999999999996e-06,0.0,0.21293382097571728,0.9999988998371876,2.5464e-06,0.15970403116785947,7.308167999999999,1.159962881187802,2.306910507426345,9.548047490471715,0.8496051288428215,0.14002891537148326,0.0038278161608643747,0.0011077494465179017,33.0,1.0,5.0,9.0,9.0,9.0,32.0
20260820_155614_313c82d4,25.0,zayif_sinyal_dusuk_kazanc,0,0.0,0.0,0.0,0,0,0.0,0.0,4.180904,8.120602,-0.10286238398771237,0.6028080296893501,0.6115212103415482,0.23264989638607825,22.775522577853447,1.8698507867984717e-05,0.01353556686186042,5.854728374151718,0.43750884953187313,0.7388962211175384,2.1876142490752906e-05,1.551598750052122e-05,-1.832e-07,3.976e-07,1.6552e-06,5.808e-07,1.2576e-06,1.3143204017656382,0.9252215133496549,8.1888e-06,0.17042664825862522,23.501856,1.039966721064926,1.5730372015975629,4.714334214979703,0.8871968561771402,0.09281166472666501,0.012025787981440241,0.005571941316977126,15.0,1.0,5.0,1.0,9.0,9.0,32.0
20260820_155617_f9e53589,25.0,zayif_sinyal_dusuk_kazanc,0,0.0,0.0,0.0,0,0,0.0,0.0,4.180904,8.120602,-0.10070896572909664,0.6027047681813865,0.6110608262413841,0.25283580762274144,22.818526107274785,1.867036410087354e-05,0.011807622156091005,5.8120093824320485,0.4348227613471803,0.7400117158135278,2.174183378377717e-05,1.5427932614392464e-05,-1.832e-07,3.952e-07,1.66e-06,5.784e-07,1.2648e-06,1.306159596309459,0.9263520900780395,8.1816e-06,0.1723518378734716,23.481191999999997,1.039966721064926,1.575139635791962,4.746973834559664,0.8873638402915215,0.09256989946164244,0.011937738566809446,0.00566157668598696,15.0,1.0,5.0,1.0,9.0,9.0,32.0
20260820_155617_0e6f2eea,25.0,zayif_sinyal_dusuk_kazanc,0,0.0,0.0,0.0,0,0,0.0,0.0,4.180904,8.120602,-0.1034528373812038,0.6023616925887982,0.6111809046924354,0.2587495337726294,22.73538867663153,1.8677702580390405e-05,0.012191609868484209,5.8286044251377405,0.43617695030500625,0.7390356931462866,2.1809545398370798e-05,1.5485891629224275e-05,-1.832e-07,3.976e-07,1.6528e-06,5.808e-07,1.2552e-06,1.3074655746963533,0.9266707542514275,8.1744e-06,0.1731870795722406,23.460527999999996,1.039966721064926,1.5701400799022565,4.698347689604592,0.8877701649493073,0.09243441514768762,0.011870301617196422,0.005497164966969447,15.0,1.0,5.0,1.0,9.0,9.0,32.0
20260820_155618_9cb3f74f,25.0,zayif_sinyal_dusuk_kazanc,0,0.0,0.0,0.0,0,0,0.0,0.0,4.180904,8.120602,-0.1038155995968129,0.6026839848641157,0.6115600251253637,0.24268966373332188,22.789505211901858,1.8700881625629706e-05,0.010943649803206298,5.925456934195643,0.4360921505236601,0.7396596223780765,2.1805305273623843e-05,1.544662954364575e-05,-1.832e-07,3.976e-07,1.6552e-06,5.808e-07,1.2576e-06,1.330132055016712,0.9134519291066595,8.1864e-06,0.1709085587733268,23.494968,1.039966721064926,1.5696387429160352,4.685074800694085,0.888047277330146,0.0919954366171455,0.011988594424452886,0.005535097019126428,15.0,1.0,5.0,1.0,9.0,9.0,32.0
20260820_155618_693a214b,25.0,zayif_sinyal_dusuk_kazanc,0,0.0,0.0,0.0,0,0,0.0,0.0,4.180904,8.120602,-0.09960524239224344,0.6023959360550051,0.6105751944581465,0.2674104037946357,22.797258569624685,1.864069988768911e-05,0.010655659018911395,5.832385550171753,0.43455347068444683,0.7395157394362193,2.1728368819775436e-05,1.546119210926079e-05,-1.856e-07,3.976e-07,1.66e-06,5.832e-07,1.2624e-06,1.3022335797559348,0.9190186593622722,8.184e-06,0.17156196028968815,23.48808,1.039966721064926,1.5707121760737894,4.713442311852803,0.8870485821211032,0.0929694348837347,0.012106716469303256,0.005439217805472987,15.0,1.0,5.0,1.0,9.0,9.0,32.0
20260820_155623_65bb4640,20.0,zayif_sinyal_dusuk_kazanc,0,0.0,0.0,0.0,0,0,0.0,0.0,4.180904,8.120602,-0.10720009388499567,0.5620790522198615,0.5722103818293843,0.4543001060961897,26.136148257720333,1.6371759933220206e-05,0.010655659018911395,5.955815005098777,0.40728459974452697,0.6910334145202284,2.036488164258594e-05,1.5551269395333926e-05,-1.856e-07,4e-07,1.6744e-06,5.856e-07,1.2744e-06,1.3244874595232405,0.8876966862952512,1.7256e-06,0.5292915447882734,4.952472,1.1399635211673225,1.7059599668046248,5.09700274177635,0.8826324713132431,0.09312453896123199,0.01375170226612287,0.006923968320417645,15.0,1.0,5.0,1.0,9.0,9.0,32.0
20260820_155625_1d1b84f8,20.0,zayif_sinyal_dusuk_kazanc,0,0.0,0.0,0.0,0,0,0.0,0.0,4.180904,8.120602,-0.10854694508975711,0.5639826850922107,0.5743334470254526,0.46651426810384866,25.900305582472235,1.6493473192860315e-05,0.0111356436594029,5.948387244705259,0.4121240006815777,0.6914817123029571,2.0606859432479975e-05,1.5688037175793466e-05,-1.832e-07,4e-07,1.672e-06,5.832e-07,1.272e-06,1.328918410376447,0.8777766264622037,1.7256e-06,0.5291546113909396,4.952472,1.1399635211673225,1.7117655603167625,5.175023193936748,0.8826200672109048,0.09331172541832325,0.013598133157410104,0.006823459020375721,15.0,1.0,5.0,1.0,9.0,9.0,32.0
20260820_155626_1bbd5da1,20.0,zayif_sinyal_dusuk_kazanc,0,0.0,0.0,0.0,0,0,0.0,0.0,4.180904,8.120602,-0.107998942593837,0.5637181152652978,0.5739702824011418,0.4575651911777378,25.854413629368917,1.6472621360998452e-05,0.012959585293270615,5.946319076272384,0.41262884044485537,0.6906626627077689,2.063210222838748e-05,1.5718080715486304e-05,-1.856e-07,4e-07,1.6744e-06,5.856e-07,1.2744e-06,1.3292422049463606,0.8881122833905417,1.7256e-06,0.5285646472262947,4.952472,1.1399635211673225,1.7198306580185148,5.23710344319147,0.882661944517264,0.09301969861182796,0.01378891460845255,0.006740858158260561,15.0,1.0,5.0,1.0,9.0,9.0,32.0
20260820_155626_f2515d94,20.0,zayif_sinyal_dusuk_kazanc,0,0.0,0.0,0.0,0,0,0.0,0.0,4.180904,8.120602,-0.10699555774215225,0.5632548069269778,0.5733271552114911,0.4794789244485037,25.95839005900951,1.6435727271588107e-05,0.01017567437841989,5.923529573959188,0.40964572335468513,0.6915243291166938,2.0482941600891623e-05,1.5607108374781146e-05,-1.832e-07,4e-07,1.672e-06,5.832e-07,1.272e-06,1.323321015259426,0.8809114210616976,1.7256e-06,0.5278107717034948,4.952472,1.1399635211673225,1.7171259512479362,5.211796236077396,0.8825650515253702,0.09294222430994806,0.013878593878778654,0.0069173761056050605,15.0,1.0,5.0,1.0,9.0,9.0,32.0
20260820_155627_f8f505bd,20.0,zayif_sinyal_dusuk_kazanc,0,0.0,0.0,0.0,0,0,0.0,0.0,4.180904,8.120602,-0.11060388403571086,0.5642385123429968,0.5749767977708519,0.4738826253641885,25.741911863406404,1.653044485604991e-05,0.010847652875107996,5.923222194288818,0.4141159375971313,0.6910388723518607,2.070645946535672e-05,1.573693575171039e-05,-1.856e-07,4e-07,1.6768e-06,5.856e-07,1.2768e-06,1.3232971845836197,0.8895412204218768,1.7256e-06,0.5275423630140481,4.952472,1.1399635211673225,1.7145685974691478,5.223210859352858,0.8841070148000614,0.09168940032348423,0.01377743729812146,0.006753499515355877,15.0,1.0,5.0,1.0,9.0,9.0,32.0
20260820_155631_8737aa59,15.0,zayif_sinyal_dusuk_kazanc,1,0.9869589151045255,5.0544e-06,5841.747650953144,2,3,0.4218827671796698,14.506128,4.180904,8.120602,-0.10961979504655853,0.6078502542418436,0.6176555925820824,0.07490119066766986,21.16248279184463,1.9075531949885846e-05,0.017375443985792455,5.944416298801427,0.45861258907434804,0.7353414996827021,2.2931363233859923e-05,1.5350169123907337e-05,-1.832e-07,4e-07,1.6816e-06,5.832e-07,1.2816e-06,1.3299548896917157,0.8842066117940742,1.3032e-06,0.538702759691074,3.740184,1.1399635211673225,1.7719623330593284,5.0212127930374315,0.8922506825723842,0.08540864728451097,0.012522608013347111,0.006269630454853024,15.0,1.0,5.0,1.0,9.0,9.0,32.0
20260820_155633_0e4c7e9a,15.0,zayif_sinyal_dusuk_kazanc,1,0.9928984220439853,5.112e-06,5915.33796988947,2,2,0.43494977753067476,14.67144,4.180904,8.120602,-0.10903320082557356,0.6296258901310259,0.6389968704192193,0.0073517899993246864,19.455086943191112,2.041650332747847e-05,0.017759431698185658,5.947025450484206,0.4857610768661952,0.7542187216978714,2.4288831061032747e-05,1.5418321984627136e-05,-1.856e-07,4e-07,1.6816e-06,5.856e-07,1.2816e-06,1.3187963366332793,0.8817437921219882,1.3032e-06,0.569579078088294,3.740184,1.3199577613516367,1.7567975055082197,4.917133761870764,0.9009467530929555,0.07790713304576992,0.011769002026272948,0.005968757451934901,15.0,1.0,5.0,1.0,9.0,9.0,32.0
20260820_155634_d1a384e1,15.0,zayif_sinyal_dusuk_kazanc,1,0.9932387606273083,5.112e-06,5915.559786930113,2,2,0.4370589564843546,14.67144,4.180904,8.120602,-0.10913353931074206,0.6321326112227748,0.6414840353226361,0.014655961455006295,19.278747046063412,2.057574678151877e-05,0.018239416338677164,5.931832917988664,0.4902278502172389,0.7555386185826383,2.4512176875422293e-05,1.5486822688901846e-05,-1.856e-07,4e-07,1.5352e-06,5.856e-07,1.1352e-06,1.3114724428612616,0.8781456062779182,1.3008e-06,0.5711012907049947,3.7332959999999997,1.3199577613516367,1.7466847904779075,4.8050410856240875,0.9016593573037227,0.07732830794959039,0.011821958398457351,0.0058588825809502525,15.0,1.0,5.0,1.0,9.0,9.0,32.0
20260820_155634_4a7863c0,15.0,zayif_sinyal_dusuk_kazanc,1,0.9928097423874026,5.112e-06,5913.987615361979,2,2,0.4391899329411503,14.67144,4.180904,8.120602,-0.11091261783622923,0.6341823667385537,0.6438081104470484,-0.0013834116407462746,19.120544451919102,2.072510733608287e-05,0.02015935490064318,5.946186788947878,0.4929647467813328,0.7574522879477512,2.464902608266149e-05,1.54830655893926e-05,-1.856e-07,4e-07,1.6792e-06,5.856e-07,1.2792e-06,1.3187205448876322,0.879184142420986,1.3032e-06,0.5731387289060512,3.740184,1.3199577613516367,1.7525406756815827,4.9163006748475135,0.9030684968103188,0.0759480653077358,0.011676943487005076,0.0059138551798103905,15.0,1.0,5.0,1.0,9.0,9.0,32.0
20260820_155635_237293c2,15.0,zayif_sinyal_dusuk_kazanc,1,0.992724284660171,5.112e-06,5918.093586743109,2,2,0.4391520876369461,14.67144,4.180904,8.120602,-0.10849291667466641,0.6339611773149466,0.6431776483298601,0.013250105719302125,19.063234324476323,2.068453624953616e-05,0.01910338869156187,5.913316261082567,0.494006643372948,0.7560484146373649,2.4701122579276793e-05,1.5521655102372644e-05,-1.832e-07,4e-07,1.6792e-06,5.832e-07,1.2792e-06,1.3227147423034242,0.8933392693431739,1.3008e-06,0.5754801925492758,3.7332959999999997,1.3199577613516367,1.7440287506367904,4.795264301840118,0.9032931628619302,0.07583761759551802,0.01169963836162107,0.005861578886050064,15.0,1.0,5.0,1.0,9.0,9.0,32.0
20260820_155641_b7305e41,10.0,zayif_sinyal_dusuk_kazanc,0,0.0,0.0,0.0,0,0,0.0,0.0,4.180904,8.120602,-0.10846590246712105,0.5869472574186063,0.5968851941447624,0.40524088061370345,21.834633740945097,1.7814166784557518e-05,0.012191609868484209,5.9508321232934005,0.4499770677726291,0.7059502328394206,2.249957335193989e-05,1.4990339912511595e-05,-1.856e-07,4e-07,1.6744e-06,5.856e-07,1.2744e-06,1.322107926330266,0.8853563278173442,1.7256e-06,0.5274056232033684,4.952472,1.1399635211673225,1.6796406745917534,5.068777103701083,0.8923106039108939,0.08498236673705954,0.012787293923661212,0.00639921819946513,15.0,1.0,5.0,1.0,9.0,9.0,32.0
20260820_155643_3ac9910f,10.0,zayif_sinyal_dusuk_kazanc,0,0.0,0.0,0.0,0,0,0.0,0.0,4.180904,8.120602,-0.10873990371508112,0.5891115450247096,0.599063251369474,0.4091613593946137,21.432348714139195,1.794441315991491e-05,0.011711625227992704,5.9561274001279045,0.4547997286970595,0.7065069532963102,2.274071411441889e-05,1.5064585989720291e-05,-1.832e-07,4e-07,1.6744e-06,5.832e-07,1.2744e-06,1.331470112405556,0.8865424559533508,1.7256e-06,0.5265343635705464,4.952472,1.1399635211673225,1.6728950629377284,5.109950318032778,0.8942458892029607,0.08350955184306284,0.012492000084423287,0.006288317665618554,15.0,1.0,5.0,1.0,9.0,9.0,32.0
20260820_155644_b73a9e49,10.0,zayif_sinyal_dusuk_kazanc,0,0.0,0.0,0.0,0,0,0.0,0.0,4.180904,8.120602,-0.10798736507631755,0.5899501479024742,0.5997519887639199,0.4158550723819249,21.36795105725101,1.7985697925230695e-05,0.0113276375155995,5.943408931884953,0.45502819127688526,0.7076403387469697,2.275213760895031e-05,1.5057411356032006e-05,-1.856e-07,4e-07,1.6744e-06,5.856e-07,1.2744e-06,1.3010745602310345,0.8869476709381774,1.7256e-06,0.5247281522905313,4.952472,1.1399635211673225,1.667204748367861,4.989569379798336,0.8942377248538267,0.08349046466648742,0.012549069362436164,0.006263668411896339,15.0,1.0,5.0,1.0,9.0,9.0,32.0
20260820_155644_af32541e,10.0,zayif_sinyal_dusuk_kazanc,0,0.0,0.0,0.0,0,0,0.0,0.0,4.180904,8.120602,-0.10844660660458864,0.589193519047205,0.5990907021238766,0.41594453189688735,21.476233299728673,1.7946057724034968e-05,0.010463665162714793,5.938036751709136,0.4550685860400555,0.7064239316051681,2.275415741174044e-05,1.5082591357984076e-05,-1.856e-07,4e-07,1.672e-06,5.856e-07,1.272e-06,1.3178093184634605,0.8867693558712705,1.7256e-06,0.5242507724227201,4.952472,1.1399635211673225,1.673602051939334,5.074747843028063,0.894326108737729,0.08324547359268213,0.012559766896109218,0.006423716463086046,15.0,1.0,5.0,1.0,9.0,9.0,32.0
20260820_155645_0f5906a2,10.0,zayif_sinyal_dusuk_kazanc,0,0.0,0.0,0.0,0,0,0.0,0.0,4.180904,8.120602,-0.10987064125947968,0.5889941692678606,0.5991541448094193,0.4208988218170904,21.484480676557087,1.7949858839218117e-05,0.012767591437074014,5.99961696069148,0.4554516388036776,0.7060635809967941,2.2773310662805966e-05,1.5110210408499102e-05,-1.856e-07,4e-07,1.6744e-06,5.856e-07,1.2744e-06,1.3369689782066951,0.8785186202914621,1.7256e-06,0.5250221298860733,4.952472,1.1399635211673225,1.67281665335244,5.052531562178637,0.8939516945422644,0.08354149837282548,0.012707800572215731,0.006383972079262997,15.0,1.0,5.0,1.0,9.0,9.0,32.0
20260820_155655_49c7e1d0,5.0,zayif_sinyal_dusuk_kazanc,0,0.0,0.0,0.0,0,0,0.0,0.0,4.180904,8.120602,-0.10983590870692136,0.6018134394841692,0.6117543157062653,0.31905789187409034,19.677411830222308,1.87127659286105e-05,0.010559662090813094,6.010863895042503,0.48246162150673405,0.70972907207372,2.4123853013931113e-05,1.4665170147257379e-05,-1.856e-07,4e-07,1.6696e-06,5.856e-07,1.2696e-06,1.333959976252356,0.8774104760220697,1.752e-06,0.5520995888065131,5.028239999999999,1.159962881187802,1.6229199978846627,4.770990094803508,0.8950726245953481,0.0839540964876752,0.012122869067531353,0.005847516578411451,15.0,1.0,5.0,1.0,9.0,9.0,32.0
20260820_155657_56292173,5.0,zayif_sinyal_dusuk_kazanc,0,0.0,0.0,0.0,0,0,0.0,0.0,4.180904,8.120602,-0.10842731074205625,0.6235228449507189,0.6328800991421619,0.32265543854441936,17.25597848090665,2.0027501854061458e-05,0.013631563789958721,5.932560584878496,0.5186266129577275,0.7213911338645361,2.593216045046711e-05,1.50395969831576e-05,-1.856e-07,4e-07,1.5208e-06,5.856e-07,1.1208e-06,1.3242283756117457,0.8708323455703898,1.7328e-06,0.5625696225963288,4.973135999999999,1.159962881187802,1.584752516746531,4.633951735015367,0.9065466198198141,0.07395444665008404,0.011364225982793241,0.0056277133635933,15.0,1.0,5.0,1.0,9.0,9.0,32.0
20260820_155658_a22a2860,5.0,zayif_sinyal_dusuk_kazanc,0,0.0,0.0,0.0,0,0,0.0,0.0,4.180904,8.120602,-0.10775967389843524,0.6234666514791951,0.6327106865111235,0.3192319604426249,17.266353875331255,2.001678115776938e-05,0.014399539214745127,5.943000390360377,0.5178777650831424,0.7217290769344014,2.5894716858581254e-05,1.5010085831128238e-05,-1.856e-07,4e-07,1.5232e-06,5.856e-07,1.1232e-06,1.3237615446565083,0.8683261119144805,1.7304e-06,0.5632407890898128,4.966248,1.159962881187802,1.58467543146492,4.670129979184802,0.906869098099802,0.07386982105854029,0.01119502709853887,0.0055579249371533745,15.0,1.0,5.0,1.0,9.0,9.0,32.0
20260820_155658_d9853162,5.0,zayif_sinyal_dusuk_kazanc,0,0.0,0.0,0.0,0,0,0.0,0.0,4.180904,8.120602,-0.10824978880675819,0.625406019697775,0.6347052120874078,0.31511385548262816,16.977485471364364,2.014317987367607e-05,0.013247576077565519,5.988945624982674,0.5221572240762181,0.72207587764991,2.6108696655369427e-05,1.5068267978803817e-05,-1.856e-07,4e-07,1.5232e-06,5.856e-07,1.1232e-06,1.3332107284002528,0.8609019702193118,1.7304e-06,0.563936905688019,4.966248,1.159962881187802,1.5831281963704216,4.674374208534555,0.9076493455871734,0.07311242968856632,0.011222332404487742,0.005529254492393549,15.0,1.0,5.0,1.0,9.0,9.0,32.0
20260820_155659_d25d38a4,5.0,zayif_sinyal_dusuk_kazanc,0,0.0,0.0,0.0,0,0,0.0,0.0,4.180904,8.120602,-0.10909494758567725,0.6244907253160406,0.6339482420469956,0.3071792710968848,17.12875441079977,2.0095161704321557e-05,0.01353556686186042,5.946830754092298,0.5199604968114097,0.7222059507649725,2.599885677736538e-05,1.5048624558120327e-05,-1.832e-07,4e-07,1.6672e-06,5.832e-07,1.2672000000000001e-06,1.3329164187599363,0.8902698437539892,1.7304e-06,0.5640293174984757,4.966248,1.159962881187802,1.585980991968175,4.6767403163119505,0.9069225335283988,0.0738349839910584,0.011129174538115405,0.005593159665595279,15.0,1.0,5.0,1.0,9.0,9.0,32.0
20260820_155742_3e632cdb,25.0,genis_bant_dusuk_hp,0,0.0,0.0,0.0,0,0,0.0,0.0,4.100502,8.120602,-0.08657667601036767,0.9627711682582832,0.9666560108220627,0.9790785995104905,10.892428616778327,4.67226872410704e-05,0.0059038110780455025,14.345626032483985,0.6385259489859434,1.2056194349137233,3.1927319090815546e-05,1.416081124049189e-05,2.368e-07,1.5184e-06,2.8816e-06,1.2816e-06,1.3632000000000001e-06,0.8355984375047567,0.38960800522638744,8.6208e-06,0.07362756866084993,24.741696,0.5999808006143803,1.3017585602378114,3.526035853005659,0.9167033081512471,0.06379521272717974,0.013062592500696857,0.004975435041150304,33.0,0.0,15.0,1.0,9.0,9.0,32.0
20260820_155745_bdc282c8,25.0,genis_bant_dusuk_hp,0,0.0,0.0,0.0,0,0,0.0,0.0,4.180904,8.201004000000001,-0.08642616828261496,0.9655190505069362,0.9693794507084574,0.9802762044576815,10.848002034280338,4.698632948722266e-05,0.004943841797062494,14.369054546507252,0.640168490621806,1.2091295042514556,3.20094488006753e-05,1.4137670847116649e-05,2.368e-07,1.5184e-06,2.8528e-06,1.2816e-06,1.3344e-06,0.8342431523155888,0.3963615625467537,8.601599999999999e-06,0.07624904166784346,24.686591999999997,0.5999808006143803,1.2984791744331956,3.4917566408484264,0.9172315671848795,0.06326390326866839,0.01313291027954821,0.004949506141143366,33.0,0.0,15.0,1.0,9.0,9.0,32.0
20260820_155745_1ad53317,25.0,genis_bant_dusuk_hp,0,0.0,0.0,0.0,0,0,0.0,0.0,4.180904,8.201004000000001,-0.08523368397811269,0.9652363227220068,0.968992228857581,0.9793808103801245,10.853170058540753,4.694879929282247e-05,0.006287798790438706,14.468398247829148,0.6396423415091025,1.2088751802477946,3.198314050320154e-05,1.4135354182621626e-05,2.368e-07,1.5184e-06,2.8816e-06,1.2816e-06,1.3632000000000001e-06,0.8258301254305358,0.39438661034782563,8.6232e-06,0.07715925767361718,24.748584,0.5999808006143803,1.300809504347287,3.5313537175714598,0.9173229961071588,0.06324048847096703,0.013021033742590591,0.004938625182370626,33.0,0.0,15.0,1.0,9.0,9.0,32.0
20260820_155746_f140ed5a,25.0,genis_bant_dusuk_hp,0,0.0,0.0,0.0,0,0,0.0,0.0,4.180904,8.201004000000001,-0.08599394096188921,0.9658436049423712,0.9696642857660749,0.9839723084147858,10.84875742696762,4.7013945752634944e-05,0.0057118172218489005,14.401232710908216,0.6406509800998695,1.2093620530471125,3.203357404656164e-05,1.4164024793333507e-05,2.368e-07,1.5184e-06,2.86e-06,1.2816e-06,1.3416000000000002e-06,0.8316221704670909,0.3961547516591247,8.6184e-06,0.0772582498905806,24.734808,0.5999808006143803,1.2987767136746196,3.522835335288964,0.9172901367598858,0.06343133703297901,0.012923352426463917,0.004928083020043635,33.0,0.0,15.0,1.0,9.0,9.0,32.0
20260820_155746_f12725f7,25.0,genis_bant_dusuk_hp,0,0.0,0.0,0.0,0,0,0.0,0.0,4.180904,8.201004000000001,-0.08719414361140443,0.9661081405258892,0.9700349261086002,0.9846399699945572,10.841905843486394,4.704989344193847e-05,0.0056158202937506,14.416019110021917,0.6415731818614329,1.2093791636734033,3.207968561016262e-05,1.4170678997002266e-05,2.368e-07,1.5184e-06,2.86e-06,1.2816e-06,1.3416000000000002e-06,0.8323136895014475,0.39496078320025035,8.6208e-06,0.07691378447218539,24.741696,0.6199801606348597,1.3017756375408565,3.5505795424588773,0.9174693932398611,0.06313081159513201,0.012983330768886005,0.0049259332238974635,33.0,0.0,15.0,1.0,9.0,9.0,32.0
20260820_155753_0ec0f611,20.0,genis_bant_dusuk_hp,0,0.0,0.0,0.0,0,0,0.0,0.0,4.100502,8.120602,-0.08898479965441104,0.9711248455817573,0.9751931912578798,0.8727860574983468,9.969022955171209,4.7551609616602837e-05,0.007487760391667466,14.26387559588291,0.6934384188178039,1.1887329503153956,3.46730304423603e-05,1.4847658663452615e-05,2.368e-07,1.5016e-06,2.7256e-06,1.2648e-06,1.2239999999999998e-06,0.8528707135679234,0.5090948121130964,6.7824e-06,0.12283655194162156,19.465488,0.6199801606348597,1.2442998147183404,3.3914762497909514,0.924342948443106,0.05788172014548328,0.011222715523411194,0.005192569518412206,33.0,0.0,15.0,1.0,9.0,9.0,32.0
20260820_155756_a0350381,20.0,genis_bant_dusuk_hp,0,0.0,0.0,0.0,0,0,0.0,0.0,4.180904,8.201004000000001,-0.08858344571373715,0.9710235048745693,0.9750557285988384,0.8516877346719199,9.93769447221505,4.753820486754878e-05,0.0068157818949793605,14.342641110797926,0.6963606050039751,1.186828493679758,3.481914442716676e-05,1.488862270289502e-05,2.368e-07,1.4992e-06,2.7232e-06,1.2624e-06,1.224e-06,0.8544374512489076,0.5055292013703243,6.7656e-06,0.12155062014881853,19.417272,0.6199801606348597,1.2435577827586668,3.3734692662316568,0.9236273526333185,0.05846431687301832,0.011348358392669674,0.005194251496910422,33.0,0.0,15.0,1.0,9.0,9.0,32.0
20260820_155756_a390d6e7,20.0,genis_bant_dusuk_hp,0,0.0,0.0,0.0,0,0,0.0,0.0,4.180904,8.201004000000001,-0.08841364212345205,0.9712913838579573,0.9753070923920527,0.8487573547954387,9.921887810066641,4.7562718181791153e-05,0.0068157818949793605,14.303891903499695,0.6970311377944023,1.1868579770997663,3.485267213954058e-05,1.4908298850964365e-05,2.368e-07,1.4992e-06,2.7232e-06,1.2624e-06,1.224e-06,0.8514003098077897,0.5061543557889199,6.7272e-06,0.12227252586366379,19.307064,0.6199801606348597,1.2433062107692103,3.390380917300646,0.9236975274516446,0.05843715768635151,0.011329718790848929,0.005173015786315821,33.0,0.0,15.0,1.0,9.0,9.0,32.0
20260820_155757_c1d379d0,20.0,genis_bant_dusuk_hp,0,0.0,0.0,0.0,0,0,0.0,0.0,4.180904,8.201004000000001,-0.08920091331477392,0.9705888605288703,0.9746791980538625,0.8536666928527683,9.971797302810234,4.750149695520862e-05,0.007679754247864068,14.381352454049992,0.6934560467745781,1.1878613731433378,3.467391186840374e-05,1.4845427068136878e-05,2.368e-07,1.4992e-06,2.7208e-06,1.2624e-06,1.2215999999999999e-06,0.8511848541259884,0.5034354674141307,6.7392e-06,0.12392686485464671,19.341504,0.6199801606348597,1.2457840613333313,3.4057326286505245,0.9234093611882268,0.05855289632229965,0.011439989121005184,0.0052136972425459475,33.0,0.0,15.0,1.0,9.0,9.0,32.0
20260820_155757_550240be,20.0,genis_bant_dusuk_hp,0,0.0,0.0,0.0,0,0,0.0,0.0,4.180904,8.201004000000001,-0.09048601775943167,0.9710584946623303,0.9752652559513392,0.8436124242326221,9.944731953414204,4.7558637801002694e-05,0.007103772679274263,14.317123080422746,0.6969698845289352,1.1866802362307436,3.4849609378262e-05,1.4887483473202655e-05,2.368e-07,1.4992e-06,2.7208e-06,1.2624e-06,1.2215999999999999e-06,0.8526616985725199,0.5019589243750487,6.7776e-06,0.12205602782052287,19.451712,0.6199801606348597,1.2419528513993154,3.383520461088838,0.923941734011626,0.05817151512313276,0.011344194955934956,0.0051808591802088915,33.0,0.0,15.0,1.0,9.0,9.0,32.0
20260820_155805_4a124ec4,15.0,genis_bant_dusuk_hp,0,0.0,0.0,0.0,0,0,0.0,0.0,4.180904,8.201004000000001,-0.08519123308054143,1.0041204008919833,1.0077278033681816,1.1051283679430652,9.992023756907814,5.077739110858411e-05,0.006911778823077662,14.475292935643717,0.7015779971850806,1.2373942893530927,3.508002238404953e-05,1.4360550605135094e-05,2.368e-07,1.516e-06,2.752e-06,1.2792e-06,1.2360000000000001e-06,0.817126091543048,0.5022620734765666,1.1232e-05,0.06082800686143137,32.23584,0.6199801606348597,1.2810455573670034,3.3675404733609664,0.9265939981500007,0.05640783225281772,0.010874365411522733,0.0047970256396345275,33.0,0.0,15.0,1.0,9.0,9.0,32.0
20260820_155808_3f87e7af,15.0,genis_bant_dusuk_hp,0,0.0,0.0,0.0,0,0,0.0,0.0,4.180904,8.201004000000001,-0.08517579639051549,1.003454332767215,1.0070628154390644,1.1005401041903637,9.988034658739776,5.071039839282555e-05,0.0068157818949793605,14.48059611924532,0.7004192936849172,1.2369715245547008,3.5022085355115755e-05,1.4353953227754474e-05,2.368e-07,1.516e-06,2.7496e-06,1.2792e-06,1.2336e-06,0.8168191583390327,0.4987996867192109,1.12056e-05,0.06215430388821685,32.160072,0.6199801606348597,1.2807101879114657,3.3659905878810163,0.9264007273037852,0.05645926133142441,0.011016472641795566,0.004798604933172669,33.0,0.0,15.0,1.0,9.0,9.0,32.0
20260820_155808_95bd0122,15.0,genis_bant_dusuk_hp,0,0.0,0.0,0.0,0,0,0.0,0.0,4.180904,8.201004000000001,-0.08499827445521743,1.002998963129176,1.0065940724535223,1.0997559352486304,9.994909542355536,5.0663202505531074e-05,0.008447729672650475,14.528929796592248,0.6992773615597916,1.236870585887481,3.496498692176808e-05,1.4329362875653025e-05,2.368e-07,1.516e-06,2.7472e-06,1.2792e-06,1.2312000000000002e-06,0.8147017007754573,0.4966965367613726,1.12104e-05,0.06204908020358098,32.173848,0.6199801606348597,1.281034322026803,3.3688834169823894,0.9264391356888354,0.05649964167567958,0.010894178706029874,0.0048154327517390405,33.0,0.0,15.0,1.0,9.0,9.0,32.0
20260820_155809_813e74c0,15.0,genis_bant_dusuk_hp,0,0.0,0.0,0.0,0,0,0.0,0.0,4.180904,8.201004000000001,-0.0836282682154171,1.0025848860950215,1.0060666683032877,1.1036480632339245,9.988819054624054,5.061012652576958e-05,0.009503695881731784,14.474429359714206,0.6992041100938894,1.23614429503179,3.4961324231270616e-05,1.4333717970079795e-05,2.368e-07,1.516e-06,2.7472e-06,1.2792e-06,1.2312000000000002e-06,0.8179519044630732,0.49284691117534135,9.9024e-06,0.061942104261806456,28.419888,0.6199801606348597,1.2812052405470338,3.374904535382445,0.9261066969017338,0.0568078448717427,0.010925702762759169,0.004820245991189438,33.0,0.0,15.0,1.0,9.0,9.0,32.0
20260820_155809_ae061e90,15.0,genis_bant_dusuk_hp,0,0.0,0.0,0.0,0,0,0.0,0.0,4.180904,8.201004000000001,-0.08490179514255543,1.0028105201913076,1.0063981588937796,1.101500508164266,9.990503648288264,5.064348325084622e-05,0.009215705097436883,14.460206148983847,0.6995973492062467,1.2363721525144782,3.4980986816071065e-05,1.4346452862386577e-05,2.368e-07,1.516e-06,2.7472e-06,1.2792e-06,1.2312000000000002e-06,0.8180181499974881,0.49770230890343103,1.12104e-05,0.06176967761779252,32.173848,0.6199801606348597,1.2811836923464393,3.383857803363601,0.9264545535556572,0.05647891574350597,0.010904998527077592,0.004815452442538183,33.0,0.0,15.0,1.0,9.0,9.0,32.0
20260820_155818_3b02b2c9,10.0,genis_bant_dusuk_hp,0,0.0,0.0,0.0,0,0,0.0,0.0,4.100502,8.120602,-0.08662684525295189,1.0096268884325048,1.0133364022694442,0.6990598362136462,8.85012729465127,5.1344176169281706e-05,0.010751655947009695,14.437133867373744,0.7388442865096401,1.224753042572038,3.694339647634042e-05,1.4469305645093887e-05,2.368e-07,1.528e-06,2.9824e-06,1.2912e-06,1.4544e-06,0.8285599749682362,0.43249755549570384,1.0473599999999999e-05,0.04688969949130494,30.059231999999998,0.6199801606348597,1.3225881098892038,3.36423176675902,0.9211179739989577,0.05872762277216253,0.013522504308821001,0.005274914144367721,33.0,0.0,15.0,1.0,9.0,9.0,32.0
20260820_155820_74022984,10.0,genis_bant_dusuk_hp,0,0.0,0.0,0.0,0,0,0.0,0.0,4.180904,8.201004000000001,-0.08660369021791302,1.0090792264104993,1.0127887658996677,0.7095135928364165,8.851044225112737,5.128869540236353e-05,0.009407698953633484,14.441699422290878,0.7386094782083792,1.2239853941046166,3.693165568558409e-05,1.4467904534961829e-05,2.368e-07,1.528e-06,3.0136e-06,1.2912e-06,1.4855999999999998e-06,0.8237458900962968,0.4334799473135335,1.0473599999999999e-05,0.047147371721163046,30.059231999999998,0.6199801606348597,1.3250327810830547,3.408590588205024,0.9208827079749313,0.05890169119148728,0.013602350839593266,0.0052387866563608386,33.0,0.0,15.0,1.0,9.0,9.0,32.0
20260820_155821_c6168478,10.0,genis_bant_dusuk_hp,0,0.0,0.0,0.0,0,0,0.0,0.0,4.180904,8.201004000000001,-0.08581255985408466,1.008879121793977,1.0125220381900324,0.7093798630944557,8.847176321803193,5.126168421242937e-05,0.008255735816453873,14.496240828988617,0.7380798826585296,1.2239264835564296,3.690517506073874e-05,1.4459100000752416e-05,2.368e-07,1.5304e-06,2.9872e-06,1.2936e-06,1.4568e-06,0.8205426732102179,0.43294398628865555,1.0476e-05,0.04856989132268769,30.066119999999998,1.1399635211673225,1.3244147884648734,3.40773860630798,0.92110687177689,0.05872598542909955,0.013475389423369752,0.005304134604423915,33.0,0.0,15.0,1.0,9.0,9.0,32.0
20260820_155821_3ff54aab,10.0,genis_bant_dusuk_hp,0,0.0,0.0,0.0,0,0,0.0,0.0,4.180904,8.201004000000001,-0.08648019669770565,1.0088345684500708,1.01253444925134,0.7088217674200207,8.861664550134476,5.1262940907653194e-05,0.01007967745032159,14.505526998799663,0.736706919362626,1.224724074879681,3.683652469920228e-05,1.4435801275309326e-05,2.368e-07,1.5304e-06,3.0232e-06,1.2936e-06,1.4928000000000001e-06,0.8234836677264334,0.4303880248711664,1.0473599999999999e-05,0.048534265599139675,30.059231999999998,1.1399635211673225,1.3251043401020721,3.37952310520263,0.9205940048331314,0.05914649628239752,0.013599533106948121,0.005291332911333116,33.0,0.0,15.0,1.0,9.0,9.0,32.0
20260820_155822_a186ad43,10.0,genis_bant_dusuk_hp,0,0.0,0.0,0.0,0,0,0.0,0.0,4.180904,8.201004000000001,-0.08474356906978976,1.0089336493908003,1.0124863363876693,0.7036932438481002,8.841351634838984,5.125806927431642e-05,0.008735720456945378,14.42878477763577,0.7382704575374567,1.2238277664557868,3.691470410960489e-05,1.4470802625043546e-05,2.368e-07,1.5304e-06,3.0232e-06,1.2936e-06,1.4928000000000001e-06,0.8289505546138939,0.4319000528401954,1.04832e-05,0.04777012760309304,30.086783999999998,1.1399635211673225,1.3231043962028568,3.368154876231603,0.9208012699376754,0.058982294870966095,0.013574316539512445,0.005269659301441419,33.0,0.0,15.0,1.0,9.0,9.0,32.0
20260820_155827_72ff352d,5.0,genis_bant_dusuk_hp,0,0.0,0.0,0.0,0,0,0.0,0.0,4.180904,8.201004000000001,-0.08979908505327829,1.0030941620036855,1.0071056416892332,0.7894398722099443,8.41337223246619,5.071471149495174e-05,0.007103772679274263,14.427167815373796,0.7785454079959615,1.1891574911792548,3.8928516072450864e-05,1.4428586168766572e-05,2.368e-07,1.5184e-06,2.584e-06,1.2816e-06,1.0656000000000002e-06,0.836328994536127,0.37355472911573306,0.0,0.0,0.0,1.159962881187802,1.3007669231157477,3.3828446021904917,0.9208409535287325,0.060583200601325396,0.012547326056186428,0.004661128150808246,33.0,0.0,15.0,1.0,9.0,9.0,32.0
20260820_155829_df472401,5.0,genis_bant_dusuk_hp,0,0.0,0.0,0.0,0,0,0.0,0.0,4.180904,8.201004000000001,-0.08730605961409234,1.0042869910784322,1.0080747534259107,0.7862723009235141,8.380990132910881,5.081236136826911e-05,0.008255735816453873,14.355889272754606,0.7792516535997688,1.1905169246489682,3.89638294826342e-05,1.4416006306365834e-05,2.368e-07,1.5184e-06,2.5936e-06,1.2816e-06,1.0752e-06,0.8386819264062623,0.37319385244066805,0.0,0.0,0.0,1.159962881187802,1.2956926053903435,3.302898556669884,0.9211945389544902,0.06043501810772618,0.012385883646260152,0.00466148346919763,33.0,0.0,15.0,1.0,9.0,9.0,32.0
20260820_155830_b3d6d7f8,5.0,genis_bant_dusuk_hp,0,0.0,0.0,0.0,0,0,0.0,0.0,4.180904,8.201004000000001,-0.08759163837957185,1.0043375092827964,1.0081498537749183,0.7883453472289141,8.378762592149057,5.081993256912372e-05,0.007199769607372564,14.34945223771929,0.779078434386071,1.190736965894406,3.8955168244798575e-05,1.4413730881575052e-05,2.368e-07,1.5184e-06,4.42e-06,1.2816e-06,2.9016000000000003e-06,0.8425106112670947,0.23921851878178998,0.0,0.0,0.0,1.159962881187802,1.2967859461825872,3.317012145947676,0.9210025868036251,0.06056858056493557,0.012420983195727346,0.004671410625114174,33.0,0.0,15.0,1.0,9.0,9.0,32.0
20260820_155830_2bfb34cf,5.0,genis_bant_dusuk_hp,0,0.0,0.0,0.0,0,0,0.0,0.0,4.100502,8.120602,-0.08872237592397043,1.0046220813662428,1.0085321940117906,0.7867430666068691,8.38619895676449,5.085848673740997e-05,0.006911778823077662,14.437935642690263,0.7795417032388379,1.1909951359205064,3.897833242866708e-05,1.4414274647533568e-05,2.368e-07,1.5184e-06,4.3816e-06,1.2816e-06,2.8632e-06,0.8366696355085141,0.2394563833370085,0.0,0.0,0.0,1.159962881187802,1.2953079658052096,3.3253273675888875,0.9211526963352049,0.060641662627632015,0.012281841317219305,0.004591629585299943,33.0,0.0,15.0,1.0,9.0,9.0,32.0
20260820_155831_ebbbba4f,5.0,genis_bant_dusuk_hp,0,0.0,0.0,0.0,0,0,0.0,0.0,4.180904,8.201004000000001,-0.08901953220696938,1.0047222665058988,1.00865817298384,0.7855161448879151,8.375770612020057,5.0871193322450795e-05,0.008255735816453873,14.379608822395658,0.7799017501297825,1.190954725482554,3.899633534928933e-05,1.4422026192778156e-05,2.368e-07,1.5184e-06,2.5936e-06,1.2816e-06,1.0752e-06,0.8404786063446875,0.3760294879362953,0.0,0.0,0.0,1.159962881187802,1.2968038659457384,3.3504548935166043,0.9214659941603703,0.060243342744105234,0.012304698390786002,0.004627872622621067,33.0,0.0,15.0,1.0,9.0,9.0,32.0
20260820_161052_27c36839,25.0,dusuk_ortalama_averaging1,1,0.996648275662463,8.64e-06,5767.730834312608,2,1,0.34255645049152905,24.7968,3.939698,7.316582,-0.09545663194777766,0.4950713964322142,0.5041900992167102,1.9676215950250682,24.952312748389645,1.271078953965764e-05,0.01007967745032159,4.454947255231591,0.37565259189687966,0.5985335766946037,1.8783230638991015e-05,1.6354986521613406e-05,4.024e-07,2.14e-06,3.1912e-06,1.7375999999999999e-06,1.0512000000000002e-06,0.9995708115181345,0.6715065338247556,1.3728e-06,0.5961560094996431,3.939936,1.3599564813925955,1.5914789687098307,5.282053669104936,0.9151103194332635,0.07967913263372726,0.002693320661387323,0.0005780593978570079,33.0,1.0,5.0,1.0,9.0,9.0,1.0
20260820_161055_610595c7,25.0,dusuk_ortalama_averaging1,1,0.9973084974249719,8.64e-06,5764.718736569406,2,1,0.3415332195288033,24.7968,3.939698,7.316582,-0.09505141883459729,0.49466628594557016,0.5037157002453414,1.9658789739157143,25.030853558452673,1.268688130089341e-05,0.01017567437841989,4.491344885028331,0.3758426071368951,0.5976793629499837,1.8792731705016173e-05,1.634325540362288e-05,4e-07,2.14e-06,3.148e-06,1.7399999999999999e-06,1.0080000000000003e-06,0.9799340147375163,0.6821217450660209,1.3728e-06,0.5964695608791087,3.939936,1.3599564813925955,1.602458125969302,5.392254031035899,0.9145856304715172,0.08008202190760569,0.0026879927538313326,0.000616185761019622,33.0,1.0,5.0,1.0,9.0,9.0,1.0
20260820_161055_b4a64bd9,25.0,dusuk_ortalama_averaging1,1,0.9969610510679946,8.64e-06,5766.003720154759,2,1,0.34165827794424913,24.7968,3.939698,7.316582,-0.09694241336277239,0.49507193201388194,0.5044740324105459,1.9737473475142142,24.94858642175987,1.2725109659306825e-05,0.008831717385043679,4.441966849754198,0.37704828262312234,0.5978968674514227,1.8853017408408313e-05,1.640845055949637e-05,4e-07,2.1424e-06,3.1624e-06,1.7424e-06,1.02e-06,0.9973094561125131,0.6741083110799454,1.3728e-06,0.5935323676315409,3.939936,1.3599564813925955,1.5909836165462659,5.280477723737449,0.9154583535880917,0.07941673679999108,0.002620144314317881,0.0005763324885482635,33.0,1.0,5.0,1.0,9.0,9.0,1.0
20260820_161056_01d2edce,25.0,dusuk_ortalama_averaging1,1,0.9969324686043781,8.64e-06,5764.501758094353,2,1,0.3419864081091062,24.7968,3.939698,7.316582,-0.09547978698281655,0.494912098804491,0.5040380692619857,1.9610591157332349,24.917979895157462,1.2703125250267938e-05,0.008159738888355573,4.4873371682657766,0.3763894956329739,0.597809976711844,1.8820077004841708e-05,1.6390774459993583e-05,4e-07,2.14e-06,3.148e-06,1.7399999999999999e-06,1.0080000000000003e-06,1.0039139492222575,0.6639164865285715,1.3728e-06,0.5946679703078087,3.939936,1.3599564813925955,1.5894105772477092,5.209394669302583,0.914710545659428,0.08011961272343092,0.002676779738545225,0.0005831326325235278,33.0,1.0,5.0,1.0,9.0,9.0,1.0
20260820_161056_7b63aa29,25.0,dusuk_ortalama_averaging1,1,0.9967532710061282,8.64e-06,5764.5957404330165,2,1,0.34169879340569137,24.7968,3.939698,7.316582,-0.09517877152731112,0.4948302633450322,0.503900772048984,1.950344004530388,24.950330296571796,1.2696205669159018e-05,0.009887683594124988,4.475868776535779,0.3767028278808814,0.5974302838169115,1.883574411856868e-05,1.6412379689167146e-05,4e-07,2.14e-06,3.1432e-06,1.7399999999999999e-06,1.0032e-06,0.9797047867223128,0.6805823870910515,1.3704e-06,0.5950897763036362,3.933048,1.3599564813925955,1.5854665195820483,5.15538649526894,0.9150602732457706,0.0798001472015688,0.0026613058946174366,0.0005672257199627102,33.0,1.0,5.0,1.0,9.0,9.0,1.0
20260820_161104_38ed44fa,20.0,dusuk_ortalama_averaging1,0,0.0,0.0,0.0,0,0,0.0,0.0,3.939698,7.316582,-0.09443009206105404,0.43629150502524533,0.44639368235208343,2.715311857904494,36.44662971381186,9.963684809904068e-06,0.009983680522223289,4.580058187365025,0.3235568942733224,0.5338310597709516,1.6178362404696957e-05,1.6522930973637298e-05,4e-07,2.1952e-06,3.4216e-06,1.7952000000000002e-06,1.2263999999999998e-06,1.025218941261272,0.27059668761711186,1.7592e-06,0.5257070233904722,5.048904,1.1399635211673225,1.615496888317248,5.902235026169316,0.8900264649560657,0.10373490965682988,0.003119623046094054,0.0006692507489788898,33.0,1.0,5.0,1.0,9.0,9.0,1.0
20260820_161106_0e7ff881,20.0,dusuk_ortalama_averaging1,0,0.0,0.0,0.0,0,0,0.0,0.0,3.939698,7.316582,-0.09574606988576365,0.4374784371711813,0.4478333315959284,2.7172791537982963,35.96090033907455,1.002805553192406e-05,0.00892771431314198,4.588190828256946,0.3256914200940265,0.5347033073459,1.628509211097348e-05,1.6526124336924546e-05,4e-07,2.1928e-06,3.412e-06,1.7928e-06,1.2192000000000001e-06,1.0280799925252055,0.2729505092406026,1.7568e-06,0.5254320051916762,5.042016,1.1399635211673225,1.5993787062984341,5.802345524286389,0.8922870888209787,0.1017012274499728,0.0030843325948855397,0.0006550339042761601,33.0,1.0,5.0,1.0,9.0,9.0,1.0
20260820_161106_3cba0765,20.0,dusuk_ortalama_averaging1,0,0.0,0.0,0.0,0,0,0.0,0.0,3.939698,7.316582,-0.09685365239512335,0.4377987284585556,0.4483841618770711,2.7025818509685724,35.585335648753,1.0052739508480771e-05,0.011615628299894404,4.508624782204096,0.3287746700532011,0.5335439341831618,1.643925954213214e-05,1.6608124115692026e-05,3.976e-07,2.1904e-06,3.4216e-06,1.7927999999999998e-06,1.2312000000000002e-06,1.0101216584592114,0.2885005765275681,1.7544e-06,0.5281406352714894,5.035128,1.1399635211673225,1.613970616862658,5.915845307928651,0.8932606345749099,0.10049374638398054,0.003129256258024946,0.00068765666701647,33.0,1.0,5.0,1.0,9.0,9.0,1.0
20260820_161107_3bb8835e,20.0,dusuk_ortalama_averaging1,0,0.0,0.0,0.0,0,0,0.0,0.0,3.939698,7.316582,-0.09432203523087258,0.43799847744597814,0.44803940962273503,2.704850880792755,35.749077443608805,1.0037286811654568e-05,0.010751655947009695,4.59236602900264,0.3261882467148892,0.5350007876335023,1.6309934236939202e-05,1.6519166205686017e-05,4e-07,2.1904e-06,3.4216e-06,1.7903999999999998e-06,1.2312000000000002e-06,1.0235627354392571,0.27841676409158733,1.7544e-06,0.5227106284827016,5.035128,1.1399635211673225,1.6048864003935677,5.810674257812672,0.8925203259425316,0.10138575014745332,0.00305218469122092,0.0006725242127700404,33.0,1.0,5.0,1.0,9.0,9.0,1.0
20260820_161107_4574166e,20.0,dusuk_ortalama_averaging1,0,0.0,0.0,0.0,0,0,0.0,0.0,3.939698,7.23618,-0.09426800681578189,0.4387151052337926,0.44872864926291256,2.6968098191750456,35.61403523619816,1.006819220530697e-05,0.010847652875107996,4.598808385219475,0.3281866535694026,0.5349493875869606,1.6409857777115842e-05,1.658597075274101e-05,4e-07,2.1904e-06,3.4648e-06,1.7903999999999998e-06,1.2744e-06,1.0256334954015507,0.27967808195016747,1.752e-06,0.5252657982315276,5.028239999999999,1.1399635211673225,1.610610453313674,5.922727502042186,0.8929601219083185,0.10091936786753156,0.0030766961346284007,0.0006745001371496057,33.0,1.0,5.0,1.0,9.0,9.0,1.0
20260820_161114_b864543a,15.0,dusuk_ortalama_averaging1,1,0.9909493860002404,5.2488e-06,5777.482520305737,3,2,0.31803745151113033,15.064055999999999,3.939698,7.316582,-0.09458059978880676,0.4698244917482516,0.47924997955442133,2.2977302629357195,28.391770948063034,1.1484394634014308e-05,0.015167514639531535,4.498615141018327,0.36105772441556616,0.5657688110505592,1.805346391313737e-05,1.6393010575048826e-05,4e-07,2.1664e-06,3.2776e-06,1.7664000000000001e-06,1.1112e-06,1.0034158276939311,0.5400738315822274,1.4112e-06,0.5402128901054578,4.0501439999999995,1.1399635211673225,1.5936367269319744,5.504302804778272,0.9117816009128265,0.08251308864959299,0.0029153322326063128,0.0006322466804209422,33.0,1.0,5.0,1.0,9.0,9.0,1.0
20260820_161116_2965ebc0,15.0,dusuk_ortalama_averaging1,1,0.9912127171144555,5.2488e-06,5778.792996774781,3,2,0.31997511042341525,15.064055999999999,3.939698,7.316582,-0.09681891984256503,0.47170206510375573,0.48153581534775663,2.2734375728356273,28.095066924825208,1.1594208075917778e-05,0.014111548430450226,4.519428694503902,0.36386061529298896,0.567478184342847,1.8193612941633918e-05,1.6424532063073064e-05,4.024e-07,2.164e-06,3.2608e-06,1.7616e-06,1.0968000000000002e-06,1.026072572270021,0.5366417144137264,1.4136e-06,0.541213040670229,4.0570319999999995,1.1399635211673225,1.5849056989227615,5.46846151426634,0.913688867330268,0.080788462778541,0.0028101517129190644,0.0005885594975707542,33.0,1.0,5.0,1.0,9.0,9.0,1.0
20260820_161116_d2989cff,15.0,dusuk_ortalama_averaging1,1,0.9908209045855596,5.2488e-06,5776.534194263328,3,2,0.31899930254689424,15.064055999999999,3.939698,7.316582,-0.09377403273495247,0.4710910096277324,0.4803335388742413,2.273988920706491,28.31963142041289,1.1536384580866323e-05,0.01574349620812134,4.514510381431617,0.3616277671547961,0.5673739408154125,1.8081966962167253e-05,1.639100069078251e-05,3.976e-07,2.164e-06,3.2608e-06,1.7664e-06,1.0968000000000002e-06,1.0176313676753583,0.5371301706584082,1.4112e-06,0.5403159873534918,4.0501439999999995,1.1399635211673225,1.5814438454448254,5.3768601685085375,0.911946958297941,0.0825079052747856,0.0029111899847094214,0.000601116426007226,33.0,1.0,5.0,1.0,9.0,9.0,1.0
20260820_161117_492e2caa,15.0,dusuk_ortalama_averaging1,1,0.9908508153170122,5.2488e-06,5780.969057287311,3,2,0.31939399168335114,15.064055999999999,3.939698,7.316582,-0.09519034904483056,0.4713295329271431,0.48084584968635796,2.2823646737049756,28.20877434330865,1.1561006498399634e-05,0.01468752999904003,4.5548682871880555,0.3634177529516578,0.5668660826128361,1.8171469115987612e-05,1.641839146723354e-05,3.976e-07,2.164e-06,3.3136e-06,1.7664e-06,1.1496e-06,1.0214345797532336,0.5384705050690365,1.4112e-06,0.5417141979154806,4.0501439999999995,1.1399635211673225,1.592055085025966,5.51425074029283,0.9121853741882923,0.08212120127861454,0.0029439656121391503,0.0006387653552363508,33.0,1.0,5.0,1.0,9.0,9.0,1.0
20260820_161117_8a221058,15.0,dusuk_ortalama_averaging1,1,0.9908104364165841,5.2488e-06,5779.5638221982435,3,2,0.3197384300581882,15.064055999999999,3.939698,7.23618,-0.09711607612556397,0.4711950475026706,0.4810990594805506,2.283914587684703,28.28144485789647,1.1573185581741571e-05,0.015455505423826437,4.517885758686343,0.36386449624021516,0.5666839004334712,1.8193806995204744e-05,1.6421231105745768e-05,4e-07,2.164e-06,3.2488e-06,1.764e-06,1.0848000000000002e-06,1.007334140653534,0.5349082223824007,1.4112e-06,0.5401176533342171,4.0501439999999995,1.1399635211673225,1.5968212629438294,5.591413935704546,0.9126448941938489,0.08165643188546119,0.002910811101573585,0.0006342622186495493,33.0,1.0,5.0,1.0,9.0,9.0,1.0
20260820_161123_36234905,10.0,dusuk_ortalama_averaging1,0,0.0,0.0,0.0,0,0,0.0,0.0,3.939698,7.23618,-0.09503598214457137,0.523150430309523,0.5317125263102443,1.6830504978652108,19.302044378435063,1.4136362880898134e-05,0.012575597580877411,4.477804139579254,0.434436793651103,0.6063991726647877,2.172253478142499e-05,1.636992181225421e-05,4e-07,2.1568e-06,3.2488e-06,1.7567999999999998e-06,1.0920000000000003e-06,1.004710502044908,0.6177169682930018,1.4112e-06,0.5722621157242361,4.0501439999999995,1.1399635211673225,1.5156745668195786,4.980075957841877,0.9259648250914743,0.06936548626476068,0.0023862148540974527,0.0005049364600112026,33.0,1.0,5.0,1.0,9.0,9.0,1.0
20260820_161125_7e2563ac,10.0,dusuk_ortalama_averaging1,0,0.0,0.0,0.0,0,0,0.0,0.0,3.939698,7.316582,-0.09602393030623019,0.5248060437995505,0.5335184896514754,1.656634250052327,19.150466060098235,1.4232554367165658e-05,0.011711625227992704,4.485387812166208,0.43550655572989655,0.608643402024537,2.1776024596983995e-05,1.633262533952694e-05,4e-07,2.1544e-06,3.2416e-06,1.7544e-06,1.0872e-06,0.997903951933381,0.6177691670401688,1.4088e-06,0.5744773518028149,4.043256,1.1399635211673225,1.51641941337723,4.94928702127025,0.9255310405301012,0.06976720641617082,0.002403862517062318,0.0005389474488009463,33.0,1.0,5.0,1.0,9.0,9.0,1.0
20260820_161126_8bcd9fc2,10.0,dusuk_ortalama_averaging1,0,0.0,0.0,0.0,0,0,0.0,0.0,3.939698,7.316582,-0.09555697043294614,0.524759723390685,0.5333890717772451,1.653953576220587,19.179641687378226,1.4225650300812586e-05,0.009887683594124988,4.485740357229535,0.43532090373619026,0.6086227715244539,2.1766741700255492e-05,1.6350987875911693e-05,4e-07,2.1544e-06,3.256e-06,1.7544e-06,1.1015999999999998e-06,0.9985158105683276,0.6241142534144939,1.4112e-06,0.5741776553514821,4.0501439999999995,1.1399635211673225,1.511216440333405,4.8862706490368675,0.9253181473297287,0.07009209533730047,0.0023918545715459986,0.0005163162206082299,33.0,1.0,5.0,1.0,9.0,9.0,1.0
20260820_161126_4cf968ab,10.0,dusuk_ortalama_averaging1,1,0.9983024653016364,3.2832e-06,5685.351684998659,2,2,0.3715658655213871,9.422784,3.939698,7.23618,-0.09563029471056925,0.5250800516131436,0.5337173539135597,1.6584778388581378,19.09852496110957,1.4243166460166786e-05,0.010847652875107996,4.478821704683063,0.43552974020276825,0.6090370649597964,2.1777183857722736e-05,1.629922987180643e-05,4e-07,2.1568e-06,3.2248e-06,1.7567999999999998e-06,1.0680000000000002e-06,1.0128687686913271,0.625692668825076,1.4088e-06,0.5773286354274786,4.043256,1.1399635211673225,1.509271562048278,4.87418065100966,0.9260891061758791,0.06923832749537658,0.0024589253813245113,0.0005030297420273983,33.0,1.0,5.0,1.0,9.0,9.0,1.0
20260820_161127_a4fe69d6,10.0,dusuk_ortalama_averaging1,1,0.9984728366184523,3.2832e-06,5694.650835458742,2,2,0.37204128074357257,9.422784,3.939698,7.316582,-0.09333022789670731,0.5258880331783844,0.5341055652953645,1.6557653913756394,19.020188911397437,1.4263894173981849e-05,0.010751655947009695,4.5426717776576355,0.43540252844747546,0.6101638914017395,2.177082306641929e-05,1.628044491983532e-05,4e-07,2.1568e-06,3.2464e-06,1.7567999999999998e-06,1.0896000000000001e-06,1.014394786069579,0.6125603572040027,1.4088e-06,0.5748351058262897,4.043256,1.1399635211673225,1.5113226947952285,4.887596319929154,0.9256681832708576,0.06967120428121973,0.002423291119243081,0.0005300467830235268,33.0,1.0,5.0,1.0,9.0,9.0,1.0
20260820_161132_c9b3418a,5.0,dusuk_ortalama_averaging1,0,0.0,0.0,0.0,0,0,0.0,0.0,3.939698,7.316582,-0.09378561025247192,0.5271978378898947,0.5354748369122572,1.4883402048421406,17.03436166109451,1.4337123821591962e-05,0.01343956993376212,4.492256742194899,0.46896973458955715,0.5871840160958353,2.34492370810532e-05,1.626382551968012e-05,4e-07,2.1592e-06,2.9032e-06,1.7592e-06,7.44e-07,0.9822368974590989,0.46875763595281456,1.7472e-06,0.5692001041372,5.014463999999999,1.159962881187802,1.465395045449692,4.837860684666696,0.9303386769885292,0.0657233738285763,0.0018074742564654443,0.00044274771158308,33.0,1.0,5.0,1.0,9.0,9.0,1.0
20260820_161134_c1fab16f,5.0,dusuk_ortalama_averaging1,0,0.0,0.0,0.0,0,0,0.0,0.0,3.939698,7.316582,-0.09422169674570414,0.5356734060763878,0.5438967973017659,1.422470895326082,16.178515357161405,1.4791659623717692e-05,0.010943649803206298,4.455294117113459,0.47708369416910584,0.5959953223242125,2.385494804236596e-05,1.6142170429627553e-05,4e-07,2.1568e-06,2.9224e-06,1.7567999999999998e-06,7.656000000000003e-07,0.9867294630622614,0.5236155552150624,1.7424e-06,0.5936834211607822,5.000688,1.159962881187802,1.4664097120579704,4.829741541787056,0.9320733979261281,0.06413196814827471,0.0016720994393226492,0.0004163374976346533,33.0,1.0,5.0,1.0,9.0,9.0,1.0
20260820_161134_62df0c6f,5.0,dusuk_ortalama_averaging1,0,0.0,0.0,0.0,0,0,0.0,0.0,3.939698,7.316582,-0.09469251579149467,0.5382688893663774,0.5465346007405533,1.406569740669104,15.88864541432157,1.4935481410443487e-05,0.012959585293270615,4.4903780662391295,0.48266959438232354,0.5962400381391028,2.413425199046719e-05,1.6269207215261456e-05,4e-07,2.1592e-06,2.9536e-06,1.7592e-06,7.944e-07,0.9752638883343614,0.5355024243420472,1.7424e-06,0.5953145743512829,5.000688,1.159962881187802,1.4685668871733915,4.868148778832615,0.9324487310443123,0.0637997615913418,0.0016232269344694172,0.0004063358770909163,33.0,1.0,5.0,1.0,9.0,9.0,1.0
20260820_161135_fc0f7bf2,5.0,dusuk_ortalama_averaging1,0,0.0,0.0,0.0,0,0,0.0,0.0,3.939698,7.23618,-0.09390524460017279,0.5396869679349738,0.5477957815849478,1.39481609550284,15.73025237544671,1.5004491044462506e-05,0.012575597580877411,4.450067906637535,0.483327037038733,0.5981489166143644,2.416712517519591e-05,1.6226678180294607e-05,4e-07,2.1592e-06,2.932e-06,1.7592e-06,7.728e-07,0.9720254237840533,0.5427801325587305,1.7424e-06,0.5996350813429419,5.000688,1.159962881187802,1.460593075514352,4.7681663250374635,0.9330168920973015,0.06331639774925372,0.0015960154762695038,0.0004205224658305822,33.0,1.0,5.0,1.0,9.0,9.0,1.0
20260820_161135_a4b30050,5.0,dusuk_ortalama_averaging1,0,0.0,0.0,0.0,0,0,0.0,0.0,3.939698,7.316582,-0.09522894076989535,0.5406359676986212,0.5489588333651084,1.3878673743316543,15.69428806752229,1.5068272205760211e-05,0.014303542286646827,4.432123555665028,0.484767649434508,0.5989059070629292,2.4239158099964496e-05,1.622987416170959e-05,4e-07,2.1568e-06,2.932e-06,1.7567999999999998e-06,7.752000000000002e-07,0.9838414209298885,0.5415635501529669,1.7424e-06,0.6017463728496232,5.000688,1.159962881187802,1.4616323721902096,4.8106102461037805,0.9330670301012596,0.0632946287136169,0.0015930472580243885,0.00039835811271027896,33.0,1.0,5.0,1.0,9.0,9.0,1.0
20260820_161210_7a2e662c,25.0,kotu_kuplaj,0,0.0,0.0,0.0,0,0,0.0,0.0,4.0201,7.396984,-0.09262014015551501,0.4188020805305279,0.4289215231474472,2.300663041224612,40.84860237094557,9.198978008833133e-06,0.010559662090813094,4.608398888181061,0.2600322641482942,0.5401726954697434,1.3002029259037349e-05,1.4467729767472437e-05,4e-07,1.7032e-06,2.2888e-06,1.3032e-06,5.856e-07,0.7899565657925676,1.3025749351713947,1.284e-06,0.4272021578462339,3.6850799999999997,1.039966721064926,1.6815287615489234,6.045862739821629,0.7969293029339956,0.19733282910710087,0.0025341334343286803,0.0007119748001685445,33.0,1.0,5.0,1.0,9.0,9.0,32.0
20260820_161212_27871d6c,25.0,kotu_kuplaj,0,0.0,0.0,0.0,0,0,0.0,0.0,3.939698,7.23618,-0.09450727551118364,0.4151300373609712,0.4257517739761845,2.384692636908096,41.447128419372845,9.063518675510276e-06,0.00902371124124028,4.613876351933276,0.2628479609430714,0.5334248630217656,1.3142818603891077e-05,1.4733324381974243e-05,3.976e-07,1.696e-06,2.2888e-06,1.2984e-06,5.928000000000001e-07,0.7943443119214026,1.3069903237997753,1.2864e-06,0.438312372869106,3.691968,1.039966721064926,1.6927285729499084,6.2402327779375115,0.7966393799887291,0.19754970277489975,0.002458410577437302,0.0007347180532443058,33.0,1.0,5.0,1.0,9.0,9.0,32.0
20260820_161213_32c14a42,25.0,kotu_kuplaj,0,0.0,0.0,0.0,0,0,0.0,0.0,3.939698,7.316582,-0.09204126427954304,0.4150416828172199,0.42512491435568256,2.3755169732969716,41.53154136148165,9.036848810204811e-06,0.00902371124124028,4.518802290674298,0.2607782605357159,0.5338723547986133,1.3039330272002653e-05,1.4559538666792584e-05,4e-07,1.6792e-06,2.2888e-06,1.2792e-06,6.096000000000001e-07,0.791994466942117,1.2791072016011487,1.2888e-06,0.4435177326520317,3.698856,1.039966721064926,1.669409138829361,5.989573622510924,0.795300639096085,0.19919079451907098,0.00238389284952338,0.000674877940757118,33.0,1.0,5.0,1.0,9.0,9.0,32.0
20260820_161213_45d74a60,25.0,kotu_kuplaj,0,0.0,0.0,0.0,0,0,0.0,0.0,4.0201,7.396984,-0.09470795248152057,0.41517025709199745,0.42583557699783287,2.391119478306069,41.4752081152083,9.067087069355682e-06,0.008543726600748777,4.57121116282883,0.26360479204961473,0.5331539941121574,1.3180661370148015e-05,1.4677755859065505e-05,4e-07,1.7032e-06,2.2888e-06,1.3032e-06,5.856e-07,0.7849112887870531,1.29609782045948,1.2864e-06,0.4434565291339502,3.691968,1.039966721064926,1.6696191815766006,5.964562468663641,0.7967256270149062,0.19758971677892528,0.0025438263925620817,0.000693481132024099,33.0,1.0,5.0,1.0,9.0,9.0,32.0
20260820_161214_ea3f86d1,25.0,kotu_kuplaj,0,0.0,0.0,0.0,0,0,0.0,0.0,3.939698,7.316582,-0.09390910377267926,0.415617916125662,0.4260952616211846,2.390468166641566,41.438833506904594,9.078149090276449e-06,0.006911778823077662,4.551221000895143,0.2626480524511511,0.5341791003519645,1.3132822859441476e-05,1.4598842987801585e-05,4e-07,1.6744e-06,2.2888e-06,1.2744e-06,6.144e-07,0.7881515946518358,1.289026024725687,1.2912e-06,0.4443071332690723,3.705744,1.039966721064926,1.6797492431466567,6.098368489751536,0.796842418164352,0.19724690681668391,0.0026359693547575737,0.000753582504871739,33.0,1.0,5.0,1.0,9.0,9.0,32.0
20260820_161219_efba6d0b,20.0,kotu_kuplaj,1,0.9440857599725382,7.3656e-06,6560.239438597615,2,2,0.2746889107986354,21.139272000000002,3.939698,7.316582,-0.09589271844100987,0.4066751600376698,0.41782783445059174,2.6849345028259375,45.30235554842003,8.729284290242342e-06,0.00556782182970145,4.5886357395585256,0.25208230564148487,0.5258034477215323,1.260451861376327e-05,1.4919578997338798e-05,4e-07,1.7272e-06,2.2888e-06,1.3272e-06,5.616e-07,0.790856772812727,1.3047473007955184,1.8768e-06,0.4429811319041831,5.386416,1.0199673610444466,1.7206519300281893,6.313208552567233,0.7970737440086411,0.19687551790603622,0.002692206128613298,0.000740735840887394,33.0,1.0,5.0,1.0,9.0,9.0,32.0
20260820_161222_a65d0a46,20.0,kotu_kuplaj,0,0.0,0.0,0.0,0,0,0.0,0.0,3.939698,7.316582,-0.0953331384275703,0.4083844072230542,0.419364079703276,2.629745436384029,44.512322238675985,8.793592953238934e-06,0.006143803398291255,4.572147095500159,0.25566146536363354,0.5266180257529196,1.2783482326526261e-05,1.492140881593785e-05,4e-07,1.6816e-06,2.2864e-06,1.2816e-06,6.047999999999999e-07,0.7952233764151845,1.2944926752003183,1.8744e-06,0.4383040318011638,5.379528,1.0199673610444466,1.7114830116939848,6.242841806152937,0.7983378527623727,0.19562200469029475,0.002690372260394821,0.0007407682155047502,33.0,1.0,5.0,1.0,9.0,9.0,32.0
20260820_161222_9abf987e,20.0,kotu_kuplaj,0,0.0,0.0,0.0,0,0,0.0,0.0,3.939698,7.316582,-0.09577308409330901,0.40824725601248524,0.4193307831276732,2.640180238408633,44.454380271466164,8.792196625212472e-06,0.0049918402611116445,4.585454456223767,0.2561039918488322,0.5262739944267912,1.2805609358828569e-05,1.4944236050058692e-05,4e-07,1.696e-06,2.2864e-06,1.296e-06,5.903999999999999e-07,0.7881092731841424,1.299827773478429,1.296e-06,0.3887425135106112,3.71952,1.0199673610444466,1.7133144258882942,6.197691427785494,0.7971628550575234,0.19664247510817914,0.002773430444068632,0.0007908445300625152,33.0,1.0,5.0,1.0,9.0,9.0,32.0
20260820_161223_13c8d9e7,20.0,kotu_kuplaj,0,0.0,0.0,0.0,0,0,0.0,0.0,3.939698,7.316582,-0.09595446520111356,0.4084808730136755,0.41959966993557823,2.617871469211319,44.26637822971022,8.803475852715127e-06,0.006143803398291255,4.582613071303336,0.25755311399715997,0.5259654430753313,1.2878067784840394e-05,1.4987439296109135e-05,3.976e-07,1.6984e-06,2.2864e-06,1.3008e-06,5.879999999999999e-07,0.7936105200888176,1.300406707740997,1.8744e-06,0.4380032312544228,5.379528,1.0199673610444466,1.7033956841212672,6.146830360282271,0.7997260010043217,0.19435605583234306,0.0025315164064123436,0.000778235406135491,33.0,1.0,5.0,1.0,9.0,9.0,32.0
20260820_161224_ad361b51,20.0,kotu_kuplaj,0,0.0,0.0,0.0,0,0,0.0,0.0,3.939698,7.23618,-0.09513246145723336,0.4090453367982953,0.4199622278007188,2.6165145999042045,44.10312826221372,8.818695828203587e-06,0.006047806470192954,4.600689464220499,0.25739660626735855,0.5267652394366723,1.2870242147937956e-05,1.4950304381869282e-05,3.976e-07,1.6816e-06,2.2864e-06,1.284e-06,6.047999999999999e-07,0.7943168839139012,1.302330810176728,1.8744e-06,0.4370109917997249,5.379528,1.0199673610444466,1.7155817906313213,6.318990574420808,0.7986502817987972,0.19536333549398577,0.0025920208420990064,0.0007587417699235109,33.0,1.0,5.0,1.0,9.0,9.0,32.0
20260820_161227_c7ef3dee,15.0,kotu_kuplaj,0,0.0,0.0,0.0,0,0,0.0,0.0,3.939698,7.23618,-0.0953331384275703,0.40822634092470456,0.41921015339233303,2.5438298353915862,43.82331513176224,8.7871388148055e-06,0.006527791110684458,4.5346841604338435,0.25477190319831705,0.5268116622819718,1.2739002794960968e-05,1.5093249147388783e-05,3.976e-07,1.6696e-06,2.296e-06,1.272e-06,6.264e-07,0.7928355632362907,1.2873340779861304,1.2912e-06,0.4073452087282542,3.705744,0.9799686410034879,1.7270881925297759,6.40646047991755,0.7869726614700895,0.20699691512593954,0.0025752487552883328,0.0007051965952935289,33.0,1.0,5.0,1.0,9.0,9.0,32.0
20260820_161229_09f2c26b,15.0,kotu_kuplaj,0,0.0,0.0,0.0,0,0,0.0,0.0,3.939698,7.23618,-0.09596218354612653,0.4069813998694108,0.41814184257331355,2.5699931353916736,43.68465011910959,8.742409773691104e-06,0.007391763463569166,4.5250200478353015,0.26005753520615776,0.5223993407596179,1.3003292852364218e-05,1.5237392025553265e-05,4e-07,1.7152e-06,2.296e-06,1.3152e-06,5.808000000000002e-07,0.792111423055945,1.2862139975952716,1.2912e-06,0.41378388530006127,3.705744,0.9799686410034879,1.7107858412613857,6.230899263435524,0.787855741122695,0.2063333204421162,0.002460615200846797,0.0007052206527748433,33.0,1.0,5.0,1.0,9.0,9.0,32.0
20260820_161230_71b359cb,15.0,kotu_kuplaj,0,0.0,0.0,0.0,0,0,0.0,0.0,4.0201,7.316582,-0.09532927925506383,0.40774240349686997,0.4187380315814343,2.5708680836340205,43.49140880539771,8.767357501097262e-06,0.006911778823077662,4.502427226433758,0.26077103611224156,0.5231128530188784,1.3038969039269857e-05,1.5246165441836798e-05,4e-07,1.708e-06,2.296e-06,1.308e-06,5.880000000000001e-07,0.7830899442270037,1.2820608219197107,1.2912e-06,0.41284351234810074,3.705744,0.9799686410034879,1.7305410908211243,6.462611303861962,0.7872681593386208,0.2066649158204009,0.0025644421836615297,0.0007141943876344662,33.0,1.0,5.0,1.0,9.0,9.0,32.0
20260820_161230_23164e87,15.0,kotu_kuplaj,0,0.0,0.0,0.0,0,0,0.0,0.0,3.939698,7.316582,-0.09687294825765576,0.4081766153428031,0.41951462121937666,2.5533078492767824,43.45857718468959,8.79990745886972e-06,0.007487760391667466,4.477722291233543,0.262843131310803,0.5230374871950332,1.3142577114550246e-05,1.5332404163512745e-05,4e-07,1.7152e-06,2.296e-06,1.3152e-06,5.808000000000002e-07,0.7885352608179094,1.2666530370726001,1.2912e-06,0.4149059712926122,3.705744,0.9799686410034879,1.724908928351157,6.408346225216024,0.7882817145864288,0.2056331096565765,0.00262218933475413,0.0007506417602187946,33.0,1.0,5.0,1.0,9.0,9.0,32.0
20260820_161231_9a6a73fd,15.0,kotu_kuplaj,0,0.0,0.0,0.0,0,0,0.0,0.0,3.939698,7.23618,-0.0948738968992992,0.4075281863278321,0.41842595398052346,2.5671056256573093,43.34735940756708,8.754294076671898e-06,0.008159738888355573,4.477397698642893,0.26053109174099753,0.5228152218469393,1.3026971436796663e-05,1.514940064566428e-05,4e-07,1.6936e-06,2.2936e-06,1.2936e-06,6e-07,0.7874859011653884,1.2619890950159018,1.2912e-06,0.41180264526129806,3.705744,0.9799686410034879,1.7181580993616088,6.327603990098175,0.7880682117753051,0.20581253133101096,0.00266213813607897,0.000723842019649125,33.0,1.0,5.0,1.0,9.0,9.0,32.0
20260820_161235_1a445eca,10.0,kotu_kuplaj,0,0.0,0.0,0.0,0,0,0.0,0.0,3.939698,7.316582,-0.09432975357588558,0.4491781691283286,0.45897617588624856,1.867043012490985,27.9815395853568,1.0533293556166279e-05,0.006431794182586157,4.391066520353423,0.3413268286148368,0.5440245451452806,1.7066887553667625e-05,1.5349786097514883e-05,4e-07,1.7032e-06,2.2456e-06,1.3032e-06,5.424000000000001e-07,0.8048958458811287,1.1618121748710644,1.848e-06,0.506407726648224,5.30376,0.8799718409010912,1.5664039257968483,5.826971849707066,0.8355107335064046,0.15976980419857204,0.001839877464078295,0.0005302138139556821,33.0,1.0,5.0,1.0,9.0,9.0,32.0
20260820_161238_35bea994,10.0,kotu_kuplaj,0,0.0,0.0,0.0,0,0,0.0,0.0,3.939698,7.316582,-0.09803841835461266,0.4493169024754317,0.45988825851894793,1.8807169131968635,27.969034601457235,1.0575198911716052e-05,0.00671978496688106,4.404688921658864,0.3428708631880105,0.5439418793188154,1.7144091752781626e-05,1.5459689850042547e-05,4e-07,1.7104e-06,2.248e-06,1.3104e-06,5.375999999999999e-07,0.8061704535927795,1.1516726720017314,1.8456e-06,0.5068939198909145,5.2968720000000005,1.159962881187802,1.5546819382325316,5.7027327800544265,0.8370567822222881,0.15838372479840734,0.0018038337520200174,0.0005175370952305722,33.0,1.0,5.0,1.0,9.0,9.0,32.0
20260820_161238_865407ec,10.0,kotu_kuplaj,0,0.0,0.0,0.0,0,0,0.0,0.0,3.939698,7.23618,-0.09613198713641163,0.44988247194860087,0.46003869132647845,1.8690400186438239,27.910559403407834,1.0582118492824972e-05,0.007199769607372564,4.460421032233052,0.3424423780874578,0.5448049092153843,1.712266681217783e-05,1.539466144211992e-05,4e-07,1.6936e-06,2.2624e-06,1.2936e-06,5.688000000000002e-07,0.7918681919638245,1.1615062159205645,1.8456e-06,0.5079598352766267,5.2968720000000005,0.8799718409010912,1.5598514469758291,5.769231373873968,0.8368740887600743,0.15850241373386548,0.0017672623113929949,0.0005538942082356302,33.0,1.0,5.0,1.0,9.0,9.0,32.0
20260820_161239_ef14ac2a,10.0,kotu_kuplaj,0,0.0,0.0,0.0,0,0,0.0,0.0,3.939698,7.23618,-0.09625548065661899,0.45074977508398884,0.46091265690443267,1.8613780487825122,27.661525797065455,1.0622363769498833e-05,0.006623788038782759,4.443457528647411,0.3434056842757105,0.5456499263896084,1.7170833662880367e-05,1.5362697156344924e-05,3.976e-07,1.6888e-06,2.2432e-06,1.2912e-06,5.543999999999999e-07,0.7980677796897724,1.1528601192483419,1.8456e-06,0.5089363491592357,5.2968720000000005,0.8799718409010912,1.556008786179987,5.7631475360325455,0.8378936270960112,0.15744389759158434,0.0017979279578981293,0.0005711641285511953,33.0,1.0,5.0,1.0,9.0,9.0,32.0
20260820_161240_959039d8,10.0,kotu_kuplaj,0,0.0,0.0,0.0,0,0,0.0,0.0,3.939698,7.316582,-0.09580395747336085,0.45020924214722813,0.46028986517447795,1.8531934691606462,27.876769513955093,1.0593676985932928e-05,0.005375827973504848,4.407619870730017,0.34281686182102983,0.545049674056103,1.7141391598030404e-05,1.5369295983298036e-05,4e-07,1.6768e-06,2.2456e-06,1.2768e-06,5.688000000000002e-07,0.8067605718351112,1.160778575450801,1.8456e-06,0.5091548873631467,5.2968720000000005,1.159962881187802,1.5482720799195788,5.591642381443824,0.8360281425861888,0.15947823912008158,0.0017633347512964917,0.0005090334051084945,33.0,1.0,5.0,1.0,9.0,9.0,32.0
20260820_161244_009b30e0,5.0,kotu_kuplaj,0,0.0,0.0,0.0,0,0,0.0,0.0,3.939698,7.316582,-0.09638669252183929,0.4707733698254642,0.48053923901396733,1.7199043819895814,24.929781056299312,1.1546267480342513e-05,0.010943649803206298,4.401842924495394,0.37519486123118173,0.5584053293060377,1.8760343373337058e-05,1.5355655823424014e-05,4e-07,1.6672e-06,2.2096e-06,1.2672000000000001e-06,5.423999999999999e-07,0.8075054944402879,1.1913819476199379,1.8168e-06,0.5502754611818106,5.2142159999999995,1.159962881187802,1.5556623368525246,5.496759618871141,0.866323270008839,0.1289759773487644,0.0020181759798876616,0.0005177248670909386,33.0,1.0,5.0,1.0,9.0,9.0,32.0
20260820_161247_ea94a560,5.0,kotu_kuplaj,0,0.0,0.0,0.0,0,0,0.0,0.0,3.939698,7.23618,-0.09366211673226456,0.47356650697114866,0.4827399182123054,1.732283831061538,24.231346009643374,1.165226429230698e-05,0.0113276375155995,4.470017549488232,0.3815174308190294,0.5583829945303682,1.9076481968840782e-05,1.5412337958596784e-05,3.976e-07,2.2024e-06,2.7832e-06,1.8047999999999999e-06,5.808e-07,0.9426288253575906,0.534377667461577,1.812e-06,0.5618240525651497,5.2004399999999995,1.159962881187802,1.5459771859964302,5.416331085832979,0.8695941353929424,0.12583410165597014,0.0020201997267706062,0.0004929099956696804,33.0,1.0,5.0,1.0,9.0,9.0,32.0
20260820_161247_849ce096,5.0,kotu_kuplaj,0,0.0,0.0,0.0,0,0,0.0,0.0,3.939698,7.23618,-0.09414451329557454,0.47337023744558326,0.4826412446972891,1.734192476113895,24.17000796685115,1.1647501262261156e-05,0.012095612940385908,4.499449332424373,0.3828793351533735,0.5571969150822123,1.914457936460492e-05,1.5473227512978782e-05,4e-07,1.6768e-06,2.2024e-06,1.2768e-06,5.255999999999999e-07,0.7866073629683646,1.1934924782037148,1.8096e-06,0.5620319444002942,5.1935519999999995,1.159962881187802,1.551488712868652,5.470921328410821,0.8704262055762184,0.12493400319039984,0.0020436663838518066,0.0005075089218719404,33.0,1.0,5.0,1.0,9.0,9.0,32.0
20260820_161248_71a09298,5.0,kotu_kuplaj,0,0.0,0.0,0.0,0,0,0.0,0.0,3.939698,7.316582,-0.09442623288854757,0.4729583472110326,0.48229235081443483,1.738160696755436,24.287991627476018,1.163066775216434e-05,0.009215705097436883,4.475321517826002,0.3819626789497313,0.557173141994024,1.9098745087772885e-05,1.5479944723793375e-05,4e-07,1.696e-06,2.2048e-06,1.296e-06,5.088000000000001e-07,0.7910727697095193,1.1960366836064233,1.8096e-06,0.5624922109362495,5.1935519999999995,1.159962881187802,1.5391233020682558,5.310051277982574,0.8703863278624415,0.1251233449601253,0.00198499281365137,0.0005080779852212057,33.0,1.0,5.0,1.0,9.0,9.0,32.0
20260820_161248_f7cde80d,5.0,kotu_kuplaj,0,0.0,0.0,0.0,0,0,0.0,0.0,3.939698,7.316582,-0.09406732984544494,0.47259115291516546,0.48186207607357634,1.7363031227877312,24.370848032821677,1.1609924523593426e-05,0.010847652875107996,4.4851100207047985,0.38150998568324024,0.5568037566512929,1.9076109700139104e-05,1.544901551458126e-05,4e-07,1.6912e-06,2.2048e-06,1.2912e-06,5.136e-07,0.7871601427850531,1.2015093139275848,1.8072e-06,0.5621616347729654,5.1866639999999995,1.159962881187802,1.5472799863642992,5.3863390977204455,0.8699943001751161,0.12536867336437887,0.0020742388322142636,0.0004964938082491858,33.0,1.0,5.0,1.0,9.0,9.0,32.0
20260820_161318_e90df0d4,25.0,yanlis_hizalama,0,0.0,0.0,0.0,0,0,0.0,0.0,4.0201,7.396984,-0.09283625381587787,0.4231224445041265,0.4331872263418137,2.1440790288871336,39.51706354055967,9.382858895162592e-06,0.0036478832677354326,4.606891410190227,0.2474679165877216,0.5527126244128799,1.237379177805262e-05,1.4161694424510737e-05,4.048e-07,1.7128e-06,2.332e-06,1.308e-06,6.191999999999999e-07,0.7968854123685235,1.3051877533783618,1.2912e-06,0.45778036088696133,3.705744,1.0199673610444466,1.6658279447557967,5.8294415852231944,0.785768185888693,0.20858691148572198,0.002757960356029145,0.0006223399059663781,33.0,1.0,5.0,1.0,9.0,9.0,32.0
20260820_161321_f1e32eab,25.0,yanlis_hizalama,0,0.0,0.0,0.0,0,0,0.0,0.0,3.939698,7.23618,-0.0930021982336565,0.4167292976647875,0.4269809321368806,2.2885449902235475,40.542143230629094,9.115927520770224e-06,0.006047806470192954,4.560965539305885,0.2545972727377168,0.5396333158771515,1.2730270992522222e-05,1.4228332975051975e-05,4.024e-07,1.7224e-06,2.3296e-06,1.32e-06,6.072000000000001e-07,0.7843909226863278,1.300536116893816,1.2864e-06,0.4297738140466012,3.691968,1.0199673610444466,1.6763238868591979,6.022997958469414,0.7867752560100116,0.20734838581830115,0.0027443068584892226,0.0006964827433745374,33.0,1.0,5.0,1.0,9.0,9.0,32.0
20260820_161321_f9c778d8,25.0,yanlis_hizalama,0,0.0,0.0,0.0,0,0,0.0,0.0,3.939698,7.23618,-0.09121540136315635,0.41564596187425346,0.4255370901204911,2.2790365725030806,40.941195556298176,9.05438048431486e-06,0.0047998464049150424,4.5794774144579256,0.2512920084979669,0.5392056741744987,1.2565002492111942e-05,1.4095958224232358e-05,4.024e-07,1.7296e-06,2.3272e-06,1.3272e-06,5.976e-07,0.785904435126509,1.2994271421861492,1.2888e-06,0.4306871268277334,3.698856,0.9999680010239672,1.6409688067287889,5.612463848797174,0.7852403808052221,0.2092399288929002,0.002754270306672952,0.0006502279732264481,33.0,1.0,5.0,1.0,9.0,9.0,32.0
20260820_161322_51fae759,25.0,yanlis_hizalama,0,0.0,0.0,0.0,0,0,0.0,0.0,3.939698,7.316582,-0.09028148161658826,0.4132976217740463,0.423043343035875,2.3250204929833864,41.82415692483958,8.948569849420589e-06,0.002783910914850725,4.614495212283674,0.24762687159620808,0.537128667029353,1.2381739782804958e-05,1.4117085607245858e-05,4.024e-07,1.6912e-06,2.3272e-06,1.2888e-06,6.359999999999999e-07,0.7864514461974467,1.308436327192065,1.2888e-06,0.4283758784377836,3.698856,0.9999680010239672,1.6366187168322046,5.492815132829325,0.7838019152700623,0.2107418981678489,0.002689798164253839,0.0006512615846588554,33.0,1.0,5.0,1.0,9.0,9.0,32.0
20260820_161322_082c0715,25.0,yanlis_hizalama,0,0.0,0.0,0.0,0,0,0.0,0.0,3.939698,7.316582,-0.09204512345204952,0.4133166405250051,0.4234417906704289,2.3440684756301895,41.858774545163364,8.965434389029104e-06,0.00451185562062014,4.577625337154084,0.25008561558777154,0.5363186549635407,1.2504680916373517e-05,1.4159621072308121e-05,4.024e-07,1.6864e-06,2.3272e-06,1.2840000000000001e-06,6.407999999999999e-07,0.7934896579122233,1.2967959850549324,1.2912e-06,0.43129990399726065,3.705744,0.9999680010239672,1.6536873464378667,5.667994030324613,0.784367211429498,0.2099798190715347,0.0027379519121119304,0.000687818198669603,33.0,1.0,5.0,1.0,9.0,9.0,32.0
20260820_161326_edf7171f,20.0,yanlis_hizalama,0,0.0,0.0,0.0,0,0,0.0,0.0,4.0201,7.396984,-0.09642142507439762,0.4219836144987607,0.4328594022529907,2.416285499283714,38.471886330246114,9.36866289356021e-06,0.004703849476816742,4.466765465159224,0.26673371631497506,0.5425268197234127,1.3337112589694857e-05,1.4352764623823491e-05,4e-07,1.7056e-06,2.2912e-06,1.3056e-06,5.856000000000002e-07,0.7914508393208795,1.2565528597245808,1.308e-06,0.5160856652494378,3.75396,0.6799782406962978,1.649449909641235,6.091767830125589,0.8064956675953158,0.18799352986227383,0.0023055154004592523,0.0006454306539303698,33.0,1.0,5.0,1.0,9.0,9.0,32.0
20260820_161329_d1ccaafa,20.0,yanlis_hizalama,0,0.0,0.0,0.0,0,0,0.0,0.0,3.939698,7.316582,-0.09496265786694824,0.4102148917223506,0.42106313514713556,2.549032077331598,42.11196325490261,8.864991859658794e-06,0.008063741960257272,4.428239401507307,0.26250093036276123,0.526033408394459,1.3125466519626643e-05,1.45086225086145e-05,4e-07,1.684e-06,2.2912e-06,1.2840000000000001e-06,6.072000000000001e-07,0.7959627893793645,1.243093993598019,1.872e-06,0.49340101861608765,5.37264,1.0999648011263639,1.6783355775409898,6.188190829916136,0.7978392113140234,0.19648224633799033,0.0024650129696862084,0.0006376013085010803,33.0,1.0,5.0,1.0,9.0,9.0,32.0
20260820_161330_3e837fb7,20.0,yanlis_hizalama,0,0.0,0.0,0.0,0,0,0.0,0.0,3.939698,7.316582,-0.09616671968896995,0.41027854602106123,0.42139829532271833,2.5437122799164977,42.20413662354494,8.879110287481929e-06,0.004415858692521839,4.432692940850809,0.2634518341589497,0.5258730242499499,1.3173013230882138e-05,1.4571038186249335e-05,4e-07,1.7272e-06,2.2912e-06,1.3272e-06,5.640000000000002e-07,0.8016293573812022,1.2339335437559278,1.8696e-06,0.46885769096610935,5.3657520000000005,1.0999648011263639,1.6759258390429044,6.139820828162083,0.7982532157236041,0.1961473524579789,0.002337815425502834,0.0007129800055940144,33.0,1.0,5.0,1.0,9.0,9.0,32.0
20260820_161330_27e9a65f,20.0,yanlis_hizalama,0,0.0,0.0,0.0,0,0,0.0,0.0,3.939698,7.316582,-0.09521736325237591,0.4089580611152783,0.4198964658292597,2.558576370819437,42.52678673137214,8.815934201662359e-06,0.00671978496688106,4.4262302808718355,0.26094284028024384,0.5248968783618068,1.304755952255664e-05,1.46693999995602e-05,4e-07,1.7128e-06,2.2912e-06,1.3128e-06,5.784000000000003e-07,0.7967011113890963,1.2413751538999005,1.3104e-06,0.4387052935765807,3.7608479999999997,1.0999648011263639,1.687529644347541,6.225106499120767,0.7970911705099345,0.19734341767367383,0.0022870340057522145,0.0006334905219020613,33.0,1.0,5.0,1.0,9.0,9.0,32.0
20260820_161331_29835507,20.0,yanlis_hizalama,0,0.0,0.0,0.0,0,0,0.0,0.0,3.939698,7.23618,-0.09642528424690408,0.40923374330024764,0.4204403549822844,2.582151178213436,42.448622194094476,8.83878743702882e-06,0.005375827973504848,4.483041933965919,0.2626636987512269,0.524688840761357,1.3133605199479348e-05,1.4689833839557033e-05,4e-07,1.684e-06,2.2912e-06,1.2840000000000001e-06,6.072000000000001e-07,0.7863058690263277,1.254301423723588,1.3104e-06,0.4356654267942818,3.7608479999999997,1.0999648011263639,1.6911786464549694,6.3058151516123475,0.7988441690631809,0.19546986289964038,0.002348205486766681,0.0006573022201259357,33.0,1.0,5.0,1.0,9.0,9.0,32.0
20260820_161335_a9c89d4d,15.0,yanlis_hizalama,0,0.0,0.0,0.0,0,0,0.0,0.0,3.939698,7.316582,-0.09622074810406067,0.40922009144994587,0.42038020363952333,2.6236875441786847,43.019516176220755,8.836258531825334e-06,0.0025919170586541232,4.444894115103028,0.26017350790895344,0.5258665456263673,1.3009091673060326e-05,1.4973401165560563e-05,4.024e-07,1.7392e-06,2.284e-06,1.3368e-06,5.448000000000001e-07,0.797912330132539,1.2458640020207048,1.3032e-06,0.4256196625087549,3.740184,1.039966721064926,1.6946165739063015,6.319345034640422,0.8006971301979413,0.19347108649882697,0.002442934398998222,0.0006878017220667467,33.0,1.0,5.0,1.0,9.0,9.0,32.0
20260820_161337_00e92521,15.0,yanlis_hizalama,0,0.0,0.0,0.0,0,0,0.0,0.0,3.939698,7.316582,-0.09585412671594509,0.41437619423299277,0.4253182854704174,2.566321703313155,40.811430813562325,9.0450716308051e-06,0.005279831045406547,4.481060765652613,0.2710280410770526,0.5283943685351606,1.3551835698718353e-05,1.478227972873047e-05,4.024e-07,1.7176e-06,2.2864e-06,1.3152000000000001e-06,5.687999999999997e-07,0.7936616380471783,1.2722514308269788,1.8528e-06,0.46072516381407974,5.3175360000000005,0.9999680010239672,1.6800542792569404,6.347796941313677,0.805299686994596,0.18893562861024396,0.0023594814024846204,0.0007174156214652678,33.0,1.0,5.0,1.0,9.0,9.0,32.0
20260820_161338_bfb536f4,15.0,yanlis_hizalama,0,0.0,0.0,0.0,0,0,0.0,0.0,3.939698,7.23618,-0.09505141883459728,0.4146748104601203,0.4254291605574384,2.5965904655608676,40.82141990166005,9.049788116583379e-06,0.004703849476816742,4.457479461539913,0.2722660082833617,0.528073190622695,1.3613736039781341e-05,1.4850835587673777e-05,4.024e-07,1.6912e-06,2.284e-06,1.2888e-06,5.928000000000001e-07,0.7989734708151777,1.2579630978168321,1.848e-06,0.461664658260804,5.30376,0.9999680010239672,1.6735528076824342,6.269062132259622,0.8046382969924972,0.18966707208742914,0.002357957944087228,0.0006765277389927545,33.0,1.0,5.0,1.0,9.0,9.0,32.0
20260820_161339_13944818,15.0,yanlis_hizalama,0,0.0,0.0,0.0,0,0,0.0,0.0,3.939698,7.23618,-0.09472724834405298,0.414841740667886,0.4255195898888763,2.5672134435998593,40.45157868555071,9.05363577603408e-06,0.004607852548718441,4.4439128744514225,0.27238266991927246,0.528215299102397,1.3619569308235494e-05,1.4781113210185734e-05,3.976e-07,1.7272e-06,2.2864e-06,1.3296e-06,5.591999999999999e-07,0.799287963559984,1.2597155160943954,1.848e-06,0.4642744933272692,5.30376,0.9999680010239672,1.663771452860879,6.189569987626053,0.8054418803159494,0.18879406995792816,0.002445994216558747,0.00068959383185381,33.0,1.0,5.0,1.0,9.0,9.0,32.0
20260820_161339_16544b9e,15.0,yanlis_hizalama,0,0.0,0.0,0.0,0,0,0.0,0.0,3.939698,7.316582,-0.09625548065661899,0.4146140597050855,0.4256406184348117,2.5753240227220586,40.73942453241275,9.058786674976148e-06,0.0049918402611116445,4.494602611900809,0.27248526905394255,0.5280874147994497,1.3624699429127615e-05,1.4811114540400964e-05,4.024e-07,1.6792e-06,2.2864e-06,1.2768e-06,6.071999999999999e-07,0.7934659805917227,1.279195722833266,1.8503999999999999e-06,0.46293499889370493,5.310648,0.9999680010239672,1.6735294927731619,6.261510148628424,0.8052912478973575,0.18903993890203183,0.0023081018967273377,0.0006999699288125235,33.0,1.0,5.0,1.0,9.0,9.0,32.0
20260820_161343_834e5c8b,10.0,yanlis_hizalama,0,0.0,0.0,0.0,0,0,0.0,0.0,3.939698,7.23618,-0.09755602179130267,0.4068803522226343,0.41841223501776337,2.7109821283766813,44.26257872140738,8.753720030705461e-06,0.004895843333013344,4.499954474025112,0.25817838319325737,0.5234570948180222,1.2909332245075979e-05,1.5129291142065707e-05,4.024e-07,1.7056e-06,2.2816e-06,1.3032e-06,5.759999999999999e-07,0.7927812578030259,1.279301259236265,1.2936e-06,0.4010162596782999,3.712632,1.0999648011263639,1.6990806001647976,6.266116515550526,0.8006043724835279,0.19358762443067742,0.0024799771136062693,0.0007064733354700678,33.0,1.0,5.0,1.0,9.0,9.0,32.0
20260820_161345_20bafdaa,10.0,yanlis_hizalama,0,0.0,0.0,0.0,0,0,0.0,0.0,3.939698,7.316582,-0.09470795248152059,0.41059355667816755,0.42137473233319245,2.59956964950177,42.7916940754615,8.878117343107557e-06,0.005375827973504848,4.488723912487154,0.2573123910650428,0.5291283361464209,1.2866031253077842e-05,1.4717458346418187e-05,4e-07,1.7152e-06,2.2816e-06,1.3152e-06,5.664e-07,0.7889381306211374,1.2579483042769755,1.3032e-06,0.42955925080235796,3.740184,1.0199673610444466,1.698065932206524,6.310215706438331,0.8018485134763289,0.19219946526550497,0.002490086889505602,0.0007193446919410972,33.0,1.0,5.0,1.0,9.0,9.0,32.0
20260820_161346_134e0c18,10.0,yanlis_hizalama,0,0.0,0.0,0.0,0,0,0.0,0.0,3.939698,7.23618,-0.09641756590189113,0.4101020331490946,0.4212837815623415,2.6645811247935813,43.17202105620198,8.874285198412704e-06,0.004895843333013344,4.528701232401103,0.2585770171866134,0.528053447565797,1.292926458255817e-05,1.4829201599450214e-05,4.024e-07,1.7152e-06,2.2816e-06,1.3128e-06,5.664e-07,0.7988259852950097,1.2734279035622245,1.3032e-06,0.42537719585643735,3.740184,1.0199673610444466,1.7126971086934417,6.477885012027476,0.8016985585030632,0.19226776165443768,0.0025024202708781207,0.000697144855455387,33.0,1.0,5.0,1.0,9.0,9.0,32.0
20260820_161347_f78fb0bd,10.0,yanlis_hizalama,0,0.0,0.0,0.0,0,0,0.0,0.0,3.939698,7.23618,-0.09546435029279061,0.40980551590687747,0.42077785474585827,2.654011811538919,43.12616081434139,8.8529834386312e-06,0.00556782182970145,4.47338186802363,0.25892588788130166,0.5272492231414826,1.2946708675485695e-05,1.4905411343189911e-05,4.024e-07,1.7344e-06,2.2816e-06,1.3320000000000001e-06,5.471999999999998e-07,0.7976007587654298,1.26449409157732,1.3032e-06,0.430947415383595,3.740184,0.9999680010239672,1.6957194998423362,6.306056941948768,0.80178285055068,0.19235597367841856,0.002467149368675746,0.000692806307752743,33.0,1.0,5.0,1.0,9.0,9.0,32.0
20260820_161347_6433c419,10.0,yanlis_hizalama,0,0.0,0.0,0.0,0,0,0.0,0.0,3.939698,7.316582,-0.09725114716329077,0.4106040014540372,0.42196378000326396,2.6362346695877292,42.94601188671947,8.902956467222763e-06,0.005279831045406547,4.451831421422565,0.2621922534767124,0.5272039942768207,1.311003218144118e-05,1.5027939058337647e-05,4e-07,1.6888e-06,2.2816e-06,1.2888e-06,5.927999999999999e-07,0.801618038451912,1.2506792889234541,1.3056e-06,0.4328553073080407,3.747072,0.9999680010239672,1.6976875951946193,6.363099121401217,0.8034998524421143,0.19052877855926412,0.00250607063074155,0.0006870837746715645,33.0,1.0,5.0,1.0,9.0,9.0,32.0
20260820_161351_70d29a21,5.0,yanlis_hizalama,0,0.0,0.0,0.0,0,0,0.0,0.0,3.939698,7.316582,-0.09750199337621196,0.41079044363228423,0.42220306404850233,2.609370840413295,42.32767094324579,8.913056573280854e-06,0.004127867908226937,4.411931137528319,0.2680485807841972,0.524599018439623,1.3402857916939114e-05,1.4865460748712445e-05,4e-07,1.7272e-06,2.284e-06,1.3272e-06,5.568000000000001e-07,0.8062791862775773,1.2437928486175758,1.8671999999999999e-06,0.49094458969127464,5.358864,0.8999712009215705,1.691642983602595,6.313983858917638,0.8019436265051425,0.19225868745177513,0.0024563814581671844,0.0006669550727511482,33.0,1.0,5.0,1.0,9.0,9.0,32.0
20260820_161353_d91aac15,5.0,yanlis_hizalama,0,0.0,0.0,0.0,0,0,0.0,0.0,3.939698,7.23618,-0.0963326641067486,0.4149342739488944,0.4259699917498882,2.5370609134045927,40.72439154123492,9.072812014264186e-06,0.002879907842949026,4.492289303389925,0.2696970777224427,0.5300318291655233,1.3485285401446492e-05,1.4651342653571572e-05,4e-07,1.7272e-06,2.284e-06,1.3272e-06,5.568000000000001e-07,0.7839290579922529,1.2642886371030932,1.8696e-06,0.4852271931395692,5.3657520000000005,1.0799654411058845,1.6633904318676829,6.053513318908178,0.8051454853181799,0.18925628270259479,0.0024501811606146644,0.0006659152474295118,33.0,1.0,5.0,1.0,9.0,9.0,32.0
20260820_161354_9053b035,5.0,yanlis_hizalama,0,0.0,0.0,0.0,0,0,0.0,0.0,3.939698,7.316582,-0.09488161524431217,0.41334223828886335,0.42409235652746347,2.5544145142188044,41.40279699784555,8.993004110173844e-06,0.0035518863396371315,4.49071723946241,0.2634444364253371,0.5304265287623678,1.3172643332365136e-05,1.4402381335116128e-05,4e-07,1.72e-06,2.284e-06,1.32e-06,5.64e-07,0.7864574953044758,1.2510802035337405,1.8671999999999999e-06,0.4735405052391451,5.358864,1.039966721064926,1.6712262884019427,6.1137152889640625,0.803040818328146,0.1913599059158505,0.0023651837546008036,0.000663846203055457,33.0,1.0,5.0,1.0,9.0,9.0,32.0
20260820_161355_adec5acc,5.0,yanlis_hizalama,0,0.0,0.0,0.0,0,0,0.0,0.0,3.939698,7.316582,-0.09610111375635978,0.4123980847418966,0.4234472864052825,2.550143986070107,41.618009598419306,8.965667110366849e-06,0.004223864836325237,4.480677839225796,0.2633147057234581,0.529242717292606,1.3166156589702063e-05,1.4452868360907414e-05,4e-07,1.7248e-06,2.284e-06,1.3248e-06,5.592000000000001e-07,0.7934098908773691,1.251290910451487,1.308e-06,0.4517707198525889,3.75396,1.039966721064926,1.6672033385492557,6.080145922283812,0.8021477084719755,0.19245845505339243,0.002328598476988333,0.0006175060137421684,33.0,1.0,5.0,1.0,9.0,9.0,32.0
20260820_161355_cd3243c1,5.0,yanlis_hizalama,0,0.0,0.0,0.0,0,0,0.0,0.0,3.939698,7.316582,-0.0964986085245272,0.4111820311878899,0.4223536956378727,2.607383526302678,42.34123028108228,8.919417623179191e-06,0.0031678986272439284,4.476330796587756,0.2607418478114306,0.5286932377933127,1.3037509577528029e-05,1.4469929940787344e-05,4e-07,1.7224e-06,2.2864e-06,1.3224e-06,5.639999999999998e-07,0.7929459364727103,1.2480419934081652,1.308e-06,0.4514054582199469,3.75396,1.039966721064926,1.6870160355520576,6.2472714777201475,0.8012895793242258,0.1931087344720837,0.002290472387260133,0.0006584860193834698,33.0,1.0,5.0,1.0,9.0,9.0,32.0
20260820_161518_b7f23e1a,25.0,hp_sweep_OUT,0,0.0,0.0,0.0,0,0,0.0,0.0,4.42211,8.201004000000001,-0.057517107036574845,1.0381704983562223,1.0397625696566806,1.8570714706421731,10.911849010056114,5.40570398328752e-05,0.006479792646635308,12.54200781613569,0.6995076674714039,1.2920136735990222,3.497650258583815e-05,1.3992646734334043e-05,2.776e-07,1.5568e-06,2.776e-06,1.2792e-06,1.2192000000000001e-06,0.7245723343041105,0.7280228865158368,9.4608e-06,0.08812864242147365,27.152496,0.5999808006143803,1.016358963786894,2.9069836217799225,0.950133161601987,0.04386350348404258,0.00469417608598884,0.0007632473255831085,33.0,0.0,5.0,1.0,9.0,9.0,32.0
20260820_161521_afe0be05,25.0,hp_sweep_OUT,0,0.0,0.0,0.0,0,0,0.0,0.0,4.42211,8.201004000000001,-0.058346829125468014,1.038155131868044,1.0397934555924808,1.8673062232251867,10.947093786759412,5.4060251387336085e-05,0.007535758855716617,12.536171536982579,0.6995665997469859,1.2919918694444603,3.4979449293908886e-05,1.3988860202629835e-05,2.776e-07,1.552e-06,2.776e-06,1.2744e-06,1.2240000000000003e-06,0.7251507296323633,0.7260851323109184,9.4728e-06,0.0865229045478151,27.186936000000003,0.6199801606348597,1.015213833980879,2.9099564990703475,0.950129340528215,0.04393166515292245,0.00459571977478812,0.0007957980612077599,33.0,0.0,5.0,1.0,9.0,9.0,32.0
20260820_161521_e6f1f9f2,25.0,hp_sweep_OUT,0,0.0,0.0,0.0,0,0,0.0,0.0,4.42211,8.201004000000001,-0.0581191379475857,1.038364397078032,1.0399896419267818,1.8646657697744324,10.924484896774564,5.40806532912783e-05,0.006959777287126812,12.42978480508905,0.7001216104048986,1.2920282944792638,3.500720071482158e-05,1.3999342636910887e-05,2.776e-07,1.5544e-06,2.776e-06,1.2768000000000002e-06,1.2216e-06,0.7310273553678517,0.7277526942000462,9.4632e-06,0.0883566596385607,27.159384,0.6199801606348597,1.0139135682186764,2.8969421862791678,0.950305326512141,0.04384500766189842,0.004545267406026507,0.0007533131419547584,33.0,0.0,5.0,1.0,9.0,9.0,32.0
20260820_161524_8202e223,20.0,hp_sweep_OUT,0,0.0,0.0,0.0,0,0,0.0,0.0,4.42211,8.201004000000001,-0.06147275885571664,1.0174451367877146,1.0193004986039715,1.6826994421213948,10.995680241672385,5.195033768032558e-05,0.008255735816453873,12.487804562668252,0.696268701669789,1.260560920198105,3.4814549113412125e-05,1.4053941351166648e-05,2.776e-07,1.564e-06,6.5512e-06,1.2864e-06,4.9872e-06,0.7351167330755918,0.1379412270863277,6.5952e-06,0.07039828131705216,18.928224,0.5999808006143803,1.0509331826397226,2.956886236883752,0.9400414751174775,0.05206133966343977,0.006499713287717275,0.0008268331947619294,33.0,0.0,5.0,1.0,9.0,9.0,32.0
20260820_161527_2a7b963c,20.0,hp_sweep_OUT,0,0.0,0.0,0.0,0,0,0.0,0.0,4.42211,8.201004000000001,-0.060438500623980054,1.0348396151937451,1.0366030298682392,1.7112482912627116,10.554037883801804,5.372901134994712e-05,0.008255735816453873,12.46689473779705,0.7133289488574729,1.2791366222086449,3.5667588769191816e-05,1.4235803056253372e-05,2.776e-07,1.5616e-06,2.992e-06,1.284e-06,1.4303999999999999e-06,0.7288421006916047,0.5418459244101145,6.576e-06,0.072808327866604,18.87312,0.5999808006143803,1.0343545872167408,2.903576081343912,0.9443589200492707,0.04863976979574187,0.005651557280026715,0.0008003287074626411,33.0,0.0,5.0,1.0,9.0,9.0,32.0
20260820_161527_c1019f37,20.0,hp_sweep_OUT,0,0.0,0.0,0.0,0,0,0.0,0.0,4.42211,8.201004000000001,-0.06189726783142941,1.0377058319541885,1.0395502226620563,1.720684006487196,10.509995243574286,5.4034962335301234e-05,0.01017567437841989,12.50183096600642,0.716979444045673,1.2818052643631024,3.585011936939412e-05,1.4294387254945717e-05,2.776e-07,1.564e-06,2.92e-06,1.2864e-06,1.356e-06,0.7243196576892255,0.5560128150670072,6.5904e-06,0.07072009134492069,18.914448,0.5999808006143803,1.0371553476808495,3.001897460069366,0.9449059019045473,0.048158858841554235,0.0055646489051046424,0.0007958497767564541,33.0,0.0,5.0,1.0,9.0,9.0,32.0
20260820_161531_5c1a8105,15.0,hp_sweep_OUT,0,0.0,0.0,0.0,0,0,0.0,0.0,4.42211,8.201004000000001,-0.06246842536238842,1.0104207655166573,1.0123499531063969,1.695311750782629,11.387397196683379,5.124426114161028e-05,0.008351732744552174,12.416390833376887,0.6773810685247075,1.2594847650185395,3.387013723594501e-05,1.3648958090943045e-05,2.776e-07,1.5688e-06,2.5624e-06,1.2912e-06,9.936e-07,0.7420516814016271,0.5383141131352132,1.128e-05,0.04889515433035779,32.3736,0.5999808006143803,1.0581958526157056,2.96421816791088,0.9389251279942591,0.05296630969504562,0.006698218083804709,0.0008306275561977173,33.0,0.0,5.0,1.0,9.0,9.0,32.0
20260820_161533_1d6ad998,15.0,hp_sweep_OUT,0,0.0,0.0,0.0,0,0,0.0,0.0,4.42211,8.201004000000001,-0.06309747048094462,1.0172494412481472,1.019204452747711,1.6937114726673865,11.138341794912575,5.194054786938447e-05,0.008255735816453873,12.485954535385282,0.6869147352417315,1.2653346311559537,3.434683582566297e-05,1.3709287148843566e-05,2.776e-07,1.5712e-06,3.076e-06,1.2936000000000002e-06,1.5047999999999998e-06,0.7335726723292415,0.49823688916923364,1.1292e-05,0.04975801173593585,32.40804,0.5999808006143803,1.0605498353428535,3.0543876590280723,0.940556163004349,0.051533423962200384,0.006513084116625112,0.0007929277209467115,33.0,0.0,5.0,1.0,9.0,9.0,32.0
20260820_161534_bbf2e7b4,15.0,hp_sweep_OUT,0,0.0,0.0,0.0,0,0,0.0,0.0,4.42211,8.201004000000001,-0.06140329375059999,1.017813697869056,1.0196642035755226,1.6944083711411277,11.090485037222562,5.198741794680612e-05,0.007391763463569166,12.46493476102113,0.687594357057387,1.2657740195723257,3.438081800384064e-05,1.370054926740764e-05,2.776e-07,1.576e-06,3.0784e-06,1.2984000000000001e-06,1.5024e-06,0.7318451270742318,0.5073419116647899,1.1292e-05,0.051070663702698554,32.40804,0.5999808006143803,1.0587089038284991,3.0080489487233755,0.9405677790286558,0.051630909950368405,0.006409508842888609,0.0008108360553301689,33.0,0.0,5.0,1.0,9.0,9.0,32.0
20260820_161538_7734e90e,10.0,hp_sweep_OUT,0,0.0,0.0,0.0,0,0,0.0,0.0,4.42211,8.201004000000001,-0.061611689065949916,1.0564929978552446,1.0582879828981908,1.5965800198775006,9.538800677812123,5.6000464694863656e-05,0.008639723528847077,12.487716953699742,0.7573201660718442,1.289199744201062,3.7867220015857924e-05,1.3865008636271111e-05,2.776e-07,1.5616e-06,2.6008e-06,1.284e-06,1.0392000000000001e-06,0.7296718442866846,0.521631712531865,0.0,0.0,0.0,0.6199801606348597,1.0283772483028348,2.8240890441115125,0.946087012980564,0.04722737727594664,0.005421707033244371,0.0007473929254330278,33.0,0.0,5.0,1.0,9.0,9.0,32.0
20260820_161541_236550af,10.0,hp_sweep_OUT,0,0.0,0.0,0.0,0,0,0.0,0.0,4.42211,8.201004000000001,-0.06273084909282904,1.0613257606832716,1.06317803293608,1.5985607396076373,9.418967361536286,5.651918504193918e-05,0.009215705097436883,12.535254885019327,0.7632860836580562,1.2936528307892754,3.816552544063666e-05,1.3935713438788915e-05,2.776e-07,1.5616e-06,2.896e-06,1.284e-06,1.3343999999999999e-06,0.7252260316718435,0.5425353172518992,0.0,0.0,0.0,0.6199801606348597,1.0271216547758442,2.7903517853104547,0.9472267573163105,0.04624338119019312,0.005241633644882281,0.0007806363322081442,33.0,0.0,5.0,1.0,9.0,9.0,32.0
20260820_161541_f5cb773c,10.0,hp_sweep_OUT,0,0.0,0.0,0.0,0,0,0.0,0.0,4.42211,8.201004000000001,-0.061901127003935894,1.0632781139557554,1.0650784464731533,1.5996874817030087,9.382064298249423,5.6721419884438716e-05,0.008831717385043679,12.48638619611575,0.766203366936126,1.29509547154283,3.83113942721934e-05,1.3933434337734993e-05,2.776e-07,1.5616e-06,2.8912e-06,1.284e-06,1.3296e-06,0.727726690434376,0.5467063236587067,0.0,0.0,0.0,0.6199801606348597,1.0271446151091637,2.8332532552154293,0.9476921999751028,0.04584925024226583,0.005181557341746998,0.0007418336179925595,33.0,0.0,5.0,1.0,9.0,9.0,32.0
20260820_161545_2d35c9a7,5.0,hp_sweep_OUT,0,0.0,0.0,0.0,0,0,0.0,0.0,4.42211,8.201004000000001,-0.06408927781510994,1.073849612488506,1.0757603942200962,1.4896983465916422,8.543505721872108,5.786487290531009e-05,0.006911778823077662,12.403574692260754,0.8330378451375392,1.2712339517164464,4.165322511742918e-05,1.4334700574125173e-05,2.776e-07,1.5496e-06,2.7088e-06,1.2719999999999998e-06,1.1591999999999998e-06,0.745809689841628,0.7053201179658657,7.0464e-06,0.11494399006967608,20.223168,1.159962881187802,1.030928473691522,2.711617670770617,0.9492897813884379,0.044783717228373356,0.004724036605130027,0.0007053137264693925,33.0,0.0,5.0,1.0,9.0,9.0,32.0
20260820_161548_4e0c4866,5.0,hp_sweep_OUT,0,0.0,0.0,0.0,0,0,0.0,0.0,4.42211,8.201004000000001,-0.06503863425170396,1.0752559939342166,1.0772211826903455,1.4829862810574674,8.512687027842949,5.802213047060163e-05,0.006527791110684458,12.461343116448429,0.8371856477681383,1.2709325569250762,4.1860621885443345e-05,1.4397135932842412e-05,2.776e-07,1.5448e-06,2.7088e-06,1.2672e-06,1.1639999999999998e-06,0.7437391596570986,0.7164408186452226,7.044e-06,0.11615705614048023,20.21628,1.159962881187802,1.0279135084768083,2.66719727047599,0.9494831235694389,0.04464746601501529,0.004646345786122074,0.0007291880870964213,33.0,0.0,5.0,1.0,9.0,9.0,32.0
20260820_161548_aee6d006,5.0,hp_sweep_OUT,0,0.0,0.0,0.0,0,0,0.0,0.0,4.42211,8.201004000000001,-0.06521229701449555,1.075867600018769,1.077842166762858,1.4831493641481097,8.5128782306982,5.808904561258096e-05,0.006239800326389555,12.39476615681769,0.8379704899817212,1.2714507815626976,4.189986525187003e-05,1.4406529294311822e-05,2.776e-07,1.5496e-06,2.7064e-06,1.2719999999999998e-06,1.1568e-06,0.7470012311329377,0.7156144284638734,7.0464e-06,0.11543160240726805,20.223168,1.159962881187802,1.0288484939999563,2.705061176221822,0.9494268165219887,0.04466479833503983,0.004708499108207501,0.000700387764753698,33.0,0.0,5.0,1.0,9.0,9.0,32.0
20260820_161555_4e8bd57f,25.0,hp_sweep_2_5,0,0.0,0.0,0.0,0,0,0.0,0.0,2.090452,3.778894,-0.10451410982048573,0.19089907109923374,0.21763651921981944,2.4869483647293507,50.96444573525564,2.368358509953139e-06,0.0036478832677354326,2.5586112934798404,0.1683031444278632,0.23567752778886888,8.415426506424245e-06,1.9639721037515853e-05,-1.376e-07,3.664e-07,2.1256e-06,5.04e-07,1.7592e-06,2.158579653430309,1.0138896435510025,1.3416e-06,0.3349817645617592,3.850392,1.1399635211673225,4.238883432787134,15.127567745555401,0.7071510477249189,0.26491070506430753,0.012479093126198645,0.004217884840287262,33.0,2.5,5.0,1.0,9.0,9.0,32.0
20260820_161557_5430952c,25.0,hp_sweep_2_5,0,0.0,0.0,0.0,0,0,0.0,0.0,2.090452,3.778894,-0.10087105097436881,0.1912607249126192,0.21623051084149597,2.5220072815986967,51.33630515996618,2.3378564999528256e-06,0.003743880195833733,2.5695297099293213,0.16518221834972346,0.2368641939885232,8.259375209035532e-06,1.9403580892005996e-05,3.688e-07,2.128e-06,2.6392e-06,1.7592000000000002e-06,5.111999999999999e-07,1.0165349822942256,0.14535073497485426,1.3344e-06,0.3448136446625131,3.8297280000000002,1.1399635211673225,4.07392757728934,14.522482681984147,0.702824430391739,0.26979865131860886,0.012922590703720363,0.003918750964792041,33.0,2.5,5.0,1.0,9.0,9.0,32.0
20260820_161558_1daa7a79,25.0,hp_sweep_2_5,0,0.0,0.0,0.0,0,0,0.0,0.0,2.090452,3.778894,-0.09903408486128444,0.19137221728337264,0.2154787124341207,2.53565737677216,51.51214123595128,2.321628065334144e-06,0.003935874052030335,2.5845119613226126,0.16383829842800218,0.23720029469843049,8.192177062677595e-06,1.9433734609743907e-05,3.592e-07,2.128e-06,3.16e-06,1.7688000000000003e-06,1.0319999999999996e-06,1.0315815539904551,0.22649579182683127,1.332e-06,0.35182135731461467,3.82284,1.1399635211673225,3.986541536383932,14.110337490989043,0.6995098953058992,0.2734992710106376,0.012740198679727515,0.004057654527539103,33.0,2.5,5.0,1.0,9.0,9.0,32.0
20260820_161606_002d54c7,20.0,hp_sweep_2_5,0,0.0,0.0,0.0,0,0,0.0,0.0,2.090452,3.778894,-0.09634424162426801,0.18950724713013198,0.21259164990421486,2.482521184492985,52.6086641015353,2.259832792785187e-06,0.004415858692521839,2.5665519427663206,0.15910956107338434,0.23631658822498328,7.955732628966934e-06,1.944334782556823e-05,-1.352e-07,3.664e-07,2.1784e-06,5.016e-07,1.8120000000000002e-06,2.1870963548614193,1.009885794426204,1.3175999999999999e-06,0.2767246835245027,3.7815119999999993,1.1399635211673225,3.8599747445552306,13.35278400397394,0.6572625589627883,0.31533691039947137,0.014014922567352393,0.004449873466518721,33.0,2.5,5.0,1.0,9.0,9.0,32.0
20260820_161609_f5e0e9ec,20.0,hp_sweep_2_5,1,0.9959540798093964,6.696e-06,5819.363124292242,2,1,0.10064839402964586,19.217519999999997,2.01005,3.698492,-0.0971855412306806,0.1894378675644259,0.2129125057192679,2.5104357907049257,52.150701696289524,2.2666592853590114e-06,0.004415858692521839,2.581501138841319,0.16097778061678353,0.2352718356466874,8.049146595288163e-06,1.9470584372472824e-05,-1.352e-07,3.664e-07,2.164e-06,5.016e-07,1.7976e-06,2.1848240868991597,1.0153540237176726,1.3248e-06,0.2857528285728228,3.802176,1.1399635211673225,3.861674487704166,13.327245308935959,0.6709931210739407,0.30120956837645885,0.014173133210736736,0.004316910374016025,33.0,2.5,5.0,1.0,9.0,9.0,32.0
20260820_161609_ced76b67,20.0,hp_sweep_2_5,1,0.9956112113611897,6.9192e-06,5808.43008324357,2,1,0.10019292746833795,19.858103999999997,2.01005,3.698492,-0.09627863569165786,0.18927765946630973,0.2123572651540118,2.4997465849352793,52.03077498493319,2.254852556157465e-06,0.005375827973504848,2.55517428568631,0.1601492187815215,0.23520769486487486,8.007717177826125e-06,1.938116047034534e-05,-1.4e-07,3.64e-07,2.1592e-06,5.04e-07,1.7952e-06,2.1584921380887985,1.025452075423243,1.332e-06,0.29262502054504,3.82284,1.1399635211673225,3.832642018150237,13.20455706541438,0.671290917838487,0.30133132498024634,0.014081806173560743,0.00417250506739546,33.0,2.5,5.0,1.0,9.0,9.0,32.0
20260820_161616_efe6e4dd,15.0,hp_sweep_2_5,0,0.0,0.0,0.0,0,0,0.0,0.0,2.090452,3.778894,-0.09432975357588555,0.19061080690959178,0.21267482719027417,2.389358323430989,50.79780463883639,2.261601474952042e-06,0.0049918402611116445,2.574772905399445,0.15778240253880768,0.23815074905788214,7.889372578784446e-06,1.8842624308962556e-05,3.616e-07,2.188e-06,2.7328e-06,1.8264e-06,5.447999999999998e-07,1.0331093341232898,0.3498825345060682,1.3104e-06,0.3096567427770453,3.7608479999999997,1.1399635211673225,3.748901529995672,12.81581448916304,0.6470744500576965,0.3256370104353953,0.014542877466337246,0.004130253581669139,33.0,2.5,5.0,1.0,9.0,9.0,32.0
20260820_161618_074d7d70,15.0,hp_sweep_2_5,0,0.0,0.0,0.0,0,0,0.0,0.0,2.090452,3.778894,-0.09601621196121723,0.1921643066503874,0.21481674448190838,2.4224273503617266,49.985290065434334,2.307385519464211e-06,0.005951809542094653,2.620917728868878,0.16273464287461142,0.2379866359164958,8.13699251915917e-06,1.9017429669019837e-05,-1.424e-07,3.736e-07,2.1592e-06,5.16e-07,1.7856e-06,2.1755763431588115,1.050522209529509,1.3368e-06,0.3291562833853279,3.8366160000000002,1.1399635211673225,3.782985342319155,13.088900827475594,0.6753207822345161,0.2977704328987714,0.013708348450015359,0.004304615579858122,33.0,2.5,5.0,1.0,9.0,9.0,32.0
20260820_161619_c4faa4b0,15.0,hp_sweep_2_5,0,0.0,0.0,0.0,0,0,0.0,0.0,2.090452,3.778894,-0.09580781664586732,0.19272445977532152,0.21522512661429116,2.3696517401679187,48.98553255701078,2.3161668712750847e-06,0.00566381875779975,2.5544889170897616,0.16321223344033853,0.23849382468487137,8.160872811590431e-06,1.892880026467349e-05,-1.376e-07,3.664e-07,2.152e-06,5.04e-07,1.7856e-06,2.1578109108536947,1.0101975934603,1.344e-06,0.332914753776832,3.85728,1.1399635211673225,3.7775739460163433,13.126438487248835,0.6780398919218913,0.2948747135957803,0.01401362681000246,0.004104150782606665,33.0,2.5,5.0,1.0,9.0,9.0,32.0
20260820_161623_2c02c305,10.0,hp_sweep_2_5,1,0.9992844901613457,3.24e-06,5716.750829674593,2,3,0.13962547311810664,9.2988,2.170854,3.8592959999999996,-0.09645615762695593,0.22089787220115695,0.24103871117966683,1.608694304084681,29.325431760135338,2.9050759738142014e-06,0.007679754247864068,2.5355248415078315,0.20206489012918266,0.25713454804107716,1.010356781028334e-05,1.8410507603950743e-05,-1.4e-07,3.688e-07,2.0752e-06,5.088e-07,1.7064e-06,2.1982797285874023,0.9680296545610191,1.3224e-06,0.46327729045960075,3.7952879999999998,1.4199545614540334,3.1495432832685166,11.408266085539545,0.7554302475239264,0.22364344058572558,0.010837519172351031,0.0028374880061713616,33.0,2.5,5.0,1.0,9.0,9.0,32.0
20260820_161626_2b7ba8b5,10.0,hp_sweep_2_5,1,0.9991598720394771,3.24e-06,5737.798208741973,2,2,0.14284747954801622,9.2988,2.170854,3.8592959999999996,-0.09394383632523758,0.22310662837039794,0.24207852446326147,1.587571424186267,28.69670185215297,2.930194363534704e-06,0.00902371124124028,2.54017614507522,0.2019780924146234,0.26006086025753794,1.0099227785679033e-05,1.8211557308771955e-05,3.664e-07,2.08e-06,3.0064e-06,1.7136e-06,9.264000000000001e-07,0.983830786071596,0.50839727859599,1.3296e-06,0.4739697633874258,3.815952,1.4199545614540334,3.127359281283713,11.301082385987902,0.7505355688469532,0.22881893104820678,0.010329680954098442,0.0030306861061280225,33.0,2.5,5.0,1.0,9.0,9.0,32.0
20260820_161626_e4d4d046,10.0,hp_sweep_2_5,1,0.9992542681232067,3.24e-06,5735.208704135102,2,2,0.14248854468164035,9.2988,2.170854,3.8592959999999996,-0.09419854171066525,0.22216418498675813,0.2413095322428155,1.6048992125652102,28.989653165893614,2.911607686026883e-06,0.00787174810406067,2.493220022826959,0.20107291757774404,0.25924100841072467,1.0053967595555327e-05,1.826869098104806e-05,3.616e-07,2.0824e-06,3.016e-06,1.7208000000000001e-06,9.335999999999998e-07,1.0000910781749701,0.49982258748568625,1.332e-06,0.47680529620418055,3.82284,1.4199545614540334,3.1123489755198936,11.210328087111355,0.7511922422174253,0.22814996963505688,0.010610892175977974,0.00294176778292974,33.0,2.5,5.0,1.0,9.0,9.0,32.0
20260820_161632_71fbe9e0,5.0,hp_sweep_2_5,0,0.0,0.0,0.0,0,0,0.0,0.0,2.170854,3.8592959999999996,-0.09794579821445712,0.23357406119403426,0.25327894000595785,1.5308671432463556,24.94716987916183,3.2076137128814015e-06,0.00902371124124028,2.6175277801976384,0.2171780292913994,0.26756709369202897,1.0859248949416836e-05,1.8071643260342806e-05,3.664e-07,2.092e-06,2.9872e-06,1.7256e-06,8.951999999999999e-07,1.0338958920336028,0.4361455272281851,1.3368e-06,0.48928928222658585,3.8366160000000002,1.159962881187802,3.0401465591119137,11.175417413580046,0.7720391837664377,0.20760650054951754,0.009750107470175101,0.003296941154094491,33.0,2.5,5.0,1.0,9.0,9.0,32.0
20260820_161635_604334af,5.0,hp_sweep_2_5,0,0.0,0.0,0.0,0,0,0.0,0.0,2.090452,3.778894,-0.09721641461073245,0.23954069365924038,0.2585164892004297,1.371357774581546,22.508645772462046,3.3416456886660957e-06,0.010367668234616493,2.5780451412671708,0.22115026135554366,0.27449375906188483,1.1057866908195351e-05,1.7955618810342347e-05,3.64e-07,2.0872e-06,2.9992e-06,1.7232e-06,9.119999999999999e-07,1.0168952091647727,0.4862017066489508,1.3344e-06,0.5112383938093793,3.8297280000000002,1.159962881187802,2.9350650833613874,10.861309373665783,0.778733116844618,0.20181582323217173,0.009828540068224763,0.0028735961354369958,33.0,2.5,5.0,1.0,9.0,9.0,32.0
20260820_161635_47bcdf6b,5.0,hp_sweep_2_5,0,0.0,0.0,0.0,0,0,0.0,0.0,2.170854,3.8592959999999996,-0.0971276536430834,0.24002504394645205,0.25893204286782856,1.3973552879359985,22.5198224054003,3.352397414469869e-06,0.010847652875107996,2.586570285448774,0.22186358433212594,0.2747382447096391,1.109353419834123e-05,1.8071157547197104e-05,-1.4e-07,3.664e-07,2.0872e-06,5.064e-07,1.7208000000000001e-06,2.192035675563249,1.0227469427008986,1.332e-06,0.5086703102145945,3.82284,1.159962881187802,2.878500291297794,10.503767902932498,0.7802296080882429,0.20106612553652536,0.00943730976245265,0.002796507613086019,33.0,2.5,5.0,1.0,9.0,9.0,32.0
20260820_161644_90f4de72,25.0,hp_sweep_5_0,1,0.99322065985969,8.7048e-06,5749.939146909111,3,1,0.06640103233326634,24.982776,2.331658,4.180904,-0.0895289429778247,0.15943446549530305,0.18285179905732282,2.977354346274993,86.34505333244678,1.6717925165736478e-06,0.001343956993376212,2.7970568339427793,0.12787367181608733,0.20626790467552722,6.393888188679273e-06,1.9760552959377587e-05,3.16e-07,1.612e-06,2.1616e-06,1.296e-06,5.496000000000002e-07,0.6839766418963272,0.9837372964696834,1.3128e-06,0.29371063293061556,3.7677359999999998,1.1399635211673225,5.1195373326347005,14.554459451121554,0.5422185374844865,0.3945610671638491,0.046775487909670656,0.006331952131848623,33.0,5.0,5.0,1.0,9.0,9.0,32.0
20260820_161646_2975c000,25.0,hp_sweep_5_0,1,0.9880397109490001,8.6112e-06,5746.157979068456,3,1,0.06656205733767803,24.714144,2.331658,4.180904,-0.08962156311798021,0.15912718536934087,0.18262936702315616,2.9630315357943857,87.0695311927754,1.6677276505410527e-06,0.0008639723528847077,2.812367803019755,0.12762202891093147,0.20599004916497402,6.381305640792832e-06,1.977833990780975e-05,3.136e-07,1.612e-06,2.1448e-06,1.2984e-06,5.328000000000002e-07,0.6904755906074926,0.9743618785041821,1.3104e-06,0.2936890480867436,3.7608479999999997,1.1399635211673225,5.038495392186386,14.106294378385297,0.5426833597901961,0.39423383152185393,0.04712394358336137,0.006249002084894028,33.0,5.0,5.0,1.0,9.0,9.0,32.0
20260820_161646_f8d3e0e0,25.0,hp_sweep_5_0,1,0.9933900397726777,8.7048e-06,5801.065079799753,2,1,0.06496017468061237,24.982776,2.331658,4.180904,-0.09074458231736583,0.15927745171848195,0.1833136270054317,2.926370218550291,86.77332477863726,1.68024805851168e-06,0.0008639723528847077,2.779208682753462,0.12891860820226944,0.2059100842305689,6.446136679886596e-06,1.9802587592646226e-05,3.16e-07,1.6e-06,2.1304e-06,1.284e-06,5.304e-07,0.6949266046539962,0.963076276881156,1.3104e-06,0.29207111413563286,3.7608479999999997,1.1399635211673225,5.211503806292389,14.809000858491993,0.5459758690087461,0.390231380465803,0.04696805698819225,0.006304816545823269,33.0,5.0,5.0,1.0,9.0,9.0,32.0
20260820_161651_4acee739,20.0,hp_sweep_5_0,1,0.9968935038805785,7.0656e-06,5774.101205659798,2,1,0.05970621981876738,20.278272,2.331658,4.180904,-0.08948263290774694,0.15072361459166056,0.17528476712959978,3.001780872487487,96.21594844143243,1.5362866389832414e-06,0.0011519631371796103,2.769075957254854,0.12482154089572982,0.19469530511925998,6.241276759251924e-06,2.0201503364966786e-05,3.16e-07,1.5976e-06,3.1144e-06,1.2816e-06,1.5168000000000002e-06,0.7019967495550551,0.11499876334683543,1.2912e-06,0.31420909853549855,3.705744,1.1399635211673225,5.327169095764892,15.308990999644008,0.5712558962504447,0.3665842068741649,0.044552803417890585,0.0065599226700984205,33.0,5.0,5.0,1.0,9.0,9.0,32.0
20260820_161653_177b6060,20.0,hp_sweep_5_0,1,0.7778411800831933,7.056e-06,5892.936127871599,3,3,0.09545009142947072,20.25072,2.331658,4.180904,-0.09023131237400402,0.1503550515587047,0.17535202098052888,3.044476534284767,97.63575763379218,1.537465760427811e-06,0.0010559662090813093,2.782390718730024,0.12521832877187386,0.1942162575962855,6.261116787919728e-06,2.023904158089263e-05,3.16e-07,1.5832e-06,3.7744e-06,1.2672e-06,2.1912e-06,0.7020883592333078,0.12216768718988674,1.2888e-06,0.3147958026223112,3.698856,1.1399635211673225,5.317710705911194,15.335392457506936,0.576288084158744,0.3622440747479173,0.04449262472507539,0.006334562859703257,33.0,5.0,5.0,1.0,9.0,9.0,32.0
20260820_161654_7654274d,20.0,hp_sweep_5_0,1,0.9914062852020714,6.9984e-06,5745.1910498470825,4,1,0.06321541093338745,20.085407999999997,2.331658,4.180904,-0.08846381136603627,0.15009884840568183,0.1742283278176012,3.149471272171979,97.2941157835671,1.5178240795222177e-06,0.0010559662090813093,2.7617515142379223,0.12353545581916746,0.1940794867583711,6.1769704476876836e-06,2.0090854327776243e-05,3.184e-07,1.5832e-06,3.7504e-06,1.2648e-06,2.1672e-06,0.7012752794938961,0.12520468281118327,1.2912e-06,0.3190356124673763,3.705744,1.1399635211673225,5.123538654156292,14.565365700700035,0.5724815546203375,0.3665455918015211,0.04461231099025144,0.00636512624079312,33.0,5.0,5.0,1.0,9.0,9.0,32.0
20260820_161657_eace2cde,15.0,hp_sweep_5_0,1,0.9834123798787978,5.2488e-06,5717.766772533486,3,3,0.06396501416199846,15.064055999999999,2.331658,4.180904,-0.09058635624460015,0.15632948024131324,0.18067870469480557,2.94344478620302,89.39656549454845,1.632291948180566e-06,0.0009599692809830085,2.7795237279171654,0.12732278157793256,0.2022823745007866,6.366342795347152e-06,1.9814283738554205e-05,3.184e-07,1.6024e-06,3.8104e-06,1.284e-06,2.208e-06,0.7074486377644689,0.12045351041622734,1.308e-06,0.29360242842716633,3.75396,3.33989312342005,5.193223958559309,14.740405549063706,0.5556501641004423,0.38321506917423853,0.04460186991908634,0.006179840649922786,33.0,5.0,5.0,1.0,9.0,9.0,32.0
20260820_161700_e80523fa,15.0,hp_sweep_5_0,1,0.9907981669185747,5.184e-06,5802.230224078798,3,2,0.06630615408535337,14.87808,2.331658,4.180904,-0.08998046616108284,0.15694316227471397,0.1809078231458026,2.9228792552831266,88.1894847576414,1.6364343879924097e-06,0.0015359508495728137,2.7950782894495685,0.1278128609379732,0.20264994133214922,6.390847547476161e-06,1.9818168831624315e-05,3.184e-07,1.5904e-06,3.6784e-06,1.272e-06,2.0879999999999997e-06,0.6894361933266664,0.12173923049340958,1.3056e-06,0.3159302624192955,3.747072,3.3798918434610092,5.177133286617126,14.723935174934118,0.5608465696479775,0.37889536414461467,0.04310170199328948,0.006724204608695011,33.0,5.0,5.0,1.0,9.0,9.0,32.0
20260820_161700_72d08675,15.0,hp_sweep_5_0,1,0.9940456955362723,5.184e-06,5754.908443729751,3,3,0.066767800905673,14.87808,2.331658,4.180904,-0.09105331611788421,0.15697089097075925,0.18146781254045394,2.8841911291983937,88.43009189277014,1.646581038318048e-06,0.0016319477776711145,2.7851184730539447,0.12903543277043378,0.20240514315623045,6.4519780952141215e-06,1.981630646872771e-05,3.16e-07,1.6072e-06,3.676e-06,1.2912e-06,2.0688e-06,0.7044195341087107,0.1226917169268145,1.3056e-06,0.31417105075478036,3.747072,3.3798918434610092,5.211797541455525,14.887828037991579,0.5677987810061714,0.37197878022440706,0.04292580714267408,0.006699323343324432,33.0,5.0,5.0,1.0,9.0,9.0,32.0
20260820_161704_c36aebab,10.0,hp_sweep_5_0,1,0.9995184323436536,3.456e-06,5751.029915347445,2,3,0.06083975799290145,9.91872,2.331658,4.180904,-0.08967945070557741,0.15676739524011382,0.1806057033684821,3.0005030881007375,88.85380012430579,1.6309731939333503e-06,0.0009599692809830085,2.8038273505517135,0.12722721352804436,0.20261145125801985,6.361564239943864e-06,1.9746983491085477e-05,3.184e-07,1.6e-06,2.1808e-06,1.2816e-06,5.808e-07,0.6920184664866379,0.8965682249438797,1.3032e-06,0.2943362006400789,3.740184,1.1199641611468434,5.06050029723117,14.152197904767538,0.54295549164767,0.3937313117591634,0.04688061648831895,0.006591728206761853,33.0,5.0,5.0,1.0,9.0,9.0,32.0
20260820_161706_5a10f59f,10.0,hp_sweep_5_0,1,0.9986706139870319,3.42e-06,5722.051775598457,3,3,0.06352295932351046,9.8154,2.331658,4.180904,-0.09073686397235288,0.15800270357376975,0.18220327335192915,3.009293664800077,88.0198752495518,1.6599547578604032e-06,0.0010559662090813093,2.7822035926173436,0.12912578091054186,0.2038013035090227,6.456495646776549e-06,1.9760908989757068e-05,3.16e-07,1.5976e-06,5.1664e-06,1.2816e-06,3.5688000000000005e-06,0.6994500851158353,0.13312693093410555,1.3104e-06,0.29059185606266075,3.7608479999999997,1.1399635211673225,5.157360045253059,14.777593843748932,0.5595082642827489,0.3796777387360736,0.04427685580920778,0.006170817741823037,33.0,5.0,5.0,1.0,9.0,9.0,32.0
20260820_161707_ac0512f0,10.0,hp_sweep_5_0,0,0.0,0.0,0.0,0,0,0.0,0.0,2.331658,4.180904,-0.09196408082941344,0.15772890439222428,0.18258093943117482,2.82781547470226,86.02773452492798,1.6668433094576258e-06,0.0008639723528847077,2.782268278637456,0.13044095222017393,0.20308895122742932,6.522256316532248e-06,1.982763763076916e-05,3.16e-07,1.5976e-06,2.1184e-06,1.2816e-06,5.208e-07,0.7007323525442665,0.8998606458560263,1.3104e-06,0.2906028161023904,3.7608479999999997,1.1399635211673225,5.216236802122362,14.927373009182732,0.5658121039333047,0.3734111643903653,0.0433731054350098,0.006708873345078947,33.0,5.0,5.0,1.0,9.0,9.0,32.0
20260820_161711_383072e3,5.0,hp_sweep_5_0,0,0.0,0.0,0.0,0,0,0.0,0.0,2.41206,4.261305999999999,-0.09207213765959488,0.16018444585869493,0.1847602100785355,2.7816964294049096,83.86487856225828,1.7068713795495933e-06,0.0010559662090813093,2.787911021678022,0.13201759792748224,0.2059465737148486,6.601091124530796e-06,1.9544057637616716e-05,3.16e-07,1.5952e-06,2.1664e-06,1.2792e-06,5.712000000000001e-07,0.6980124819874273,0.9662135904277763,1.3008e-06,0.28119841801353285,3.7332959999999997,1.1399635211673225,5.072331406514358,14.407594166344847,0.5470088840266549,0.3908400373768478,0.045766988867600326,0.0064335529498687725,33.0,5.0,5.0,1.0,9.0,9.0,32.0
20260820_161713_2d538103,5.0,hp_sweep_5_0,0,0.0,0.0,0.0,0,0,0.0,0.0,2.331658,4.180904,-0.09170551627147931,0.16053674170189924,0.1848836043322416,2.8104893751473763,83.65516853144125,1.7091520486594848e-06,0.0011519631371796103,2.774696453493389,0.13222257793692924,0.2062005741270182,6.61134045297116e-06,1.9591164400451775e-05,3.184e-07,1.5976e-06,2.14e-06,1.2792e-06,5.423999999999999e-07,0.6973953501202123,0.9577254428196953,1.3104e-06,0.27101438352357965,3.7608479999999997,1.1399635211673225,5.10045907589301,14.593133588249646,0.5540826234239,0.3838970659364964,0.045491350626550006,0.006485176115013103,33.0,5.0,5.0,1.0,9.0,9.0,32.0
20260820_161714_d471bf20,5.0,hp_sweep_5_0,0,0.0,0.0,0.0,0,0,0.0,0.0,2.331658,4.180904,-0.0925815484304502,0.16085408345951088,0.1855946639194648,2.9470631966520027,83.93098902047295,1.7223240763757952e-06,0.001439953921474513,2.8046139034894124,0.1338184096886287,0.20605081866078107,6.691134593886937e-06,1.9720646749720935e-05,3.136e-07,1.6096e-06,2.1424e-06,1.296e-06,5.328e-07,0.6886299383355584,0.9849327646635124,1.3104e-06,0.2677935090826951,3.7608479999999997,1.1399635211673225,5.216267696329598,14.978642685417391,0.5566364696845854,0.3803374124207882,0.04584984912724729,0.006302069719512539,33.0,5.0,5.0,1.0,9.0,9.0,32.0
20260820_161724_4043c250,25.0,hp_sweep_7_5,1,0.9900950823258201,8.7048e-06,5834.807517352883,2,2,0.03488155305271105,24.982776,1.849246,3.21608,-0.08724431285398866,0.10474005404030393,0.13631598969207698,3.1861254142599615,122.09583348516072,9.291321835649951e-07,0.0003839877123932034,2.1622875185543604,0.10830937769934032,0.13365501129975374,5.415642179971335e-06,2.153465868633046e-05,3.088e-07,1.5808e-06,4.4056e-06,1.2719999999999998e-06,2.8247999999999996e-06,0.671294131975192,0.13239006151585192,1.3056e-06,0.316659034184727,3.747072,3.3998912034814883,7.4461266698494155,20.10291283780367,0.6620337415434393,0.2582720633173778,0.056722986575585936,0.009029389455371687,33.0,7.5,5.0,1.0,9.0,9.0,32.0
20260820_161727_82560cbf,25.0,hp_sweep_7_5,0,0.0,0.0,0.0,0,0,0.0,0.0,1.849246,3.21608,-0.08762637093213016,0.1047691995872054,0.136583183682615,3.3920835588880704,125.92397667922216,9.327781511896512e-07,0.0003839877123932034,2.1923989885526676,0.1086126722444395,0.13370422522368144,5.430807392497567e-06,2.1628055150093504e-05,3.088e-07,1.5856e-06,3.1384e-06,1.2767999999999998e-06,1.5528e-06,0.657696818519843,0.13738067706519977,1.3032e-06,0.32513437659825783,3.740184,3.3998912034814883,7.574483562240137,20.435310030223516,0.6628562519000648,0.25601217076685234,0.057805124719221716,0.009083793430905205,33.0,7.5,5.0,1.0,9.0,9.0,32.0
20260820_161727_4a53ec83,25.0,hp_sweep_7_5,0,0.0,0.0,0.0,0,0,0.0,0.0,1.849246,3.21608,-0.0867194653931074,0.10434271940141966,0.13567486417958838,3.3686941061067506,124.52155700146179,9.204128907775199e-07,0.0003839877123932034,2.1491297019384263,0.10747657924673054,0.13335759619102733,5.374000924863322e-06,2.158673589792928e-05,3.112e-07,1.5784e-06,3.16e-06,1.2672e-06,1.5815999999999998e-06,0.665342832638991,0.13679318716914618,1.3032e-06,0.3199093889559329,3.740184,3.3998912034814883,7.354542667288957,19.979099113380332,0.661055078569684,0.2591904536209643,0.05766053452145616,0.008845516091877,33.0,7.5,5.0,1.0,9.0,9.0,32.0
20260820_161732_45fd91f4,20.0,hp_sweep_7_5,1,0.9809697081943972,6.816e-06,5816.735345369646,2,2,0.03956165857966089,19.56192,1.849246,3.21608,-0.08864133330133435,0.10635705266570074,0.1384525500710366,3.329634472137966,119.52845358988672,9.584861016324385e-07,0.0012479600652779111,2.161801854677135,0.11071520757308831,0.1351352973150397,5.535937522986533e-06,2.1465329971040094e-05,3.064e-07,1.5736e-06,2.8696e-06,1.2672000000000001e-06,1.296e-06,0.6699678882692657,0.19111207600493146,1.2984e-06,0.3417249082691062,3.7264079999999997,3.4398899235224474,7.519023728635828,20.385250869848512,0.6744842335246216,0.24361867252834793,0.058491870066534765,0.009391589996642878,33.0,7.5,5.0,1.0,9.0,9.0,32.0
20260820_161734_9fc72184,20.0,hp_sweep_7_5,1,0.9848044283628266,6.816e-06,5785.662531439419,2,1,0.03985152901329487,19.56192,1.849246,3.21608,-0.09057477872708071,0.10565789281809296,0.1391667376071569,3.1530130187443968,118.51266616765642,9.684000306203329e-07,0.00047998464049150427,2.170235191225953,0.1127318809968497,0.1336632800749413,5.63677442085208e-06,2.1596134843471588e-05,3.064e-07,1.5712e-06,2.7328e-06,1.2648000000000002e-06,1.1615999999999998e-06,0.6646711221135064,0.20035266837573254,1.3008e-06,0.357756533680132,3.7332959999999997,3.4398899235224474,7.959587239307402,21.46233682883649,0.6852916510931992,0.2341465055964613,0.055913412659526616,0.00928999316486824,33.0,7.5,5.0,1.0,9.0,9.0,32.0
20260820_161735_de4ebfb2,20.0,hp_sweep_7_5,1,0.9872036948411916,6.888e-06,5797.994878296155,2,1,0.039515503384151815,19.76856,1.849246,3.21608,-0.09035866506671786,0.10588380654680019,0.13919794840973593,3.1690726812372936,118.26238036710792,9.688344437841215e-07,0.0010559662090813093,2.182646166408864,0.11268231482672417,0.1339184432854215,5.6342960330399316e-06,2.1589492140215458e-05,3.064e-07,1.5712e-06,2.7376e-06,1.2648000000000002e-06,1.1663999999999998e-06,0.6643236613586102,0.19146735029424208,1.2984e-06,0.35292884059755303,3.7264079999999997,3.4398899235224474,8.068307054973289,21.826757318622207,0.6835277527604922,0.23393209428108164,0.05788827410539143,0.009022903390661296,33.0,7.5,5.0,1.0,9.0,9.0,32.0
20260820_161738_87a07aab,15.0,hp_sweep_7_5,1,0.99091991868328,5.2488e-06,5760.196974745148,2,2,0.03782440125185416,15.064055999999999,1.849246,3.21608,-0.08865291081885378,0.10696560769406348,0.13892796632073737,3.390860154842356,118.16454179700138,9.650798728685185e-07,0.0008639723528847077,2.1507768863081718,0.11100643321736041,0.13588199476291685,5.550499271161168e-06,2.1468341945528223e-05,3.112e-07,1.576e-06,2.848e-06,1.2648000000000002e-06,1.272e-06,0.6666134674637721,0.18476123294950492,1.3032e-06,0.3293755183850537,3.740184,3.4398899235224474,7.562205323638703,20.42609890958402,0.6702451284077963,0.24862775731891631,0.05688573252019282,0.01002923691680922,33.0,7.5,5.0,1.0,9.0,9.0,32.0
20260820_161741_1ea86d24,15.0,hp_sweep_7_5,1,0.9751080098416176,5.208e-06,5636.729666899993,2,3,0.039804518989680744,14.94696,1.849246,3.21608,-0.08920091331477392,0.1062786518080809,0.13875141356517096,3.3661332697378405,119.53573472391633,9.626285414442817e-07,0.0007679754247864068,2.196014145248103,0.11108536017710759,0.135096828322444,5.554445745431662e-06,2.1417932543507274e-05,3.064e-07,1.576e-06,2.872e-06,1.2696e-06,1.2960000000000002e-06,0.6595238943501263,0.17943466626652219,1.3008e-06,0.33368412299977007,3.7332959999999997,3.4398899235224474,7.787557607075811,20.994628183603453,0.6730690194621884,0.24450408997974032,0.05772374742307015,0.009714422133765662,33.0,7.5,5.0,1.0,9.0,9.0,32.0
20260820_161741_d4aba2b6,15.0,hp_sweep_7_5,1,0.9841088264350863,5.208e-06,5685.920983145947,2,2,0.03952917922849478,14.94696,1.849246,3.21608,-0.09144695171354515,0.1067539965790821,0.140566570575319,3.13107303585991,114.13431012692558,9.87979652502528e-07,0.0003839877123932034,2.1684597353728754,0.11384178146135034,0.13506254232768536,5.692271219917855e-06,2.1542841915112694e-05,3.064e-07,1.576e-06,2.8768e-06,1.2696e-06,1.3008000000000001e-06,0.6730251568674678,0.1767072595333817,1.3008e-06,0.3319953727112691,3.7332959999999997,3.4398899235224474,8.31339641392819,22.32179749189414,0.6818270710898395,0.23533895050855724,0.056401139302807844,0.009324231055420646,33.0,7.5,5.0,1.0,9.0,9.0,32.0
20260820_161747_4db11b18,10.0,hp_sweep_7_5,1,0.9927748283174956,3.4656e-06,5741.036226239267,3,2,0.037951599390280054,9.946271999999999,1.849246,3.21608,-0.08868378419890562,0.10605429200157508,0.1382473378832063,3.361641990796149,120.47353331997084,9.556469013119614e-07,0.000671978496688106,2.17593279277327,0.11047050062833835,0.13490563139860756,5.523701784217923e-06,2.1466823062937084e-05,3.088e-07,1.576e-06,2.8624e-06,1.2672e-06,1.2863999999999999e-06,0.6672218173058555,0.17120743885280199,1.3008e-06,0.3300945327419154,3.7332959999999997,3.4398899235224474,7.580107744033288,20.49127579360826,0.6692760846760242,0.25023184387230035,0.0570897124510925,0.00927983791202368,33.0,7.5,5.0,1.0,9.0,9.0,32.0
20260820_161749_99661b52,10.0,hp_sweep_7_5,1,0.9938083439246852,3.2832e-06,5808.248685521506,2,2,0.03737787480983361,9.422784,1.849246,3.21608,-0.08894234875683976,0.10572460957574834,0.13816090066414496,3.3504437574189336,117.41363069852046,9.544522651115425e-07,0.000671978496688106,2.1709803228320332,0.11113805605551476,0.13400290295943773,5.557080623665427e-06,2.148178913353968e-05,3.064e-07,1.5856e-06,2.8288e-06,1.2792e-06,1.2432e-06,0.6600750562052498,0.17358719597417258,1.3008e-06,0.3283558407529183,3.7332959999999997,3.4398899235224474,7.753291248544242,20.883736732165634,0.6731786149690868,0.24648155393579996,0.0556988975014965,0.009641079633377602,33.0,7.5,5.0,1.0,9.0,9.0,32.0
20260820_161750_d855af07,10.0,hp_sweep_7_5,1,0.9998113169911246,3.42e-06,5759.353050798251,3,1,0.037662284976400055,9.8154,1.849246,3.21608,-0.08778845617740232,0.10558985665585695,0.13731726354182897,3.287080784079499,120.00550240401844,9.428317129801921e-07,0.0005759815685898052,2.1535924219212195,0.10966189729064126,0.13424559948569362,5.483270323567728e-06,2.138539627160837e-05,3.112e-07,1.5736e-06,2.8528e-06,1.2624e-06,1.2792e-06,0.6756432626506969,0.17099793566540972,1.2984e-06,0.3301875731657316,3.7264079999999997,3.4398899235224474,7.201690156624151,19.35331857944114,0.670054522366801,0.25212861392097363,0.05579529914613576,0.008959628392109903,33.0,7.5,5.0,1.0,9.0,9.0,32.0
20260820_161753_d4a2cdd9,5.0,hp_sweep_7_5,0,0.0,0.0,0.0,0,0,0.0,0.0,1.849246,3.21608,-0.08972190160314868,0.10898360423950142,0.14116460470074418,3.2266673793098155,108.42147931993992,9.96404164928861e-07,0.0008639723528847077,2.177143466069969,0.11343762773107904,0.1377736657194742,5.672062886758322e-06,2.117165239874662e-05,3.088e-07,1.5856e-06,2.8576e-06,1.2767999999999998e-06,1.272e-06,0.6579398627300106,0.15835744067547303,1.3104e-06,0.3075124533904571,3.7608479999999997,3.4398899235224474,7.566500310247051,20.663634699019727,0.6673312218271981,0.2520096601524746,0.05646433795068308,0.009456030998733416,33.0,7.5,5.0,1.0,9.0,9.0,32.0
20260820_161755_196f76b1,5.0,hp_sweep_7_5,0,0.0,0.0,0.0,0,0,0.0,0.0,1.849246,3.21608,-0.09040883430930209,0.10875732961156392,0.14142812331854368,3.2855108862121973,110.6706569693915,1.0001277063327646e-06,0.0016319477776711145,2.1478598658670562,0.11402382013903414,0.13737441761722324,5.70137344506393e-06,2.1112078824589563e-05,3.088e-07,1.5856e-06,2.8984e-06,1.2767999999999998e-06,1.3128000000000002e-06,0.6805183231974035,0.16579306723276618,1.3128e-06,0.3107842584491375,3.7677359999999998,3.4198905635019674,7.596443467428848,20.711707473298322,0.6739720607180837,0.24634366552657205,0.05541215482650792,0.009354319595980707,33.0,7.5,5.0,1.0,9.0,9.0,32.0
20260820_161756_37324174,5.0,hp_sweep_7_5,0,0.0,0.0,0.0,0,0,0.0,0.0,1.849246,3.21608,-0.08883815109916482,0.1082574177298702,0.14004244208188335,3.403140688392574,114.40385168115051,9.806256582298175e-07,0.001439953921474513,2.186303925496661,0.11207782921015308,0.13716220194174225,5.60407078503439e-06,2.1134830561743785e-05,3.064e-07,1.5832e-06,2.812e-06,1.2768e-06,1.2288e-06,0.6620650895779246,0.1553069529833497,1.308e-06,0.32011018293849214,3.75396,3.4398899235224474,7.305999502376178,19.757326577725735,0.6682768806645495,0.25042332041873727,0.05796091606050753,0.00962326152245596,33.0,7.5,5.0,1.0,9.0,9.0,32.0
20260820_161804_92391774,25.0,hp_sweep_12_5,0,0.0,0.0,0.0,0,0,0.0,0.0,0.964824,1.688442,-0.08576239061150041,0.045316554461485546,0.09699885438323672,3.3200936635899714,144.34420178927527,4.704539416274207e-07,0.0005759815685898052,1.0380401685799163,0.09349824258407519,0.05253877138136875,4.675061726391893e-06,2.3776947196620814e-05,-4.7408e-06,-4.1384e-06,-3.5816e-06,6.024000000000004e-07,5.567999999999999e-07,0.9114364392312049,1.0121098041505725,1.2864e-06,0.27443970624728564,3.691968,3.3998912034814883,20.435112795236517,40.78261569424843,0.8923632908359377,0.058429986171351374,0.01977190809383,0.010734988351694515,33.0,12.5,5.0,1.0,9.0,9.0,32.0
20260820_161806_8880cffb,25.0,hp_sweep_12_5,0,0.0,0.0,0.0,0,0,0.0,0.0,0.964824,1.688442,-0.08624092800230392,0.045339581604392235,0.09743292730263169,3.423562116874686,143.00621465566775,4.746739552185119e-07,0.000671978496688106,0.9961101679226103,0.0940056920826165,0.05246368067181051,4.7004350132381575e-06,2.3810057699679294e-05,-4.664e-06,-3.5888e-06,-2.7536e-06,1.0751999999999999e-06,8.351999999999996e-07,1.010614324416286,0.9939680510690595,1.2864e-06,0.26274321449988197,3.691968,3.4798886435634055,21.916905561349658,42.65931328832052,0.892186164470603,0.057460604592013645,0.01962872659790772,0.010878295892365653,33.0,12.5,5.0,1.0,9.0,9.0,32.0
20260820_161807_aeeac796,25.0,hp_sweep_12_5,0,0.0,0.0,0.0,0,0,0.0,0.0,0.964824,1.60804,-0.08680822636075644,0.04601417206264353,0.09824954042900605,3.1356982575918164,130.53827513437207,4.82664054481056e-07,0.0003839877123932034,0.9974292247093376,0.0949139952604829,0.05292965238482213,4.745851625416562e-06,2.3788875381614255e-05,-4.1408e-06,-3.6392e-06,-2.9264e-06,5.016000000000004e-07,7.127999999999998e-07,0.9691599910090333,0.997383991099878,1.2864e-06,0.26767110724888615,3.691968,3.4398899235224474,22.252480497054844,42.78978271970899,0.8908485938341233,0.0589775542365287,0.01842342453129954,0.010526672283196497,33.0,12.5,5.0,1.0,9.0,9.0,32.0
20260820_161811_424b0838,20.0,hp_sweep_12_5,0,0.0,0.0,0.0,0,0,0.0,0.0,0.964824,1.688442,-0.08627180138235575,0.04633076750110801,0.09792529668578169,2.7504175011163188,130.82205142450547,4.794835295318879e-07,0.0005759815685898052,0.9861097761965,0.09432496077701488,0.05363900145719896,4.716398958787987e-06,2.3709919363375356e-05,-4.9424e-06,-4.364e-06,-3.7112e-06,5.784000000000003e-07,6.527999999999999e-07,0.8812771415346704,0.981922290312724,1.2984e-06,0.24495263569357015,3.7264079999999997,3.2798950433586125,20.941753103385828,41.65249532468278,0.8896315531580764,0.06023414948085918,0.019722104404215603,0.010702612094036062,33.0,12.5,5.0,1.0,9.0,9.0,32.0
20260820_161813_4e0de915,20.0,hp_sweep_12_5,0,0.0,0.0,0.0,0,0,0.0,0.0,0.964824,1.688442,-0.08578554564653929,0.04623568863053544,0.09745203304710631,3.1669589539568346,138.812341330395,4.7486013228870706e-07,0.000671978496688106,0.9926705183993385,0.093680003492122,0.053838052372369445,4.684150062611687e-06,2.3634042774667662e-05,-4.6424e-06,-3.9344e-06,-2.7872e-06,7.079999999999998e-07,1.1471999999999998e-06,0.9633422036599462,0.9881567061209214,1.296e-06,0.24846982581414973,3.71952,3.4198905635019674,19.575611990466317,39.866048939483775,0.8893532006608761,0.061083356272300854,0.02030293111069296,0.011029122065700218,33.0,12.5,5.0,1.0,9.0,9.0,32.0
20260820_161814_55ddcea6,20.0,hp_sweep_12_5,0,0.0,0.0,0.0,0,0,0.0,0.0,0.964824,1.60804,-0.08665771863300373,0.046058460107732284,0.09813736264121024,3.0263226783816326,126.26920950472118,4.815625068157344e-07,0.000671978496688106,0.9666052226071222,0.09476556466236821,0.05302701208396935,4.73842985802187e-06,2.3707173108601396e-05,-4.9472e-06,-4.0112e-06,-3.3584e-06,9.36e-07,6.527999999999999e-07,0.9272680619294714,0.9466987667710521,1.2912e-06,0.23827017498694944,3.705744,3.3598924834405297,22.021688099761743,42.84151273486242,0.8911277402381876,0.058622149947908486,0.01985382881619758,0.009531627025347378,33.0,12.5,5.0,1.0,9.0,9.0,32.0
20260820_161817_62f6eaf5,15.0,hp_sweep_12_5,0,0.0,0.0,0.0,0,0,0.0,0.0,0.964824,1.60804,-0.08538805087837188,0.043867423526033816,0.09599723995834385,3.2640630077816666,151.91149038309115,4.6078824873311986e-07,0.000671978496688106,0.9904238202722375,0.0926290010750159,0.05098112032164398,4.631598260152515e-06,2.3907805260417283e-05,-4.6592e-06,-4.0064e-06,-3.1616e-06,6.527999999999999e-07,8.448000000000004e-07,0.9770231726899189,1.003564038733206,1.2792e-06,0.2677196615749134,3.6713039999999997,3.4198905635019674,20.49910814528711,40.787703340679,0.8971931991587452,0.0561255636450083,0.01860723036511496,0.010132409875738472,33.0,12.5,5.0,1.0,9.0,9.0,32.0
20260820_161820_ade1bf18,15.0,hp_sweep_12_5,1,0.9473682185855098,5.3856e-06,5740.349938848187,2,1,0.011298543361823364,15.456672,0.964824,1.60804,-0.08479759748488047,0.04387751126838281,0.09547705763331246,3.5657820306564623,159.3288854549924,4.5580801210539837e-07,0.0005759815685898052,0.992198866808279,0.0920003202660234,0.05114371620333564,4.600163213813595e-06,2.380077249442871e-05,-4.3472e-06,-3.6296e-06,-3.0872e-06,7.175999999999997e-07,5.424000000000001e-07,1.0526222937884873,0.8804539270185004,1.272e-06,0.28997265484674967,3.65064,3.4598892835429265,18.921132330954265,39.11869506058536,0.8962597828983921,0.0586833251425797,0.019111766738096846,0.009944855491450546,33.0,12.5,5.0,1.0,9.0,9.0,32.0
20260820_161820_fdc4ef4e,15.0,hp_sweep_12_5,0,0.0,0.0,0.0,0,0,0.0,0.0,0.964824,1.688442,-0.08492495017759431,0.04327705093983716,0.09531605478992579,3.263307103649421,158.3904747007923,4.5427205127628794e-07,0.000671978496688106,0.9856478682879654,0.09195023306134888,0.050394998251493024,4.597658773440342e-06,2.386790624331174e-05,-4.8176e-06,-4.1984e-06,-3.2864e-06,6.191999999999999e-07,9.120000000000003e-07,0.9604193636496715,0.9942838241212443,1.2744e-06,0.28219120556794836,3.657528,3.4798886435634055,19.477779765908686,39.35880494185374,0.9000776998945168,0.05543513178884024,0.017656751872285065,0.010156890156513112,33.0,12.5,5.0,1.0,9.0,9.0,32.0
20260820_161824_030ef185,10.0,hp_sweep_12_5,0,0.0,0.0,0.0,0,0,0.0,0.0,0.964824,1.688442,-0.08662298608044541,0.04566740334546579,0.09792371237759778,3.1495648597668495,139.9881268951511,4.794680147760382e-07,0.0007679754247864068,0.9953293544128959,0.0944275931407166,0.05287550087622502,4.721530741184855e-06,2.3677313172140117e-05,-4.1816e-06,-3.6728e-06,-3.032e-06,5.088000000000001e-07,6.407999999999999e-07,0.9708588254593001,0.9920776110174373,1.2792e-06,0.26288357937965223,3.6713039999999997,3.4398899235224474,21.935514813063325,42.36409863344457,0.8923862495872559,0.05664939094145834,0.019526765146566313,0.011060006771319714,33.0,12.5,5.0,1.0,9.0,9.0,32.0
20260820_161826_83aa4cd0,10.0,hp_sweep_12_5,0,0.0,0.0,0.0,0,0,0.0,0.0,0.964824,1.60804,-0.0858820249592013,0.04471279967850475,0.09682435988005791,3.4226830559431614,146.80973508725742,4.6876283323981433e-07,0.00047998464049150427,0.9899035616613165,0.0934332018164498,0.05181188557874173,4.671809583945397e-06,2.369970403103915e-05,-4.592e-06,-3.9176e-06,-3.128e-06,6.743999999999998e-07,7.896000000000005e-07,0.9214801026387854,1.0640403748442242,1.2792e-06,0.2730340476847127,3.6713039999999997,3.5198873636043646,20.61907604116287,41.00071303842085,0.8965375534242234,0.0568649687745218,0.01755389552907834,0.010460082505828418,33.0,12.5,5.0,1.0,9.0,9.0,32.0
20260820_161827_84a4dc01,10.0,hp_sweep_12_5,0,0.0,0.0,0.0,0,0,0.0,0.0,0.964824,1.60804,-0.08607884275703176,0.04453173869838825,0.0969156484882154,3.3809882284314305,148.60812800258364,4.6964717432324153e-07,0.00047998464049150427,1.0009675667070033,0.09358928336113322,0.05152936561655531,4.6796139109100385e-06,2.3779008523503013e-05,-4.8464e-06,-4.1384e-06,-3.464e-06,7.079999999999998e-07,6.743999999999998e-07,0.9121707126682195,1.0194969521081776,1.2744e-06,0.2678448433121528,3.657528,3.4198905635019674,20.73397284087356,41.00253891977421,0.8970648133587507,0.05595330903674661,0.017981599585580727,0.01060458257315998,33.0,12.5,5.0,1.0,9.0,9.0,32.0
20260820_161831_86ee61f4,5.0,hp_sweep_12_5,0,0.0,0.0,0.0,0,0,0.0,0.0,0.964824,1.688442,-0.08710538264375539,0.04657198166875901,0.09877397006332321,3.173994311180276,129.3823146524129,4.878304681789728e-07,0.0005759815685898052,0.9921181147335945,0.09541427607266509,0.05351155291396687,4.770866466474971e-06,2.3562169071648713e-05,-4.316e-06,-3.3656e-06,-2.864e-06,9.503999999999998e-07,5.016e-07,1.0219449956644089,0.9389026297821415,1.2912e-06,0.2718504891310534,3.705744,3.4598892835429265,21.521299438038675,41.89806978059394,0.8924217732518938,0.056494794130534404,0.0197798223940467,0.010672993071368814,33.0,12.5,5.0,1.0,9.0,9.0,32.0
20260820_161833_13191642,5.0,hp_sweep_12_5,0,0.0,0.0,0.0,0,0,0.0,0.0,0.964824,1.60804,-0.08759549755207832,0.04618746459723171,0.09902652713953314,2.8657354122499124,127.48009423874726,4.903283438707583e-07,0.0003839877123932034,0.9880294933132273,0.09573895101047478,0.05305126577573957,4.787100732845355e-06,2.3548814571703765e-05,-4.3904e-06,-3.5816e-06,-3.0512e-06,8.088000000000002e-07,5.304e-07,0.948411467362442,1.054246773122267,1.284e-06,0.2652214104587609,3.6850799999999997,3.4798886435634055,22.554259011331272,43.30301100839111,0.8959252008193322,0.05484702233991151,0.017482146054219386,0.010889814513365846,33.0,12.5,5.0,1.0,9.0,9.0,32.0
20260820_161834_6e333f7c,5.0,hp_sweep_12_5,0,0.0,0.0,0.0,0,0,0.0,0.0,0.964824,1.60804,-0.0875414691369876,0.04597366040457444,0.09887914982268653,3.0355310384631418,130.49855074285878,4.888699568208959e-07,0.0005759815685898052,0.9874389833033568,0.09561546871481316,0.05280230617399475,4.780926420490602e-06,2.3567987866282763e-05,-4.3376e-06,-3.7496e-06,-2.7488e-06,5.879999999999997e-07,1.0008000000000002e-06,1.0547266298872375,0.9831457931115616,1.2864e-06,0.262264611299841,3.691968,3.4798886435634055,22.476418440647254,42.70775773091014,0.8957451916966197,0.054394477841315375,0.01800589792819873,0.010432633927936941,33.0,12.5,5.0,1.0,9.0,9.0,32.0
20260820_161848_2951e85c,25.0,damping_sweep_3,1,0.9977333470311369,8.64e-06,5736.995335790547,3,1,0.27305267723606963,24.7968,3.939698,7.316582,-0.09643300259191706,0.3691632722723418,0.38155058063606173,2.649978110166836,50.08715808090055,7.2792752085387254e-06,0.006335797254487857,4.443923518459828,0.2381337551706813,0.4745636184464998,1.1907068772542338e-05,1.6170568842162806e-05,3.616e-07,1.636e-06,2.8792e-06,1.2744e-06,1.2431999999999998e-06,0.8041120501699945,0.3399735874579252,1.32e-06,0.4693627589298191,3.7884,1.2599596812901985,1.8551577495036227,7.048921491982633,0.8988310934250555,0.09505518597239947,0.0020870068178686007,0.0007408088233189738,33.0,1.0,5.0,3.0,9.0,9.0,32.0
20260820_161850_6e324284,25.0,damping_sweep_3,1,0.9979776263620929,8.7552e-06,5735.694378926889,3,1,0.2727809454565972,25.127424,3.939698,7.316582,-0.09624004396659307,0.36884618781658735,0.3811950371260373,2.6607140723085116,50.137013514152535,7.265715311926175e-06,0.007199769607372564,4.437865465071105,0.23855382022950972,0.4738188668950903,1.1928072697587853e-05,1.618959173978014e-05,3.616e-07,1.6504e-06,2.8864e-06,1.2887999999999998e-06,1.2360000000000001e-06,0.7986440848570016,0.3468917763625925,1.3175999999999999e-06,0.47078543292747843,3.7815119999999993,1.2599596812901985,1.8379811152552294,6.893052292990867,0.8997272648326631,0.09404580763686778,0.0023275523988820234,0.0007361936898055422,33.0,1.0,5.0,3.0,9.0,9.0,32.0
20260820_161851_7c910648,25.0,damping_sweep_3,1,0.9978332481343918,8.7552e-06,5736.625896592869,3,1,0.2722004296001484,25.127424,3.939698,7.316582,-0.09689610329269463,0.3687635854528481,0.38128130925780845,2.6772982492445974,50.341384788743355,7.2690044401662906e-06,0.006047806470192954,4.434983260810912,0.23896327936853004,0.47361915043025093,1.1948546309673492e-05,1.6144914429984902e-05,3.616e-07,1.6624e-06,2.8336e-06,1.3008e-06,1.1712e-06,0.7985139090237082,0.34401483723885357,1.32e-06,0.4708262443566785,3.7884,1.2599596812901985,1.863765344039127,7.076323405117371,0.8984082174309778,0.09520437855160686,0.002250564328944507,0.00075354205881906,33.0,1.0,5.0,3.0,9.0,9.0,32.0
20260820_161854_59cc21f6,20.0,damping_sweep_3,1,0.9986964177826892,6.8328e-06,5753.831504069469,2,1,0.28141325817967255,19.610136,4.0201,7.396984,-0.09537173015263511,0.3860732568251069,0.3976786724830136,2.556700654904391,44.64701014422834,7.907669364715074e-06,0.006527791110684458,4.4721917347972875,0.26003312361003733,0.489519582015648,1.3002072233499642e-05,1.6256659485534638e-05,3.616e-07,1.6864e-06,2.848e-06,1.3248e-06,1.1616e-06,0.8011595550338274,0.4043447228258867,1.3224e-06,0.4658922431294109,3.7952879999999998,1.279959041310678,1.7950552819269365,6.392309970280763,0.9045042257369874,0.08989685884987335,0.0020942701959179594,0.0006909315757298188,33.0,1.0,5.0,3.0,9.0,9.0,32.0
20260820_161857_2f6cda0d,20.0,damping_sweep_3,1,0.997682164362938,6.8328e-06,5750.702487878774,2,2,0.28059484801574197,19.610136,3.939698,7.316582,-0.09631722741672266,0.3857431537449279,0.3975862031790436,2.5141637982398337,44.31139791162356,7.90399236757872e-06,0.007679754247864068,4.472865016532375,0.2618540982373728,0.4882146275326461,1.3093123878425821e-05,1.6308944575457656e-05,3.616e-07,1.6816e-06,2.7952e-06,1.3199999999999999e-06,1.1136e-06,0.7913651737864709,0.4124867351380903,1.32e-06,0.46769207499474086,3.7884,1.279959041310678,1.8159701777204957,6.610419412568854,0.904995621303241,0.0892260237856569,0.0021278893022298848,0.0006418189043929122,33.0,1.0,5.0,3.0,9.0,9.0,32.0
20260820_161857_256e1ac6,20.0,damping_sweep_3,1,0.9986949131883349,6.8328e-06,5749.064969155411,2,2,0.2802022758260652,19.610136,3.939698,7.23618,-0.09614742382643754,0.3860572685973734,0.39784989851114094,2.5532500864180725,44.53993399765284,7.91448034253305e-06,0.007487760391667466,4.4243943474458725,0.2616087728189873,0.4888102774871946,1.3080857214985876e-05,1.6235596972559825e-05,3.616e-07,1.66e-06,2.8264e-06,1.2984e-06,1.1664000000000002e-06,0.805107012786882,0.4037099200953712,1.32e-06,0.46665286897984815,3.7884,1.279959041310678,1.8133016869332084,6.641446039049737,0.9057750454419213,0.08842339063382243,0.002193494979850176,0.0006570448073379491,33.0,1.0,5.0,3.0,9.0,9.0,32.0
20260820_161901_9b41a220,15.0,damping_sweep_3,1,0.9929304250867752,5.112e-06,5914.127072291289,2,2,0.34288468586297566,14.67144,3.939698,7.316582,-0.09657965114716327,0.4359114742135733,0.4464822979321336,2.1562275536000435,33.524595840068045,9.967641072645714e-06,0.010943649803206298,4.435399663982516,0.3132778975908788,0.5396974374946858,1.5664396124180086e-05,1.5562574403410088e-05,3.64e-07,2.0128e-06,2.7664e-06,1.6488e-06,7.535999999999999e-07,0.8813138215185236,0.52418532761614,1.3368e-06,0.5146155169941662,3.8366160000000002,1.3199577613516367,1.767284627800059,5.961414080450109,0.9204175461326113,0.07455964811522081,0.0019819990917832194,0.0005966271675690596,33.0,1.0,5.0,3.0,9.0,9.0,32.0
20260820_161904_b21d00d2,15.0,damping_sweep_3,1,0.9902884615873926,5.112e-06,5889.6957222414,2,2,0.3346040737148986,14.67144,3.939698,7.23618,-0.09518263069981761,0.4290574716493548,0.43948839252598554,2.216728234536982,34.40698321080116,9.657811398329201e-06,0.011039646731304599,4.447916229173645,0.30906336951826546,0.530818962544378,1.54536629773045e-05,1.560084642438193e-05,3.64e-07,1.9792e-06,2.908e-06,1.6152e-06,9.287999999999999e-07,0.8578477612187804,0.5254556347848256,1.3416e-06,0.5152285290464363,3.850392,1.3199577613516367,1.7760273002174893,5.9819006657971165,0.9202384714360513,0.07437947488166896,0.0022323852858402715,0.0006492847476774901,33.0,1.0,5.0,3.0,9.0,9.0,32.0
20260820_161904_763913b5,15.0,damping_sweep_3,1,0.9897003047030509,5.112e-06,5878.732739309369,2,2,0.33248333311042433,14.67144,3.939698,7.316582,-0.0970736252279927,0.4273118985649833,0.438199437893427,2.21988539032607,34.70007474274767,9.601244598501562e-06,0.009983680522223289,4.435729574840768,0.3096803988862831,0.5279784850755799,1.5484515432952375e-05,1.573989247488502e-05,3.616e-07,1.9768e-06,2.8984e-06,1.6151999999999998e-06,9.216000000000002e-07,0.86316037621642,0.5197457056899133,1.3392e-06,0.5157309594852433,3.8435040000000003,1.3199577613516367,1.776905963860244,6.000012006475473,0.9200484281773772,0.07467082557378002,0.0021828147734402215,0.0005860591759898158,33.0,1.0,5.0,3.0,9.0,9.0,32.0
20260820_161907_46481a89,10.0,damping_sweep_3,0,0.0,0.0,0.0,0,0,0.0,0.0,3.939698,7.316582,-0.09363896169722569,0.3960251433676267,0.406944921736448,2.307008961632186,40.0513763603045,8.280473433025112e-06,0.008063741960257272,4.462527122602157,0.2744200650033171,0.49717647491563033,1.3721442322269862e-05,1.5302177189605097e-05,3.616e-07,1.6432e-06,2.8528e-06,1.2816e-06,1.2096e-06,0.7960114680950977,0.4298244945729903,1.3488e-06,0.5035176770654536,3.871056,1.1399635211673225,1.794696242283654,6.588219180258928,0.9044366224528522,0.08987887300782847,0.002074492547091998,0.0006867481875201352,33.0,1.0,5.0,3.0,9.0,9.0,32.0
20260820_161910_ef39feb3,10.0,damping_sweep_3,0,0.0,0.0,0.0,0,0,0.0,0.0,3.939698,7.316582,-0.09401716060286071,0.3973327088603668,0.40830443056393734,2.3139327955691122,39.8628848928999,8.335892140919885e-06,0.00902371124124028,4.471305658647282,0.2763046145966946,0.49828611548482177,1.3815672817218086e-05,1.5343063998902903e-05,3.616e-07,1.6864e-06,2.9176e-06,1.3248e-06,1.2311999999999997e-06,0.7890089912745742,0.4340942507110745,1.3488e-06,0.5053211353662387,3.871056,1.1399635211673225,1.817089857124504,6.754433044837245,0.9041508610584358,0.08985169610772861,0.0021267265526985738,0.0007473813187017225,33.0,1.0,5.0,3.0,9.0,9.0,32.0
20260820_161910_d16b8ffb,10.0,damping_sweep_3,0,0.0,0.0,0.0,0,0,0.0,0.0,3.939698,7.316582,-0.09461147316885858,0.397318146532257,0.408427521622882,2.2828279890740273,39.549424701090054,8.340918921815156e-06,0.008543726600748777,4.368942824549086,0.2763419593353356,0.49835820396920805,1.3817540113901717e-05,1.5294007908118753e-05,3.616e-07,1.6672e-06,2.9176e-06,1.3056e-06,1.2503999999999997e-06,0.8137600333804984,0.43548244770881483,1.3488e-06,0.5077405401548888,3.871056,1.1399635211673225,1.8031951050456012,6.638455081122128,0.905611846679822,0.08854487091464901,0.002136811559163239,0.0006636608989824045,33.0,1.0,5.0,3.0,9.0,9.0,32.0
20260820_161915_c4bbd1f7,5.0,damping_sweep_3,0,0.0,0.0,0.0,0,0,0.0,0.0,3.939698,7.316582,-0.0954875053278295,0.45626488573580826,0.466149664409664,1.9644506320184736,28.550081053456527,1.0865123154277526e-05,0.01334357300566382,4.429673308374477,0.35095188345027295,0.5498701069713555,1.754815569552717e-05,1.534509452733158e-05,3.64e-07,2.0608e-06,4.5112e-06,1.6967999999999998e-06,2.4504000000000003e-06,0.9016105702701768,0.3164064569173275,1.7064e-06,0.565078325253021,4.897368,1.159962881187802,1.705050033399237,5.689993570468568,0.9205304574047607,0.07500979123971904,0.0017215991586907549,0.0005166282064839472,33.0,1.0,5.0,3.0,9.0,9.0,32.0
20260820_161917_0a2fcd99,5.0,damping_sweep_3,0,0.0,0.0,0.0,0,0,0.0,0.0,3.939698,7.316582,-0.0950668555246232,0.4516866816384924,0.461582674489557,2.018854271719851,29.01810667801704,1.065326916315124e-05,0.01459153307094173,4.426339294307907,0.34957716752413914,0.5430698819015516,1.7479417699674995e-05,1.5478907920335156e-05,3.592e-07,2.0536e-06,2.7304e-06,1.6944000000000002e-06,6.768e-07,0.9017749808171112,0.4529449174366985,1.704e-06,0.5695814438714533,4.89048,1.159962881187802,1.7195413942905486,5.768943691513655,0.9200166039683731,0.0752921063759107,0.0017966348730472032,0.0005512520476793065,33.0,1.0,5.0,3.0,9.0,9.0,32.0
20260820_161918_f8345a82,5.0,damping_sweep_3,0,0.0,0.0,0.0,0,0,0.0,0.0,3.939698,7.316582,-0.09513246145723336,0.45095751095870573,0.4608826986479132,2.0218592330177527,29.05761498673612,1.0620982956228221e-05,0.013055582221368916,4.380365719346257,0.3491817986074295,0.5421224263828877,1.7459648621249247e-05,1.549580406026009e-05,3.616e-07,2.0488e-06,2.7064e-06,1.6872000000000001e-06,6.575999999999999e-07,0.9012487444000569,0.46083544982381447,1.6992e-06,0.5686003313183576,4.876704,1.159962881187802,1.7040162803186834,5.617456958245969,0.9199563222620623,0.07553866774285396,0.0017784714810830911,0.0005504627508304129,33.0,1.0,5.0,3.0,9.0,9.0,32.0
20260820_161926_5447e5d6,25.0,damping_sweep_6,1,0.9979622289220557,8.6856e-06,5748.48846366593,3,1,0.19434183384361847,24.927672,3.939698,5.869346,-0.09423327426322356,0.27148774488739547,0.2873769399280524,6.5374833868359765,107.5047059417007,4.129407416929535e-06,0.001919938561966017,4.384205557927507,0.17317721614764545,0.35545517748068933,8.659137890928108e-06,1.7254722780913945e-05,3.088e-07,2.4328e-06,1.04416e-05,2.124e-06,8.0088e-06,0.3247552759229192,0.2684755861493654,2.3424e-06,0.3029715580583523,6.722687999999999,1.21996096124924,2.1739494331883877,9.078546219482913,0.877369672602181,0.11252015298450363,0.00390957645315389,0.0010724518795353056,33.0,1.0,5.0,6.0,9.0,9.0,32.0
20260820_161928_97e8ae69,25.0,damping_sweep_6,1,0.9927025660654246,8.6856e-06,5753.0119807316805,3,1,0.19368958935345246,24.927672,3.939698,5.869346,-0.09048601775943169,0.27006327214430215,0.2848190484698093,6.570336116901777,109.09763336794089,4.0562243135869725e-06,0.00335989248344053,4.383340280898476,0.16798061200418288,0.3548033765770314,8.39929936918835e-06,1.7048854716598038e-05,3.088e-07,2.3824e-06,1.04488e-05,2.0736e-06,8.066400000000001e-06,0.3265184981824175,0.267434916627347,2.34e-06,0.29696408248189415,6.7158,1.21996096124924,2.0886074616491546,8.585618039851232,0.877323762584342,0.11366065178471,0.0034727889406609793,0.0010252884030531428,33.0,1.0,5.0,6.0,9.0,9.0,32.0
20260820_161929_713fc84a,25.0,damping_sweep_6,1,0.9972499235609055,8.6856e-06,5735.0933725736895,3,1,0.1916057862036623,24.927672,3.939698,5.869346,-0.09372386349236823,0.27021532430484846,0.2860078391882126,6.626050899794919,109.63291653737292,4.090155084630048e-06,0.0024959201305558222,4.399590488382588,0.17135148593278404,0.35426412700747073,8.567848459016694e-06,1.7313337369965438e-05,3.088e-07,2.3536e-06,1.04296e-05,2.0448e-06,8.075999999999999e-06,0.32005557751554153,0.2822679938238497,2.3424e-06,0.2937760891099232,6.722687999999999,1.21996096124924,2.180839767538159,9.16668818960548,0.8777864786730979,0.11200294248444295,0.0038869828140689925,0.0010999272336371362,33.0,1.0,5.0,6.0,9.0,9.0,32.0
20260820_161933_c0adc420,20.0,damping_sweep_6,1,0.9964197777691324,6.888e-06,5751.49316984567,2,2,0.17486808767532297,19.76856,3.939698,5.869346,-0.09312569175386387,0.2628433469588308,0.27885304284722445,7.094615494860517,120.96239947140099,3.888075389689008e-06,0.004031870980128636,4.373369280696739,0.1676156665179077,0.3446617311937326,8.381051510961813e-06,1.775287846434303e-05,3.064e-07,2.3104e-06,8.6944e-06,2.0039999999999998e-06,6.383999999999999e-06,0.29114623046924826,0.3430154776415575,2.244e-06,0.22946866566428523,6.4402800000000004,1.279959041310678,2.167806790428254,9.02947938511004,0.8745590073109595,0.11554597267007169,0.003839536026182991,0.0010710383755015043,33.0,1.0,5.0,6.0,9.0,9.0,32.0
20260820_161935_20cca056,20.0,damping_sweep_6,1,0.9987804201688875,6.9312e-06,5749.597728289054,2,2,0.17968828216988328,19.892543999999997,3.939698,5.869346,-0.09438378199097629,0.2648927936164267,0.28120542386809505,6.88495981864989,116.52428364099515,3.95395104302641e-06,0.00335989248344053,4.379760962338382,0.17303722828536303,0.3454615320677019,8.652138273833408e-06,1.7838872527245304e-05,3.064e-07,2.3104e-06,8.6512e-06,2.0039999999999998e-06,6.3407999999999995e-06,0.3014833705436268,0.3410040974369494,2.22e-06,0.23817722440462086,6.3714,1.279959041310678,2.204225163040383,9.218495254211813,0.8764447752285232,0.11329238205610452,0.003877584114203496,0.0011272534371201991,33.0,1.0,5.0,6.0,9.0,9.0,32.0
20260820_161936_82d9cdcb,20.0,damping_sweep_6,1,0.9978013405864395,6.9312e-06,5748.975533759433,2,2,0.1803708794093224,19.892543999999997,3.939698,5.788944,-0.09420240088317174,0.26533124639915207,0.2815577430082173,6.897789509182458,116.09130982221397,3.963864972014304e-06,0.0051838341173082465,4.363827390699052,0.17342776151199873,0.34589714649199393,8.671665560018355e-06,1.773754575814674e-05,3.064e-07,2.2888e-06,8.5864e-06,1.9824e-06,6.2976e-06,0.3028151870406273,0.3508845488843203,2.2248e-06,0.24042333079595424,6.3851759999999995,1.279959041310678,2.2017343736734136,9.26007315361379,0.8772988073797399,0.11262442051213914,0.0037596356891164417,0.0011077261186926539,33.0,1.0,5.0,6.0,9.0,9.0,32.0
20260820_161938_9738cc75,15.0,damping_sweep_6,1,0.9787849202883192,5.2488e-06,5721.9475440596925,2,3,0.1996995983696389,15.064055999999999,3.939698,5.788944,-0.09363896169722567,0.28065002670588196,0.29585924463796426,5.8520299415370385,94.2402589725366,4.376774684195559e-06,0.0021119324181626186,4.362332600193536,0.18240633531989545,0.36479342571732604,9.120608616131284e-06,1.670992661260165e-05,3.088e-07,1.8304e-06,2.4736e-06,1.5216e-06,6.431999999999998e-07,0.19829229603921789,1.8117184148264924,2.3424e-06,0.3200111907230151,6.722687999999999,1.21996096124924,2.109777534239366,8.696615817735344,0.8823462754059879,0.10815257198444173,0.0037850414444734297,0.0009424042632931647,33.0,1.0,5.0,6.0,9.0,9.0,32.0
20260820_161941_15908063,15.0,damping_sweep_6,1,0.9858230880594935,5.2488e-06,5739.42968270831,3,3,0.1948083815523782,15.064055999999999,3.939698,5.869346,-0.09334180541422672,0.27445334277149736,0.2898919281325998,6.220453056458113,101.94565472774627,4.2020009595498145e-06,0.00335989248344053,4.365906262063771,0.17690935357207543,0.35792964829613017,8.845750733569486e-06,1.691255422213576e-05,3.088e-07,1.8496e-06,2.5696e-06,1.5408000000000001e-06,7.199999999999999e-07,0.1549999155296314,2.1739560539221543,2.3376e-06,0.3060741114157244,6.708912,1.21996096124924,2.1236370759026375,8.823372068052612,0.8817795512432706,0.10855395071286283,0.00388409520530839,0.0009667359460816831,33.0,1.0,5.0,6.0,9.0,9.0,32.0
20260820_161941_36473374,15.0,damping_sweep_6,1,0.9890390934852039,5.2488e-06,5737.219312070872,3,3,0.19425150935097638,15.064055999999999,3.939698,5.869346,-0.09379718776999134,0.27409322196083197,0.2896981304020254,6.245638739969831,102.26173414663815,4.1963846179322595e-06,0.0047998464049150424,4.373173512653994,0.1776600521998991,0.3571261657753524,8.883286866078475e-06,1.7049674422214634e-05,3.064e-07,1.8472e-06,2.4664e-06,1.5408000000000001e-06,6.191999999999997e-07,0.1509412295268538,2.257592998415577,2.34e-06,0.30647838339740757,6.7158,1.21996096124924,2.1495766629581388,9.006342192194566,0.8817427461277999,0.10847440357028999,0.0038659808837386666,0.0009336971794255876,33.0,1.0,5.0,6.0,9.0,9.0,32.0
20260820_161948_1a99a147,10.0,damping_sweep_6,0,0.0,0.0,0.0,0,0,0.0,0.0,3.939698,5.869346,-0.0939245404627052,0.26344790753038766,0.27969022021384665,7.043426136285624,119.54240392192125,3.911456126754354e-06,0.00451185562062014,4.382289214985995,0.1701242602329539,0.3445868498083009,8.506485210464067e-06,1.7450948354631025e-05,3.088e-07,2.3584e-06,5.2408e-06,2.0496000000000002e-06,2.8823999999999997e-06,0.28303944251443647,0.37765546087380697,2.2656e-06,0.2424586276376501,6.502272,1.1399635211673225,2.2255661183278184,9.486073988788538,0.8764040888217137,0.11291726128696886,0.004117779061788921,0.001124546463389211,33.0,1.0,5.0,6.0,9.0,9.0,32.0
20260820_161950_799648b9,10.0,damping_sweep_6,0,0.0,0.0,0.0,0,0,0.0,0.0,3.939698,5.869346,-0.09388980791014687,0.2646992911117729,0.2808576342997986,6.957680729653444,117.6699602655726,3.944176746841161e-06,0.006431794182586157,4.395462647491089,0.1730209868414543,0.3450512716344123,8.651326175651663e-06,1.745471052899533e-05,3.088e-07,2.3536e-06,5.2144e-06,2.0448e-06,2.8608000000000006e-06,0.2900006715910163,0.3807691016884332,2.2463999999999998e-06,0.2520981524275309,6.447168,1.1399635211673225,2.239663550068103,9.49585543248047,0.8755115263278269,0.11348596334864117,0.004220360133021214,0.0011918902427707112,33.0,1.0,5.0,6.0,9.0,9.0,32.0
20260820_161951_5b615c3e,10.0,damping_sweep_6,1,0.9977734467681084,3.3264e-06,5812.992610140147,2,2,0.17559091505208238,9.546768,3.939698,5.869346,-0.09471952999904001,0.2647793688841003,0.2812114925636957,6.88159352868807,116.27835653972468,3.954121705340755e-06,0.0068157818949793605,4.367490347676579,0.17406471157875056,0.3448796565624007,8.703514082476054e-06,1.7472718982506295e-05,3.064e-07,2.3656e-06,5.2624e-06,2.0591999999999997e-06,2.8968e-06,0.289051819507004,0.3879602769620387,2.2536e-06,0.2515899235724443,6.467832,1.1399635211673225,2.22817998471556,9.545893208564731,0.8774682924037782,0.11216973816006831,0.003840502680468888,0.0010653731506512964,33.0,1.0,5.0,6.0,9.0,9.0,32.0
20260820_161954_2348eb01,5.0,damping_sweep_6,0,0.0,0.0,0.0,0,0,0.0,0.0,3.939698,5.869346,-0.09478899510415664,0.2701067216866276,0.2862561697032102,6.528616171658116,107.51541423440419,4.0972608428091636e-06,0.009119708169338582,4.418843964933124,0.18764825119977763,0.34603410677737295,9.3827127971908e-06,1.7450337577150238e-05,3.064e-07,2.3656e-06,5.3488e-06,2.0591999999999997e-06,2.9832000000000005e-06,0.2952125191673255,0.34494557875160714,2.3232e-06,0.25637674946414946,6.667584,1.1399635211673225,2.18660695532924,9.296918050767166,0.8808413139721173,0.10880169618010475,0.003924821954056319,0.0011214452784736805,33.0,1.0,5.0,6.0,9.0,9.0,32.0
20260820_161957_a3206c55,5.0,damping_sweep_6,0,0.0,0.0,0.0,0,0,0.0,0.0,3.939698,5.869346,-0.09602007113372371,0.27101726771217644,0.2875242832504741,6.524759159399035,107.12705315339385,4.1336429452764766e-06,0.007487760391667466,4.366762245921479,0.18959447974171095,0.34673693080075874,9.480027338253134e-06,1.7516638723079286e-05,3.064e-07,2.3824e-06,5.1928e-06,2.0759999999999997e-06,2.8104e-06,0.2972456990284831,0.37224954566885754,2.3064e-06,0.2537570444645726,6.619368000000001,1.1399635211673225,2.1876698255186757,9.27146142969665,0.881288439785073,0.10845485387093458,0.0037807481364865083,0.0011599146223493866,33.0,1.0,5.0,6.0,9.0,9.0,32.0
20260820_161957_9a53aacf,5.0,damping_sweep_6,0,0.0,0.0,0.0,0,0,0.0,0.0,3.939698,5.869346,-0.09427572516079484,0.2712460322810915,0.28716253652387985,6.488848495672041,106.61953829610839,4.123248058857244e-06,0.00566381875779975,4.330058156112372,0.18860709009214685,0.3471539441349635,9.43065627595149e-06,1.7412285583086122e-05,3.064e-07,2.4088e-06,5.2024e-06,2.1024e-06,2.7936000000000002e-06,0.30070659615621903,0.36149726954546035,2.3232e-06,0.256910535482408,6.667584,1.1399635211673225,2.1565175780024295,9.050821859438972,0.8807730872876774,0.1089851640430152,0.003919484049127551,0.0011852986874018347,33.0,1.0,5.0,6.0,9.0,9.0,32.0
20260820_162005_47eb92e2,25.0,damping_sweep_12,1,0.996312993073663,8.7552e-06,5728.902338146416,2,2,0.1613182562330895,25.127424,3.939698,5.869346,-0.08925494172986462,0.24546710150601875,0.26119062491783207,8.912980279234057,158.92481358519166,3.411136280116454e-06,0.0022079293462609196,4.2309200356121135,0.14206442604629788,0.3291422829368707,7.103448605396567e-06,1.8203866952075764e-05,1.456e-07,2.9776e-06,2.9776e-06,2.832e-06,0.0,0.14103605950485207,0.9999983241536923,2.7552e-06,0.08387426155430805,7.907424,1.3199577613516367,2.2785677746956896,9.036995501336138,0.8243772711908278,0.16590683965456549,0.003769517131569954,0.0010291161186437715,33.0,1.0,5.0,12.0,9.0,9.0,32.0
20260820_162007_f10d3b96,25.0,damping_sweep_12,1,0.9911673417574955,8.46e-06,5791.9046434422235,2,1,0.16306422181070107,24.2802,3.939698,5.869346,-0.08946719621772102,0.24529180406566428,0.2610985414376121,8.941280176441783,159.0902906544873,3.408731492959767e-06,0.0023039262743592206,4.227784389471352,0.14258713054676678,0.3287105349827599,7.129584666747214e-06,1.8124973707505367e-05,1.408e-07,2.9344e-06,2.9344e-06,2.7936e-06,0.0,0.14545460493283743,0.9999983738564341,2.7648e-06,0.08651542059478148,7.934976,1.3199577613516367,2.2722570466505,9.024432802087903,0.8248315129546818,0.16573146494110452,0.0037230253100477284,0.0009467385350038771,33.0,1.0,5.0,12.0,9.0,9.0,32.0
20260820_162008_b3702472,25.0,damping_sweep_12,1,0.9960041623043336,8.82e-06,5729.688915541033,2,2,0.16006537424657852,25.3134,3.939698,5.869346,-0.09144309254103868,0.24504372244592926,0.26154973730368486,8.978764010180845,159.34503397746852,3.4205227074054624e-06,0.0018239416338677163,4.188479374928848,0.14465112470159078,0.32799024414135697,7.232787676879062e-06,1.8271720748705854e-05,1.528e-07,2.8888e-06,2.8888e-06,2.736e-06,0.0,0.15370075373089417,0.9999984466588648,2.7576e-06,0.08746489649094771,7.914312,1.3199577613516367,2.341883352371312,9.435846804035943,0.8260088580037522,0.16389272403075061,0.0036135586345635274,0.001096568354886952,33.0,1.0,5.0,12.0,9.0,9.0,32.0
20260820_162017_caed42ee,20.0,damping_sweep_12,1,0.996102450791688,6.7488e-06,5765.227104113281,2,1,0.15928310143549296,19.369056,3.939698,5.869346,-0.08990328271095323,0.24526201614223792,0.2612203223418135,8.998220196619725,159.756471271626,3.411912017908935e-06,0.0018239416338677163,4.225942790242907,0.1423157653361946,0.32890947854496955,7.116015972034268e-06,1.8302933611571694e-05,2.32e-07,2.8744e-06,2.8744e-06,2.6424e-06,0.0,0.15620349956315843,0.9999984850968577,2.7144e-06,0.07486124319508107,7.790327999999999,1.279959041310678,2.292757870653539,9.225109126398376,0.8250492219617972,0.16530412480712223,0.003644118111608987,0.0010095427242287972,33.0,1.0,5.0,12.0,9.0,9.0,32.0
20260820_162019_a4dbdf3d,20.0,damping_sweep_12,1,0.9944195847437609,6.84e-06,5774.578138247749,2,1,0.15827855932047993,19.6308,3.939698,5.869346,-0.09137362743592203,0.24500378697744618,0.26148804069036985,8.988762668272434,159.79094756265965,3.418909172797104e-06,0.001343956993376212,4.2081509164105695,0.14404935139864342,0.3281709851355283,7.2026980488944086e-06,1.831792787757142e-05,1.432e-07,2.896e-06,2.896e-06,2.7527999999999997e-06,0.0,0.14685448819740504,0.9999983818429731,2.7e-06,0.07386965949018896,7.749,1.3599564813925955,2.359665679007865,9.6076357159217,0.82445873777062,0.1654074827928207,0.0035575775992372437,0.001081682913168647,33.0,1.0,5.0,12.0,9.0,9.0,32.0
20260820_162020_0b7ca254,20.0,damping_sweep_12,1,0.9914498106235579,6.84e-06,5800.064714503404,2,1,0.1590233708897173,19.6308,3.939698,5.869346,-0.09149712095612939,0.24551187772773547,0.26200726182428435,8.924756050353743,158.79154315899305,3.4325000989213524e-06,0.0029759047710473264,4.198817638291985,0.14416772091824526,0.3289184459847162,7.208616714265732e-06,1.832411257361068e-05,1.432e-07,2.9008e-06,2.9008e-06,2.7575999999999997e-06,0.0,0.14644289272373778,0.9999983736879557,2.688e-06,0.0758896942482613,7.71456,1.279959041310678,2.35382314702918,9.648207863853425,0.8237349351449552,0.16643392424915057,0.0035573083702826608,0.0009617669403215905,33.0,1.0,5.0,12.0,9.0,9.0,32.0
20260820_162025_79ee21f4,15.0,damping_sweep_12,1,0.9861579017795513,5.2416e-06,5789.906349915775,2,1,0.14788502154030106,15.043391999999999,3.939698,5.869346,-0.0900808046462513,0.2442154458010965,0.26029931873430706,9.035415974643364,161.48310180881265,3.387895175853753e-06,0.001343956993376212,4.217045800680144,0.1406402293938215,0.32811801942677665,7.0322364940581046e-06,1.825355545186674e-05,1.408e-07,2.9536e-06,2.9536e-06,2.8128e-06,0.0,0.10848338309968902,0.9999978141144987,2.7408e-06,0.05594133793087731,7.866096,1.3599564813925955,2.309033930567794,9.281775877675166,0.8235282431549708,0.16666956389135748,0.0036696490992691993,0.0010218800266102227,33.0,1.0,5.0,12.0,9.0,9.0,32.0
20260820_162027_21c2baba,15.0,damping_sweep_12,1,0.9738845389819809,5.04e-06,5766.685773425016,2,2,0.15054975549963528,14.4648,3.939698,5.869346,-0.08995731112604395,0.24486868055856417,0.26086967731708494,9.000230014266004,160.7910511909777,3.4027583119576706e-06,0.0008639723528847077,4.215042149618995,0.14184515956994173,0.3285390737988661,7.092484930752399e-06,1.8257155604786497e-05,1.408e-07,2.932e-06,2.932e-06,2.7912e-06,0.0,0.12016725746332071,0.9999980257098982,2.7528e-06,0.06563481132697291,7.900536,1.279959041310678,2.3338366781811035,9.444337838161674,0.8249912908239609,0.16498111580974992,0.003693312663997239,0.001085691639701677,33.0,1.0,5.0,12.0,9.0,9.0,32.0
20260820_162028_85a59b2a,15.0,damping_sweep_12,1,0.991505606116613,5.2416e-06,5743.183382306847,2,2,0.1492054036849665,15.043391999999999,3.939698,5.869346,-0.09260084429298263,0.24485325973400807,0.26177859951902643,8.990134127337313,159.95559676506315,3.4265114031634076e-06,0.0009599692809830085,4.197881558878055,0.14455174806162305,0.3280775116312694,7.227818685878052e-06,1.8393719832305086e-05,1.432e-07,2.9416e-06,2.9416e-06,2.7983999999999998e-06,0.0,0.12668360414903043,0.9999981196075952,2.7479999999999998e-06,0.06947784923291685,7.88676,1.279959041310678,2.39848052996143,9.773941286136006,0.8266679291701342,0.16273353645812366,0.003582209143273716,0.001239519073410267,33.0,1.0,5.0,12.0,9.0,9.0,32.0
20260820_162032_715adcd1,10.0,damping_sweep_12,1,0.9974045163834042,3.168e-06,5807.177362401216,2,2,0.10385970197053411,9.09216,3.939698,5.869346,-0.08859888240376307,0.24430269989469314,0.2598722207913581,9.10122540253251,162.3293120789914,3.376786610665441e-06,0.0023999232024575212,4.2310618991899585,0.1393270872375176,0.3284032136368071,6.96657728521546e-06,1.8039166119433653e-05,2.344e-07,2.7712e-06,2.7712e-06,2.5368e-06,0.0,0.107323525162109,0.9999977978107777,2.6808e-06,0.05749311407902168,7.693896,1.2999584013311574,2.2725060125509864,9.092288754308788,0.8217424612865065,0.16889093369899236,0.0036866167713765605,0.0009006763000645302,33.0,1.0,5.0,12.0,9.0,9.0,32.0
20260820_162035_3f264a7f,10.0,damping_sweep_12,0,0.0,0.0,0.0,0,0,0.0,0.0,3.939698,5.869346,-0.08866062916386674,0.24417230697473133,0.2597707116999435,9.139840894919152,162.98282019574242,3.374149102171008e-06,0.0022079293462609196,4.265789809399049,0.1395649690457305,0.3281235611475628,6.978471756236999e-06,1.8110424223468265e-05,2.344e-07,2.896e-06,2.896e-06,2.6616e-06,0.0,0.11571038992258376,0.9999979740570628,2.6928e-06,0.05731259592392246,7.728336,1.3199577613516367,2.29977566120973,9.26930549618802,0.8223186479887771,0.1680474916567869,0.0037335012844666895,0.0009355262820964747,33.0,1.0,5.0,12.0,9.0,9.0,32.0
20260820_162035_9b727adf,10.0,damping_sweep_12,0,0.0,0.0,0.0,0,0,0.0,0.0,3.939698,5.869346,-0.08909671565709897,0.2447467615887867,0.2604595977288615,9.057785401233156,161.9037918989516,3.3920686451772965e-06,0.001439953921474513,4.219573812438301,0.13996114211560245,0.3289302450313489,6.998281043607508e-06,1.8130261208407207e-05,1.432e-07,2.9392e-06,2.9392e-06,2.796e-06,0.0,0.1120166736377599,0.999997884331023,2.6832e-06,0.05894567186108895,7.700784,1.2999584013311574,2.27298935139129,9.025003124835749,0.8226320822551597,0.1680516664856995,0.003515720698683125,0.0009404915997957699,33.0,1.0,5.0,12.0,9.0,9.0,32.0
20260820_162039_4320082c,5.0,damping_sweep_12,0,0.0,0.0,0.0,0,0,0.0,0.0,3.939698,5.869346,-0.09278994374580012,0.24663484857615067,0.2635122809140582,8.931878563821833,158.03821927871178,3.4720472115819843e-06,0.0017279447057694155,4.263322855194607,0.1484533423303832,0.3290557732259075,7.422904641866889e-06,1.830881228240188e-05,2.344e-07,2.728e-06,3.3952e-06,2.4936e-06,6.672000000000002e-07,0.13866187447327333,0.6231122953733941,2.5464e-06,0.06357775542325433,7.308167999999999,1.159962881187802,2.4400432374925063,10.083556650189315,0.8201948358325427,0.16882128617895395,0.0038204266481801866,0.0011802991501834185,33.0,1.0,5.0,12.0,9.0,9.0,32.0
20260820_162041_fb096393,5.0,damping_sweep_12,0,0.0,0.0,0.0,0,0,0.0,0.0,3.939698,5.869346,-0.09228439214745127,0.2464564795731761,0.26316763736756826,8.925698581415238,157.7629197668582,3.462971079409968e-06,0.001919938561966017,4.219865617142479,0.147829643850746,0.32892484779018577,7.391718719967462e-06,1.81779342786236e-05,1.408e-07,2.7256e-06,3.3952e-06,2.5848e-06,6.696000000000003e-07,0.14033865270431822,0.6412090206355147,2.5488e-06,0.06386196340805166,7.315056,1.159962881187802,2.4145513274209454,9.969334302118291,0.8191710714789322,0.17019060318506074,0.003723332475554094,0.0011642412504341074,33.0,1.0,5.0,12.0,9.0,9.0,32.0
20260820_162042_a471a774,5.0,damping_sweep_12,0,0.0,0.0,0.0,0,0,0.0,0.0,4.0201,5.9497480000000005,-0.0925661117404243,0.24604644392705194,0.2628827449869783,9.010144948932048,158.95159878434495,3.4554774523346108e-06,0.0018239416338677163,4.234496711422939,0.14797303056708236,0.3283266570486969,7.3988882852030255e-06,1.820944327930313e-05,1.456e-07,2.7712e-06,3.4e-06,2.6256e-06,6.288000000000002e-07,0.1387033620724332,0.6626343264614428,2.5392e-06,0.06280244609544386,7.287504,1.159962881187802,2.4167736177549566,9.873041909627618,0.817936559479293,0.17131408154004732,0.003718430953066153,0.0011439217683472714,33.0,1.0,5.0,12.0,9.0,9.0,32.0
20260820_162408_982576dd,25.0,pulse_energy_sweep_HZ4,1,0.9950582105281428,8.748e-06,5743.255009150932,4,2,0.1023115348053318,25.106759999999998,3.859296,5.788944,-0.09330321368916193,0.248570455386365,0.26550472872570513,5.429016314425823,104.83235477448815,3.5247508372030744e-06,0.005375827973504848,4.2301101848393055,0.17306112006997748,0.3199758994942091,8.653332901290986e-06,1.8912440992921187e-05,-6.8e-08,7.048e-07,5.5816e-06,7.728e-07,4.8768000000000005e-06,2.0907858730527913,0.13662370589672598,4.8768e-06,0.055927366409634305,13.996416,1.4999520015359507,2.332512808128209,9.492003679015143,0.8000609713254447,0.18984177354511567,0.003482390149597922,0.001326797185398966,33.0,1.0,5.0,12.0,9.0,9.0,32.0
20260820_162411_79d26355,25.0,pulse_energy_sweep_HZ4,1,0.9929782748193267,8.748e-06,5740.051891783773,4,2,0.10277055479239053,25.106759999999998,3.859296,5.788944,-0.09292115561102045,0.2482583773282757,0.26507840929384646,5.421930603196911,104.54428547885749,3.5134405801887168e-06,0.005375827973504848,4.234323805278226,0.17268735817883346,0.31957838920581827,8.634644208714758e-06,1.8948222490662137e-05,-4.4e-08,7.048e-07,5.5504e-06,7.488e-07,4.8456e-06,2.129017076588476,0.1347418518947074,4.8792e-06,0.053382015574761285,14.003304,1.4999520015359507,2.329844716852286,9.516079333241839,0.8011535100040706,0.18875304539467355,0.0034160921551595496,0.0013876396846388885,33.0,1.0,5.0,12.0,9.0,9.0,32.0
20260820_162411_932a2ec7,25.0,pulse_energy_sweep_HZ4,1,0.9948790306615204,8.748e-06,5742.0564538148865,4,2,0.10279821665591125,25.106759999999998,3.859296,5.788944,-0.09292115561102045,0.2488937368334448,0.26567354666018883,5.424727735613076,104.61954265363318,3.529234601643609e-06,0.0051838341173082465,4.262131597496326,0.17319402814234844,0.3202932510566913,8.65997851756245e-06,1.8978242102337205e-05,-5.36e-08,7.024e-07,5.5912e-06,7.56e-07,4.8888e-06,2.1065626700503595,0.13040084858309572,4.8768e-06,0.05380643789208444,13.996416,1.4999520015359507,2.3347487669326936,9.470793704473484,0.8000760518057907,0.18969826281158886,0.003397079192947303,0.0014632627420535327,33.0,1.0,5.0,12.0,9.0,9.0,32.0
20260820_162436_acfa7059,20.0,pulse_energy_sweep_HZ4,1,0.9967453212185545,6.912e-06,5759.833262355391,2,2,0.10329161956356529,19.83744,3.859296,5.788944,-0.09440693702601516,0.24918029744806008,0.2664648014183819,5.373689567580212,102.54679014263283,3.550288125331517e-06,0.004895843333013344,4.233951203343824,0.1782793494844514,0.3183667370243499,8.914252721181745e-06,1.9072487879430374e-05,-8.24e-08,7.048e-07,5.5744e-06,7.872000000000001e-07,4.8696e-06,2.1371868988386673,0.13676732690103002,4.8744e-06,0.03262678747969332,13.989528000000002,1.2999584013311574,2.3655599626314787,9.763654878155165,0.8016632380712171,0.18789222801803018,0.0034157730286582945,0.0014051960578488796,33.0,1.0,5.0,12.0,9.0,9.0,32.0
20260820_162439_78d83d42,20.0,pulse_energy_sweep_HZ4,1,0.996555866633646,6.912e-06,5759.062924236743,2,2,0.10356995142979407,19.83744,3.859296,5.788944,-0.09436062695593742,0.24988420782999507,0.26710680493454625,5.2988530772447,101.73690718376479,3.5674164157894752e-06,0.006239800326389555,4.233760912942627,0.1781591392380647,0.3195143557167022,8.908242016526016e-06,1.909137187610405e-05,-3.44e-08,7.048e-07,5.548e-06,7.392000000000001e-07,4.8432e-06,2.104794606598836,0.13256877146503074,7.9128e-06,0.13711458057172327,22.709736,1.2999584013311574,2.352751077283423,9.687280836878113,0.8031975175452346,0.18639190379350648,0.0034957069033353665,0.0013610500076705913,33.0,1.0,5.0,12.0,9.0,9.0,32.0
20260820_162439_932b1cff,20.0,pulse_energy_sweep_HZ4,1,0.9969584057141511,6.912e-06,5760.761886771261,2,2,0.10429673812848267,19.83744,3.939698,5.869346,-0.09409820322549678,0.25013204880055395,0.2672461668339316,5.419968710914129,103.33576295736611,3.571139957193379e-06,0.0049918402611116445,4.290511740528329,0.17806337781497972,0.3198855197866923,8.90345379215349e-06,1.9090230861295374e-05,-2.72e-08,7.024e-07,5.5864e-06,7.296000000000001e-07,4.884e-06,2.1599819231384356,0.13133096984883902,4.8912e-06,0.03198695943556283,14.037744,1.2999584013311574,2.345599926774718,9.572559330841845,0.8002210510636075,0.1894079961254262,0.003404377368874392,0.0014656439375084556,33.0,1.0,5.0,12.0,9.0,9.0,32.0
20260820_162443_99730c54,15.0,pulse_energy_sweep_HZ4,1,0.9544532301645103,5.4312e-06,5871.694717110745,2,3,0.12289750393779025,15.587544,3.859296,5.788944,-0.09495108034942881,0.25809533903372284,0.2750071120724989,4.846977103466585,89.3400748837615,3.7815665907815036e-06,0.00902371124124028,4.245510865016613,0.19792944598667372,0.32111457999977633,9.896788986447264e-06,1.9016657501529915e-05,-8.24e-08,7.024e-07,5.6128e-06,7.848000000000001e-07,4.9104e-06,2.1352104681598836,0.13904647539964085,6.5976e-06,0.12600531407534393,18.935112,1.339957121372116,2.3704076247058987,9.79726686767453,0.8083117546989718,0.1811387380010578,0.003430699499965967,0.001405713589395652,33.0,1.0,5.0,12.0,9.0,9.0,32.0
20260820_162446_4b2b8c13,15.0,pulse_energy_sweep_HZ4,1,0.9556747916182009,5.4312e-06,5838.519113276934,2,2,0.12097638191591346,15.587544,3.859296,5.788944,-0.09522894076989535,0.25614743493895376,0.27327652585972656,5.0156184605019885,92.27193605950167,3.7341224673934267e-06,0.00566381875779975,4.217429973799933,0.19496608897226636,0.31988479744865966,9.748616394355674e-06,1.9048895185841945e-05,-4.4e-08,7.048e-07,5.6344e-06,7.488e-07,4.929599999999999e-06,2.12910786571125,0.13936447009594288,6.5424e-06,0.12319497747821813,18.776688,1.339957121372116,2.3613995931564786,9.677584320394484,0.8074338266875509,0.1821971896515647,0.0033210674134092864,0.0014132787231788384,33.0,1.0,5.0,12.0,9.0,9.0,32.0
20260820_162446_e41a1af0,15.0,pulse_energy_sweep_HZ4,1,0.9537118551981377,5.4312e-06,5838.5383918649895,2,2,0.12065093088543118,15.587544,3.859296,5.788944,-0.09454586723624843,0.2566319890455205,0.2734938734467638,4.94671651895528,91.94903883825246,3.7400646188838236e-06,0.006047806470192954,4.228720467249072,0.19412762545017584,0.32097190175678925,9.706691876709512e-06,1.8960589943739376e-05,-4.4e-08,7.048e-07,5.6344e-06,7.488e-07,4.929599999999999e-06,2.1186069124855202,0.1388528740459548,6.096e-06,0.12041161818495984,17.49552,1.339957121372116,2.366347053595889,9.727554699143004,0.8059589781005311,0.18337061267961485,0.0035512419259627463,0.001437462234732343,33.0,1.0,5.0,12.0,9.0,9.0,32.0
20260820_162450_d388240b,10.0,pulse_energy_sweep_HZ4,1,0.998128814513712,3.1968e-06,5725.887370357687,3,3,0.119598889783547,9.174816,3.859296,5.788944,-0.09393611798022461,0.26056063870499674,0.27697624573878266,4.6990489595531635,86.10894423751165,3.835914780522652e-06,0.009887683594124988,4.233347695213492,0.1997923096522097,0.3236291864353065,9.989935150305928e-06,1.8744707816309337e-05,-5.6e-08,7.048e-07,5.8192e-06,7.608e-07,5.1144e-06,2.102132464967253,0.10810489861495855,7.7808e-06,0.15025378664378478,22.330896,1.4399539214745127,2.311543804245438,9.559458480663764,0.8133511442515574,0.1764210761189652,0.0032546398311083793,0.0014213846880359784,33.0,1.0,5.0,12.0,9.0,9.0,32.0
20260820_162453_54f80e20,10.0,pulse_energy_sweep_HZ4,1,0.9982922943591805,3.0192e-06,5712.600401560665,2,4,0.12222568432195943,8.665104,3.859296,5.788944,-0.09453428971872899,0.26487250656857303,0.28123686932645114,4.500253787604689,80.51196125413614,3.9548353841098376e-06,0.009695689737928385,4.255136292576023,0.2085712599646649,0.32526738450254883,1.0428896712249189e-05,1.87745134435915e-05,-7.28e-08,7.024e-07,5.8912e-06,7.752e-07,5.188799999999999e-06,2.1442906914848785,0.12096035415601936,7.7568e-06,0.16457741762543066,22.262016,1.4399539214745127,2.299659523948564,9.518365082479901,0.8203959091334696,0.1694336238426667,0.0031540739511144956,0.0014472491581812236,33.0,1.0,5.0,12.0,9.0,9.0,32.0
20260820_162453_c7a0958b,10.0,pulse_energy_sweep_HZ4,1,0.998305826707808,3.0192e-06,5698.36224007313,2,4,0.12245357722936014,8.665104,3.859296,5.788944,-0.09405961150043197,0.2650666112810314,0.2812605890124345,4.500295731032464,80.61166422859051,3.9555025186113694e-06,0.007775751175962369,4.234653847766522,0.20814166620974195,0.32572149292200553,1.0407416337153033e-05,1.8722982348857476e-05,-8e-08,7.048e-07,5.8912e-06,7.848e-07,5.1864e-06,2.122919755792469,0.12809967559012597,7.752e-06,0.16304747005580006,22.24824,1.4399539214745127,2.288268516419272,9.393222445985423,0.8199524341786713,0.16988176673261396,0.0032962250564294946,0.001367405793491029,33.0,1.0,5.0,12.0,9.0,9.0,32.0
20260820_162501_ba2b50a7,5.0,pulse_energy_sweep_HZ4,0,0.0,0.0,0.0,0,0,0.0,0.0,3.939698,5.869346,-0.09532156091005088,0.26024961641643723,0.2771571085489803,4.758142986263039,87.05991655216134,3.840926046662074e-06,0.012863588365172315,4.260589684547523,0.20591536778049072,0.31967886707145243,1.0296097853612983e-05,1.9129636511712633e-05,-4.16e-08,7.024e-07,5.5984e-06,7.44e-07,4.895999999999999e-06,2.1386086264814543,0.12002831858139484,6.9048e-06,0.14107181299768903,19.816776,1.159962881187802,2.2976547424932603,9.374210069422857,0.8090854166823956,0.18042956298473592,0.0034955926388531063,0.001475087831179755,33.0,1.0,5.0,12.0,9.0,9.0,32.0
20260820_162504_6eac0c22,5.0,pulse_energy_sweep_HZ4,0,0.0,0.0,0.0,0,0,0.0,0.0,3.859296,5.788944,-0.09564573140059517,0.25985019308397567,0.2768938944450279,4.790996108471055,86.90457840489594,3.8336341114127615e-06,0.013247576077565519,4.253181824402768,0.2059281621166478,0.31911501015000027,1.0296737590891777e-05,1.910669635625426e-05,-2.96e-08,7.024e-07,5.5912e-06,7.32e-07,4.8888e-06,2.140799505061848,0.11968711758002903,6.9096e-06,0.14324330108765596,19.830552,1.159962881187802,2.330705454455102,9.720721409188648,0.8103563555039494,0.1791787941104437,0.00338263609756664,0.0014959016724716116,33.0,1.0,5.0,12.0,9.0,9.0,32.0
20260820_162504_bd697ea3,5.0,pulse_energy_sweep_HZ4,0,0.0,0.0,0.0,0,0,0.0,0.0,3.939698,5.869346,-0.09424871095324948,0.2602576419863058,0.2767975067239972,4.754125541685523,86.85756640561446,3.830965573406631e-06,0.011903619084189306,4.224847846976905,0.20563298487422838,0.31955388183558087,1.0281978256487218e-05,1.913216476688982e-05,-6.32e-08,7.048e-07,5.6176e-06,7.68e-07,4.9128e-06,2.109919735754481,0.12245896607594002,6.9096e-06,0.14320057973363248,19.830552,1.159962881187802,2.271962413327639,9.279105767546104,0.8082675314624287,0.18172271122159286,0.0033293540714346053,0.0014600398153850802,33.0,1.0,5.0,12.0,9.0,9.0,32.0
20260820_162525_ac318bc0,25.0,pulse_energy_sweep_HZ2,1,0.8640283757182696,8.7024e-06,6187.275919139095,4,2,0.17629760510600387,24.975887999999998,3.939698,5.869346,-0.09110348536046846,0.2507610984135537,0.2667976265306666,7.944695950237122,142.56828707228038,3.559162565677488e-06,0.004607852548718441,4.373469567979141,0.15269353658482865,0.3328584492949348,7.634921138899967e-06,1.8178817782048443e-05,3.376e-07,3.6088e-06,1.03072e-05,3.2712e-06,6.6984e-06,0.15156052696472222,0.6108575386886556,3.288e-06,0.07825256755011006,9.43656,1.3599564813925955,2.178876771278796,8.998955247238854,0.8756653867958444,0.11441256413542115,0.0039942288510819435,0.0011638839738190528,33.0,1.0,5.0,12.0,9.0,9.0,32.0
20260820_162527_86263501,25.0,pulse_energy_sweep_HZ2,1,0.8128416515060989,8.7024e-06,6490.543830049563,3,3,0.17222770553575878,24.975887999999998,3.939698,5.869346,-0.09363896169722567,0.25057504498012667,0.2674997351672091,8.004043717581123,142.87354149387593,3.5779199054996535e-06,0.003839877123932034,4.375736705593739,0.1550841921200113,0.3321798109435561,7.754457740707957e-06,1.8301650984192187e-05,3.352e-07,3.6016e-06,1.03264e-05,3.2663999999999998e-06,6.7248e-06,0.14948061375138838,0.586275699674088,3.2832e-06,0.07217605960018561,9.422784,1.3599564813925955,2.291843754581997,9.77370029821295,0.8764473922865155,0.11265269328060434,0.004121471357405698,0.001124798259200475,33.0,1.0,5.0,12.0,9.0,9.0,32.0
20260820_162528_12c090da,25.0,pulse_energy_sweep_HZ2,1,0.8118048916787682,8.7024e-06,6491.730097143954,3,3,0.1714032390800034,24.975887999999998,3.939698,5.869346,-0.09336110127675912,0.24982193449192358,0.2666970082038721,8.045414160075943,143.31297621253282,3.5564785129155077e-06,0.004031870980128636,4.4077299840486095,0.15443734285386293,0.3312665472526772,7.722114242441712e-06,1.830422708628864e-05,3.352e-07,3.568e-06,1.0312e-05,3.2327999999999998e-06,6.744e-06,0.1492979127803588,0.6133088031184335,3.2832e-06,0.07279046570832229,9.422784,1.3599564813925955,2.2801291451164434,9.683814907537842,0.8768818583204424,0.11222168731334822,0.004145952968145975,0.0012109765210051397,33.0,1.0,5.0,12.0,9.0,9.0,32.0
20260820_162532_effb957a,20.0,pulse_energy_sweep_HZ2,1,0.9105520575375161,6.9312e-06,6699.29048965709,3,2,0.16714660008127574,19.892543999999997,3.939698,5.869346,-0.09294045147355283,0.2490055628811897,0.26578505952345394,8.15396121006574,146.57555969275782,3.532197920010884e-06,0.003263895555342229,4.368352408099794,0.15134421549602098,0.33134508092258125,7.567452925545843e-06,1.828046580871805e-05,3.352e-07,3.604e-06,8.6536e-06,3.2688e-06,5.0496e-06,0.11570045290579807,0.725606786892752,3.2256e-06,0.05696060708680834,9.257472000000002,1.1399635211673225,2.2467063212006493,9.45215168177644,0.874927031369799,0.11459252887986042,0.00408133065153772,0.0010685641553490033,33.0,1.0,5.0,12.0,9.0,9.0,32.0
20260820_162535_c5cbd402,20.0,pulse_energy_sweep_HZ2,1,0.9159440728499885,6.9312e-06,6692.962131574087,3,2,0.16805996801353945,19.892543999999997,3.939698,5.869346,-0.09143537419602571,0.24947635329945245,0.2657044947116259,8.050973037243061,144.79617552397144,3.530056883703638e-06,0.003263895555342229,4.398807237909911,0.15062890317064614,0.3319555367942517,7.531686164777379e-06,1.8199253962336688e-05,3.352e-07,3.544e-06,8.6488e-06,3.2087999999999997e-06,5.104799999999999e-06,0.1157258340436781,0.7301045236236325,3.228e-06,0.058126491764406124,9.26436,1.279959041310678,2.2511892571452066,9.536041297174425,0.8744813906449176,0.11499199392235374,0.004155886954083341,0.0010597882124356917,33.0,1.0,5.0,12.0,9.0,9.0,32.0
20260820_162535_6f003ff4,20.0,pulse_energy_sweep_HZ2,1,0.9207677746474744,6.9312e-06,6702.315655225867,3,2,0.16875170984345206,19.892543999999997,3.939698,5.869346,-0.09430659854084668,0.24950448303189188,0.266732490674376,8.131075167179514,145.70691297378528,3.5574249130223334e-06,0.0031678986272439284,4.447091914467754,0.15353971315639556,0.3314735274644837,7.677231321360827e-06,1.843631033012566e-05,3.352e-07,3.5392e-06,8.644e-06,3.204e-06,5.104800000000001e-06,0.11501681030427291,0.7173059117357257,3.2327999999999998e-06,0.058771537091701555,9.278136,1.279959041310678,2.33664416018105,9.989465729908689,0.8751067821348884,0.11358737360156283,0.00417182655033011,0.001115432031666149,33.0,1.0,5.0,12.0,9.0,9.0,32.0
20260820_162543_94096fa6,15.0,pulse_energy_sweep_HZ2,1,0.989828110697808,5.0111999999999996e-06,5767.246123360898,3,2,0.16372007385930026,14.382144,3.939698,5.869346,-0.09276678871076124,0.2495699897504412,0.2662533696908686,8.056604454281956,144.96076335502042,3.544656268958112e-06,0.00335989248344053,4.4053364791637755,0.15207398497598007,0.33181007233709947,7.603942567174965e-06,1.819013337428992e-05,3.328e-07,3.5248e-06,3.5248e-06,3.192e-06,0.0,0.1238431031027091,0.9999981670602294,3.2376e-06,0.06544596332360414,9.291912000000002,1.3799558414130746,2.236638891481098,9.353055341699362,0.8756805848751078,0.1137636424918506,0.004098685701162218,0.001143596745779658,33.0,1.0,5.0,12.0,9.0,9.0,32.0
20260820_162545_d21e1121,15.0,pulse_energy_sweep_HZ2,1,0.989396359431553,5.16e-06,5803.412152013499,3,3,0.16790435142797652,14.8092,3.939698,5.869346,-0.09400944225784773,0.25001715999886487,0.26710738575997783,8.032864063064022,143.5139713475965,3.567431930545324e-06,0.0031678986272439284,4.3575526169090715,0.15524770203960905,0.33136736744906353,7.762633498303716e-06,1.8320898724033782e-05,3.352e-07,3.58e-06,3.58e-06,3.2448e-06,0.0,0.13140970118513975,0.9999982536589036,3.2544e-06,0.06597778411251816,9.340128,1.3799558414130746,2.311055792443974,9.924754913102307,0.8760575337747123,0.11304938659084063,0.00398644939830116,0.0011926556797914288,33.0,1.0,5.0,12.0,9.0,9.0,32.0
20260820_162546_4398cf93,15.0,pulse_energy_sweep_HZ2,1,0.9790579181550798,5.16e-06,5858.45124001524,2,3,0.1649417918141927,14.8092,3.939698,5.788944,-0.09427572516079485,0.24961312809239306,0.2668232112666796,8.047131507166991,143.98928815370385,3.559845214934871e-06,0.0031678986272439284,4.361746767439675,0.15510300079832098,0.33089639361632567,7.755398204717326e-06,1.8399480925431448e-05,3.352e-07,3.5776e-06,3.5776e-06,3.2423999999999997e-06,0.0,0.13118096313728972,0.9999982522960075,3.2495999999999998e-06,0.06560166661506703,9.326352,1.3799558414130746,2.3209419724886833,9.912704359396724,0.8757303281357864,0.11317501053214808,0.004122239130178784,0.0011282047207525662,33.0,1.0,5.0,12.0,9.0,9.0,32.0
20260820_162551_0e602f34,10.0,pulse_energy_sweep_HZ2,1,0.983114192270898,3.8304e-06,4837.905630793418,3,3,0.17132241176939758,10.993248,4.0201,5.9497480000000005,-0.0920875743496208,0.25468869723432336,0.27082550442769193,7.656928117175749,134.25578806654545,3.6674400467518464e-06,0.004223864836325237,4.40343422347795,0.16396863379783427,0.3337295327885223,8.19869403970579e-06,1.7989781429945775e-05,3.328e-07,3.6616e-06,5.0752e-06,3.3288e-06,1.4136000000000003e-06,0.16304206431617094,0.689016117016413,3.4296e-06,0.08899133731428907,9.842952,1.3599564813925955,2.2265157621546128,9.359739489357574,0.8760552166506788,0.11365884587784213,0.003966696373586163,0.0011371039316174529,33.0,1.0,5.0,12.0,9.0,9.0,32.0
20260820_162553_cd7e7c47,10.0,pulse_energy_sweep_HZ2,1,0.9792894388105613,3.8304e-06,4057.3330355068247,2,4,0.16875674116821746,10.993248,3.939698,5.869346,-0.09184444648171258,0.25442243573401985,0.27049247337839855,7.665238955853099,134.50203792055052,3.658425973603229e-06,0.003455889411538831,4.447639312854272,0.1637486940732838,0.33336282064372325,8.187696701574707e-06,1.7911740810190205e-05,3.352e-07,3.6448e-06,5.092e-06,3.3095999999999996e-06,1.4471999999999999e-06,0.15496871061095582,0.6649018774927982,3.4272e-06,0.08847751416994891,9.836064,1.1399635211673225,2.250330127589429,9.476216498596548,0.8751186375565088,0.11439464410801316,0.0038911698193759437,0.0011250196708993665,33.0,1.0,5.0,12.0,9.0,9.0,32.0
20260820_162554_0d4c9aa8,10.0,pulse_energy_sweep_HZ2,0,0.0,0.0,0.0,0,0,0.0,0.0,4.0201,5.869346,-0.09108033032542957,0.25412131426708146,0.26995049349282196,7.700455916803104,135.19080572094975,3.6437800440812057e-06,0.0029759047710473264,4.452312569839683,0.16277616860490388,0.33316978941714576,8.139068872114962e-06,1.782601073883474e-05,3.352e-07,3.652e-06,5.0896e-06,3.3168e-06,1.4376000000000004e-06,0.15761976884960835,0.6559639044456526,3.3936e-06,0.08988114083209824,9.739632,1.339957121372116,2.2053591391080025,9.128558196687093,0.8747111136562253,0.11486776744058164,0.004166048090921652,0.0010937553560594023,33.0,1.0,5.0,12.0,9.0,9.0,32.0
20260820_162559_59ab9b63,5.0,pulse_energy_sweep_HZ2,0,0.0,0.0,0.0,0,0,0.0,0.0,3.939698,5.788944,-0.09400172391283479,0.25138520352912014,0.26838562676112515,7.895370292651371,139.68372107385096,3.6016574819495413e-06,0.0031678986272439284,4.357072987724088,0.1603791557903945,0.3309912006028025,8.01921439616899e-06,1.8177731156572704e-05,3.352e-07,3.5008e-06,3.5008e-06,3.1656e-06,0.0,0.13836278311617164,0.9999983412342645,3.24e-06,0.0662438565973536,9.2988,1.159962881187802,2.343880808264596,10.079946616536308,0.8775174449048864,0.11122610026381273,0.0039596111173481755,0.001148924004529009,33.0,1.0,5.0,12.0,9.0,9.0,32.0
20260820_162601_96622885,5.0,pulse_energy_sweep_HZ2,0,0.0,0.0,0.0,0,0,0.0,0.0,3.939698,5.788944,-0.09311025506383795,0.25162243822871905,0.26829716923258523,7.859489452732775,139.4826802993476,3.599283724304553e-06,0.004031870980128636,4.36187112696205,0.15946962931537714,0.33153512988614675,7.97373661717576e-06,1.8101491813095354e-05,3.352e-07,3.5104e-06,5.0272e-06,3.1751999999999997e-06,1.5168e-06,0.13581965852300648,0.6119494507322517,3.2112e-06,0.06770644137637118,9.216144,1.159962881187802,2.3323121824248,10.013667379930537,0.8761295004341431,0.1125803009715884,0.0040711188062935635,0.0012128106933918135,33.0,1.0,5.0,12.0,9.0,9.0,32.0
20260820_162602_4d61316d,5.0,pulse_energy_sweep_HZ2,0,0.0,0.0,0.0,0,0,0.0,0.0,3.939698,5.869346,-0.09434519026591148,0.25169513800275056,0.26879631214087496,7.891333025603785,139.78988069192744,3.6126884733586077e-06,0.004223864836325237,4.419006566995593,0.16081159124174907,0.33134668076680096,8.04083686063344e-06,1.816342898052623e-05,3.352e-07,3.5104e-06,3.5104e-06,3.1751999999999997e-06,0.0,0.1333757375489018,0.9999983033288161,3.2352e-06,0.0674033424596141,9.285024,1.159962881187802,2.338694660877753,10.0937225815507,0.8776523106363838,0.11105209199257701,0.004104097204923668,0.0011913928312845782,33.0,1.0,5.0,12.0,9.0,9.0,32.0
20260820_162613_6706e24f,25.0,pulse_energy_sweep_LZ1,1,0.9655305961612716,7.9968e-06,5693.840062875117,2,2,0.09850176285646207,22.950816,3.939698,5.869346,-0.089088997312086,0.24217642539769352,0.2580431561977134,9.203418963432476,164.4317149106748,3.329420061056612e-06,0.0011519631371796103,4.29764432752701,0.13849810573746069,0.32572223949454887,6.925126883842214e-06,1.8231429000146783e-05,1.024e-07,3.0616e-06,3.0616e-06,2.9592e-06,0.0,0.12548538850951194,0.9999981457193619,2.8824e-06,0.080943003876933,8.272488,1.21996096124924,2.336982778065696,9.010664019674124,0.7798705980588353,0.21115560569835973,0.003196242749166259,0.0008812930056158852,33.0,1.0,5.0,12.0,9.0,9.0,32.0
20260820_162616_e6b5d5e9,25.0,pulse_energy_sweep_LZ1,0,0.0,0.0,0.0,0,0,0.0,0.0,3.939698,5.869346,-0.08979136670826533,0.2415857482721207,0.2577327361891357,9.263157259382066,164.9132516374949,3.3214144470382165e-06,0.0012479600652779111,4.282495317902479,0.13930862055019683,0.32469133707168707,6.965653921302722e-06,1.8388958397266965e-05,1e-07,3.0976e-06,3.0976e-06,2.9976000000000003e-06,0.0,0.1317393689387351,0.9999982274983291,2.8992e-06,0.08016043683207834,8.320704,1.21996096124924,2.4325711769469316,9.701148506797175,0.7801804354962836,0.20996563073696367,0.0033933348652922164,0.0009625255668803742,33.0,1.0,5.0,12.0,9.0,9.0,32.0
20260820_162616_1f5aa7c2,25.0,pulse_energy_sweep_LZ1,0,0.0,0.0,0.0,0,0,0.0,0.0,3.939698,5.869346,-0.08954823884035709,0.24218321950071392,0.25820844077438804,9.229708671162713,164.6965980073693,3.3336866189152516e-06,0.0008639723528847077,4.284377851050686,0.13913698744761344,0.3255902895801399,6.957071991560589e-06,1.837290306870468e-05,1.048e-07,2.9824e-06,2.9824e-06,2.8776e-06,0.0,0.1316166562783366,0.9999982266252944,2.892e-06,0.0784315552195454,8.30004,1.21996096124924,2.386848714936669,9.419797926318006,0.780288175627159,0.21044052665881963,0.0031824844256864724,0.0009745479118139618,33.0,1.0,5.0,12.0,9.0,9.0,32.0
20260820_162625_612f6e99,20.0,pulse_energy_sweep_LZ1,1,0.9887446039962594,6.7488e-06,5729.356646175582,2,2,0.14989769468487998,19.369056,3.939698,5.869346,-0.09375473687242006,0.24393150272676103,0.2613283924654047,9.085265505032869,160.63392112924757,3.414735703473562e-06,0.0009599692809830085,4.286595877875286,0.14745501184657098,0.32572908342705176,7.372986520347503e-06,1.8720283253960838e-05,1.048e-07,2.9968e-06,2.9968e-06,2.892e-06,0.0,0.16085522161156765,0.9999985497209831,2.856e-06,0.08516725620425442,8.19672,1.279959041310678,2.487466814536849,9.902538458602901,0.7875960607368789,0.2017615412433829,0.003571267967772635,0.001214850199331814,33.0,1.0,5.0,12.0,9.0,9.0,32.0
20260820_162627_1e1bdcfa,20.0,pulse_energy_sweep_LZ1,1,0.9918563828232192,6.7488e-06,5766.867917908901,2,1,0.151406039210926,19.369056,3.939698,5.869346,-0.09215703945473744,0.24352366015909147,0.26037798097831294,9.064227531018112,161.1964137409341,3.3899431236259e-06,0.002015935490064318,4.285120516170815,0.1454327572685185,0.3255708325795285,7.271870555837555e-06,1.8538783389387246e-05,1.024e-07,2.9728e-06,2.9728e-06,2.8704e-06,0.0,0.15620836965457227,0.9999985060642864,2.8392e-06,0.08262603389261033,8.148503999999999,1.279959041310678,2.4332579091355413,9.572212653358008,0.7845570974380036,0.20566114887879197,0.003258252077402944,0.001086147551448088,33.0,1.0,5.0,12.0,9.0,9.0,32.0
20260820_162628_d429725d,20.0,pulse_energy_sweep_LZ1,1,0.9921377549740569,6.84e-06,5720.411739313908,2,2,0.1486381336352967,19.6308,3.939698,5.869346,-0.09083720245752135,0.24354047131176934,0.2599295260586367,9.133496969753265,161.56329869347329,3.3782760272270017e-06,0.0007679754247864068,4.276887808082968,0.14415965577252277,0.32578825060529903,7.208213444075375e-06,1.8518248697001667e-05,1.024e-07,2.9896e-06,2.9896e-06,2.8872e-06,0.0,0.1584786697432263,0.9999985246312422,2.8392e-06,0.08235748269493379,8.148503999999999,1.279959041310678,2.4125444628856187,9.468293690436585,0.783481007145057,0.20657660874832243,0.003552973531321961,0.0010564364056006902,33.0,1.0,5.0,12.0,9.0,9.0,32.0
20260820_162634_c882596e,15.0,pulse_energy_sweep_LZ1,1,0.9867945508199593,5.2416e-06,5762.770002921202,3,2,0.14522878324567357,15.043391999999999,3.939698,5.869346,-0.08861817826629546,0.24219541799165548,0.25789882127568875,9.273803154348917,164.89756134206314,3.325696519652707e-06,0.0008639723528847077,4.2809952136857365,0.13929357990543087,0.32528587338169646,6.964901864999392e-06,1.8216718251664443e-05,1.024e-07,3.1672e-06,3.1672e-06,3.0648e-06,0.0,0.11530750805360564,0.9999979741994258,2.9856e-06,0.07194434947951507,8.568672,1.1999616012287606,2.3266374454914804,8.92675744512733,0.7797806187837429,0.211043693587427,0.0033570763768324538,0.000982500329519781,33.0,1.0,5.0,12.0,9.0,9.0,32.0
20260820_162636_f1a3ae3f,15.0,pulse_energy_sweep_LZ1,1,0.9798759382555996,5.04e-06,5822.339858569763,2,2,0.13995129691839578,14.4648,3.939698,5.869346,-0.0909606959777287,0.24200525989446375,0.25853509245233947,9.230208023126723,165.13958039561876,3.342126646097433e-06,0.0010559662090813093,4.284974085207217,0.14101762103359777,0.3249114719947752,7.051106679873542e-06,1.8287778516534455e-05,1e-07,3.1648e-06,3.1648e-06,3.0648000000000003e-06,0.0,0.10995764357792405,0.9999978776092072,2.9976e-06,0.06203652646261719,8.603112,1.1999616012287606,2.396218296108322,9.35676024227423,0.7763677691760167,0.21408371417578367,0.0033864727865483522,0.0009909436262282867,33.0,1.0,5.0,12.0,9.0,9.0,32.0
20260820_162637_8971dc42,15.0,pulse_energy_sweep_LZ1,1,0.9789481745409025,5.04e-06,5754.4301504518935,2,3,0.14002603512619122,14.4648,3.939698,5.869346,-0.09129258481328596,0.2418571638812577,0.25851348855055234,9.245897743431795,164.8689534493298,3.3415681148868482e-06,0.0010559662090813093,4.267543684053666,0.14144130589498763,0.3245996229241491,7.072291600838813e-06,1.840745786923028e-05,1.048e-07,3.1408e-06,3.1408e-06,3.0360000000000002e-06,0.0,0.10501463788791482,0.9999977686324418,3e-06,0.05773961363024034,8.61,1.1999616012287606,2.4592450197201514,9.870824620005461,0.7782264800175995,0.21163639385779084,0.003494064147721561,0.0010714401079951255,33.0,1.0,5.0,12.0,9.0,9.0,32.0
20260820_162643_40af4139,10.0,pulse_energy_sweep_LZ1,1,0.9987824121745162,3.4992e-06,5854.836596552335,2,2,0.14161150740778053,10.042703999999999,3.939698,5.869346,-0.0916476286838821,0.24384692715649375,0.2605006942928235,9.116086224051186,161.52631650307728,3.3931391633309176e-06,0.0016319477776711145,4.30668468235871,0.14408214237154565,0.32651153125753046,7.204337650005078e-06,1.82812872416169e-05,1.024e-07,3.088e-06,3.088e-06,2.9856e-06,0.0,0.14892588211265567,0.9999984408569427,2.8992e-06,0.09014743776156801,8.320704,1.2399603212697194,2.4608947094200095,9.857050947382,0.7835258065903659,0.20609553086033147,0.003526537102257048,0.0011616844881637747,33.0,1.0,5.0,12.0,9.0,9.0,32.0
20260820_162645_1e8a928e,10.0,pulse_energy_sweep_LZ1,0,0.0,0.0,0.0,0,0,0.0,0.0,3.939698,5.869346,-0.09068669472976863,0.24334868189077452,0.25969724214744294,9.094396887004732,161.76294864064081,3.3722407872015074e-06,0.0025919170586541232,4.313524547389683,0.14296076846926126,0.3259868826356391,7.148267160692613e-06,1.8309907672574685e-05,1.096e-07,3.0256e-06,3.0256e-06,2.9159999999999997e-06,0.0,0.14981718144403428,0.9999984525902422,2.9064e-06,0.09228095222867211,8.341368,1.2599596812901985,2.426540070754519,9.638985763481477,0.7822906853265781,0.20752440366305283,0.0037605428099027707,0.0010413218447036894,33.0,1.0,5.0,12.0,9.0,9.0,32.0
20260820_162646_8ff2fcc6,10.0,pulse_energy_sweep_LZ1,1,0.9934754860123365,3.5424e-06,5718.542005698631,2,3,0.14132470779993647,10.166688,3.939698,5.869346,-0.09209143352212729,0.24325336340573045,0.26010196257691093,9.12123266131588,161.4680490092104,3.3827597916675365e-06,0.002687913986752424,4.294085497827207,0.14430843652413636,0.32565163892687327,7.215652719705257e-06,1.8364292884289537e-05,1.024e-07,3.0712e-06,3.0712e-06,2.9688e-06,0.0,0.14548574733146422,0.9999983993069209,2.9016e-06,0.08954646619345132,8.327592,1.2599596812901985,2.4474668480159223,9.770604983047582,0.7850238298147687,0.20479946521821155,0.0034914835631508307,0.001098841323194363,33.0,1.0,5.0,12.0,9.0,9.0,32.0
20260820_162652_1b869bfd,5.0,pulse_energy_sweep_LZ1,0,0.0,0.0,0.0,0,0,0.0,0.0,3.939698,5.869346,-0.09377789190745896,0.2438411761657548,0.26125239176800985,9.082944419562654,161.0297355566688,3.4127498147248125e-06,0.002783910914850725,4.296788298407822,0.1474939541674436,0.32558846120733526,7.374933698698848e-06,1.832673153290726e-05,1.024e-07,2.9752e-06,2.9752e-06,2.8728e-06,0.0,0.13418718536548016,0.9999982656204441,2.8104e-06,0.0718237543113341,8.065847999999999,1.1399635211673225,2.4395260525580573,9.681132758998574,0.7856572106712396,0.20424900055958442,0.003608763358281256,0.0010328876757766921,33.0,1.0,5.0,12.0,9.0,9.0,32.0
20260820_162654_2df27bcb,5.0,pulse_energy_sweep_LZ1,0,0.0,0.0,0.0,0,0,0.0,0.0,3.939698,5.869346,-0.0939399771527311,0.24385259067486348,0.2613212683389895,9.053738111926844,160.07492250675935,3.414549526403366e-06,0.002879907842949026,4.286093946742408,0.1486240445824159,0.3251354688138963,7.431440027592127e-06,1.8403743719181614e-05,1.024e-07,3.0112e-06,3.0112e-06,2.9088e-06,0.0,0.14709167698586625,0.9999984138311221,2.82e-06,0.07710075248404401,8.0934,1.2999584013311574,2.489936618284298,10.034264514443544,0.785562019888051,0.20418918868697647,0.0034821170962493703,0.0010267094643133037,33.0,1.0,5.0,12.0,9.0,9.0,32.0
20260820_162655_0283b381,5.0,pulse_energy_sweep_LZ1,0,0.0,0.0,0.0,0,0,0.0,0.0,3.939698,5.869346,-0.09284783133339733,0.24395847080136604,0.2610296060968103,9.046169005357868,160.4527058262646,3.4069317812812123e-06,0.0030719016991456274,4.322929335466716,0.14774569074177168,0.3253799272866359,7.387520930193772e-06,1.8296440540880846e-05,1.096e-07,3.0136e-06,3.0136e-06,2.9039999999999996e-06,0.0,0.14471094073374594,0.9999984014740086,2.8296e-06,0.07760902164445982,8.120952,1.1399635211673225,2.4989702347393847,10.004256317271349,0.7852629759198596,0.20421835495776638,0.0033566473556118303,0.001178814397922724,33.0,1.0,5.0,12.0,9.0,9.0,32.0
20260820_162706_c4541979,25.0,pulse_energy_sweep_LZ4,1,0.9977316365547727,8.748e-06,5743.028646399115,3,2,0.15525797242198228,25.106759999999998,3.939698,5.869346,-0.09417538667562637,0.27255663009252457,0.2883680288501085,5.132468018122743,87.26899572435154,4.15793905293695e-06,0.00892771431314198,4.4414180075858125,0.20560177833253573,0.33945363736874024,1.028041787947212e-05,1.947405520596783e-05,-4.4e-08,4.84e-07,5.5504e-06,5.280000000000001e-07,5.0664e-06,2.1843386140049863,0.12841069434872227,5.1168e-06,0.05413172403394678,14.685215999999999,1.2599596812901985,2.2204819884814793,9.143140175201692,0.8011691734419644,0.18838707830074966,0.003845253442733477,0.0013464600137706566,33.0,1.0,5.0,12.0,9.0,9.0,32.0
20260820_162709_2c83730c,25.0,pulse_energy_sweep_LZ4,1,0.9975579985352008,8.748e-06,5749.000565267923,2,2,0.1554668992203384,25.106759999999998,3.939698,5.869346,-0.09354634155707016,0.2737003795320169,0.2892452519483806,5.066136764307623,85.81425899467376,4.183274649239348e-06,0.008639723528847077,4.431115408523311,0.20697023423502772,0.3402823634710996,1.0348842864126163e-05,1.9520833546730828e-05,-2.24e-08,4.84e-07,5.6056e-06,5.064e-07,5.1216e-06,2.158938963624351,0.13071521852521953,5.1072e-06,0.05191039880994174,14.657664,1.2599596812901985,2.203483022635094,9.094600251981687,0.8020474986433308,0.18771081463482053,0.0038557772083757007,0.0012130620605206503,33.0,1.0,5.0,12.0,9.0,9.0,32.0
20260820_162709_9692fa08,25.0,pulse_energy_sweep_LZ4,1,0.9978877954573608,8.748e-06,5746.779517635274,2,2,0.15480864005893305,25.106759999999998,3.939698,5.869346,-0.09351546817701832,0.27380273772690716,0.28933213090688087,5.068672674713865,85.66954615364956,4.185788039686982e-06,0.008351732744552174,4.444411298443426,0.20707955561765337,0.3403754169843243,1.0354309108171657e-05,1.9547992924168963e-05,4.84e-07,5.5936e-06,9.7504e-06,5.1096e-06,4.156800000000001e-06,0.1286260133401983,1.4185629779054278,5.1072e-06,0.047868923375917874,14.657664,1.2599596812901985,2.2040534931067657,9.074977786047542,0.8020072222821583,0.18778527032296338,0.0038468823815170825,0.0011958231527525551,33.0,1.0,5.0,12.0,9.0,9.0,32.0
20260820_162714_0e0724e8,20.0,pulse_energy_sweep_LZ4,1,0.9934970334262705,7.0224e-06,5736.135758072005,2,2,0.1645262199095799,20.154288,3.939698,5.869346,-0.09574221071325717,0.28837426652325737,0.3038524123733238,4.331900777393159,69.24532838012813,4.616462147316029e-06,0.012191609868484209,4.423764674350446,0.2351060779846993,0.3467695316225354,1.175568006895974e-05,1.9743278204641935e-05,-1.76e-08,4.84e-07,5.656e-06,5.016e-07,5.172e-06,2.174035298830566,0.13972869523773965,8.083199999999999e-06,0.22701485405462032,23.198783999999996,1.2999584013311574,2.1565169532291653,8.772419817432743,0.8081568959646072,0.18237125592024617,0.0034560056667993374,0.001044972409444948,33.0,1.0,5.0,12.0,9.0,9.0,32.0
20260820_162717_88740ecd,20.0,pulse_energy_sweep_LZ4,1,0.9933050947540243,7.0224e-06,5734.22838043281,2,2,0.16541851536501037,20.154288,3.939698,5.869346,-0.09561485802054333,0.2895766111442327,0.3049537912472426,4.269039106071957,68.22672835617995,4.649989534707014e-06,0.010463665162714793,4.419186998123947,0.23639865890120548,0.3478603750969285,1.1820311182914516e-05,1.9696916542645266e-05,-2.48e-08,4.816e-07,5.6656e-06,5.063999999999999e-07,5.184e-06,2.1569486384325987,0.13737845842810562,8.0736e-06,0.2325408189370604,23.171232,1.2999584013311574,2.150186093287195,8.699588428368129,0.8063806058262417,0.1843114436309403,0.003334435206395036,0.0011603182922043948,33.0,1.0,5.0,12.0,9.0,9.0,32.0
20260820_162717_516ca94d,20.0,pulse_energy_sweep_LZ4,1,0.99362584797077,7.0224e-06,5730.982646739533,2,2,0.16477987268982922,20.154288,3.939698,5.869346,-0.09474654420658538,0.28969215859671255,0.3047924775835409,4.27883671233713,68.07647594950883,4.645071357102691e-06,0.01017567437841989,4.425736033126428,0.236163660100567,0.3479706787397512,1.180856086688451e-05,1.9744244031988985e-05,-2.24e-08,4.792e-07,5.644e-06,5.016e-07,5.1648e-06,2.1679315134216166,0.14376865141358483,8.0664e-06,0.2332999661386975,23.150568,1.2999584013311574,2.1211203799662854,8.474537082366707,0.8059370644758774,0.18468897354454836,0.0035600118418534416,0.0011267489990689553,33.0,1.0,5.0,12.0,9.0,9.0,32.0
20260820_162722_bcdbb623,15.0,pulse_energy_sweep_LZ4,1,0.9959878904323677,5.2416e-06,5797.854675452294,3,2,0.15179368602041518,15.043391999999999,3.939698,5.869346,-0.09532156091005088,0.27128260706423823,0.28754208886682736,5.217291373777012,88.86987410896833,4.134154932219514e-06,0.007679754247864068,4.408114754718871,0.20937569135992842,0.33539040698214106,1.0469119569102597e-05,1.9090694306031913e-05,-5.6e-08,4.816e-07,5.5672e-06,5.375999999999999e-07,5.0856e-06,2.1475734361478485,0.11601557215872661,6.5472e-06,0.16265784022269353,18.790464,1.1399635211673225,2.2034111862257992,9.103422108597524,0.8004543342110074,0.1890652663313781,0.004019754152469466,0.0013187214041301965,33.0,1.0,5.0,12.0,9.0,9.0,32.0
20260820_162724_afd6a505,15.0,pulse_energy_sweep_LZ4,1,0.9932508668048032,5.3592e-06,5777.449419273096,3,2,0.14900800274295312,15.380904000000001,3.939698,5.869346,-0.09586184506095803,0.2686477748141628,0.28523870749092284,5.343471085147434,91.7673954246422,4.068186190347014e-06,0.006335797254487857,4.417984525238757,0.20537840983829353,0.33377162075504335,1.0269249097370417e-05,1.8945134267869015e-05,-7.76e-08,4.816e-07,5.5456e-06,5.592e-07,5.064e-06,2.163769976888744,0.1212033333663625,6.5472e-06,0.15780207306255076,18.790464,1.1399635211673225,2.244257730114165,9.424609914230388,0.7998951991637931,0.18937634343104234,0.004044549067413935,0.001298980140898612,33.0,1.0,5.0,12.0,9.0,9.0,32.0
20260820_162725_14a13653,15.0,pulse_energy_sweep_LZ4,1,0.9924574029794763,5.4288e-06,5783.020130785535,3,2,0.1496822898203638,15.580655999999998,3.939698,5.869346,-0.09676489142747431,0.2684024493622797,0.2853126689031562,5.40938163288232,92.68734735920732,4.070296197142559e-06,0.007199769607372564,4.451306321544334,0.20534596482070372,0.3336570121581602,1.02676267945789e-05,1.903703524953969e-05,-4.88e-08,4.84e-07,5.6104e-06,5.328e-07,5.1264e-06,2.1792864299925543,0.11886779911680352,6.5448e-06,0.1558431546982234,18.783576,1.1399635211673225,2.250890476361392,9.521414126464666,0.8016705575660942,0.18759220796357173,0.004007213158459201,0.0013402196370956554,33.0,1.0,5.0,12.0,9.0,9.0,32.0
20260820_162729_65ef6c85,10.0,pulse_energy_sweep_LZ4,1,0.9945840288444172,2.664e-06,7149.353162281094,2,3,0.15656543987146243,7.64568,3.939698,5.869346,-0.09540646270519341,0.29135857041251323,0.3065814894587423,4.2826644501685465,67.12812663485388,4.699760871472531e-06,0.009215705097436883,4.428608303564188,0.2467271783233067,0.3435798103106557,1.2336753679650653e-05,1.948440375700249e-05,-1.76e-08,4.816e-07,5.4304e-06,4.992e-07,4.9488e-06,2.151946673580223,0.11443783771955797,3.4944e-06,0.020086771528184156,10.028927999999999,1.4399539214745127,2.121029934477575,8.279867912780963,0.7965579944309795,0.19443129266201695,0.0033956335775449666,0.0011839015504847685,33.0,1.0,5.0,12.0,9.0,9.0,32.0
20260820_162732_0bebb312,10.0,pulse_energy_sweep_LZ4,1,0.9972147699624506,2.664e-06,6818.015002789175,3,4,0.15662322124359973,7.64568,3.939698,5.869346,-0.09627863569165786,0.2931206479299623,0.3085276161602522,4.1857391584747425,65.23449748736833,4.759616799540289e-06,0.00902371124124028,4.44299432692386,0.24939104371501658,0.34490856920498286,1.2469951211420774e-05,1.9436657864694847e-05,-2.24e-08,4.84e-07,5.4232e-06,5.064e-07,4.9392e-06,2.16927383772071,0.11902410561431669,3.4944e-06,0.019569777398328686,10.028927999999999,1.4399539214745127,2.110327056692862,8.253987546334006,0.8005741480219987,0.19066986312323175,0.0033051584100516843,0.001128029276293089,33.0,1.0,5.0,12.0,9.0,9.0,32.0
20260820_162733_c4b91481,10.0,pulse_energy_sweep_LZ4,1,0.9970044195016219,2.664e-06,6813.755575006426,3,4,0.15723980989243225,7.64568,3.939698,5.869346,-0.09554925208793318,0.29272126111300145,0.3079210877516338,4.172017660995095,65.37336043025756,4.74092151874152e-06,0.009503695881731784,4.415754047077905,0.24839062216060437,0.34474471941138934,1.2419928533025676e-05,1.9382113434839814e-05,-2.96e-08,4.84e-07,5.428e-06,5.136e-07,4.9440000000000004e-06,2.1407338672106775,0.11229206082388916,3.4992e-06,0.01999846856799116,10.042703999999999,1.4399539214745127,2.1500197499651037,8.519817627275533,0.8001443368660472,0.19065288345532164,0.0034110876005418863,0.0011309487505638453,33.0,1.0,5.0,12.0,9.0,9.0,32.0
20260820_162738_e4345282,5.0,pulse_energy_sweep_LZ4,0,0.0,0.0,0.0,0,0,0.0,0.0,3.939698,5.869346,-0.09527139166746663,0.28913604432298895,0.30442780785762863,4.27914636499866,67.67194191082075,4.633962791914379e-06,0.011807622156091005,4.410698141990111,0.24858360791251982,0.33840474050490055,1.242957812939865e-05,1.9270283360067053e-05,-3.2e-08,4.84e-07,6.3448e-06,5.16e-07,5.8608e-06,2.1548911524690935,0.14864223426190923,6.996e-06,0.1564217287689204,20.078519999999997,1.159962881187802,2.036527807170064,8.404473751164085,0.8231538168533351,0.16767240972930014,0.0033878632620578265,0.0012293141371569666,33.0,1.0,5.0,12.0,9.0,9.0,32.0
20260820_162740_ce9a4d24,5.0,pulse_energy_sweep_LZ4,0,0.0,0.0,0.0,0,0,0.0,0.0,3.939698,5.869346,-0.0954296177402323,0.29150430506392094,0.3067271944462152,4.198575756937753,65.91956801675515,4.704229121157215e-06,0.012095612940385908,4.441109806090713,0.25184212875266393,0.3401026733753228,1.2592509385039202e-05,1.9192383875340483e-05,-3.68e-08,4.84e-07,6.3616e-06,5.208000000000001e-07,5.8776e-06,2.1661422385505507,0.14905873202119926,6.9888e-06,0.15855632463982952,20.057855999999997,1.159962881187802,2.039719437563541,8.507623667869861,0.8247276971175198,0.16623404438866665,0.0033360564484979523,0.0010777998138652672,33.0,1.0,5.0,12.0,9.0,9.0,32.0
20260820_162741_3b95df86,5.0,pulse_energy_sweep_LZ4,0,0.0,0.0,0.0,0,0,0.0,0.0,3.939698,5.869346,-0.0964793126619948,0.2919429300531695,0.3074718396532612,4.198165656451838,66.00128823558194,4.727097871279526e-06,0.01228760679658251,4.443598209765874,0.25206496310526255,0.34097955581798034,1.2603651459204096e-05,1.9163240547936543e-05,-2.96e-08,4.84e-07,6.3328e-06,5.136e-07,5.8488e-06,2.1623515956288353,0.1493878185790285,6.9839999999999995e-06,0.1586226081803478,20.044079999999997,1.159962881187802,2.028843871785926,8.366196493352184,0.8248254590689048,0.16608592615048934,0.0033825833738246936,0.0011641437574566051,33.0,1.0,5.0,12.0,9.0,9.0,32.0
20260820_163216_bc545351,25.0,gain_sweep_45,1,0.9722587137310152,8.7912e-06,5732.685690188658,2,2,0.43486086070149776,25.230743999999998,3.939698,7.798994,-0.09480829096668905,0.854845818554267,0.8600871964723921,0.34273056540910324,4.999988047863839,3.698868287676381e-05,0.00791974656810982,4.52396407311767,0.8158189455068496,0.8970794017317487,4.079225258565529e-05,1.9954092512608433e-05,4.096e-07,2.1616e-06,3.0856e-06,1.7520000000000001e-06,9.24e-07,1.00711596847759,0.750725195199125,4.1088e-06,0.042124647652816906,11.792256000000002,1.3799558414130746,1.3542121680467616,3.2290466594590583,0.9437817381653641,0.05427142080442146,0.0009971728031533764,0.00021101171970797983,45.0,1.0,5.0,1.0,9.0,9.0,32.0
20260820_163219_c02546a4,25.0,gain_sweep_45,1,0.9735018059904474,8.7912e-06,5729.814739074878,2,2,0.4325011623613521,25.230743999999998,3.939698,7.798994,-0.09365053921474512,0.8562071843069099,0.8613136281018542,0.3410360279461125,5.009959092768716,3.709424527556449e-05,0.007439761927618316,4.563204819215735,0.811799386084402,0.9031879193436426,4.0591268183237836e-05,1.9888162749698002e-05,4.096e-07,2.1616e-06,3.0784e-06,1.7520000000000001e-06,9.167999999999998e-07,1.032259310247693,0.7478244292665448,4.1136e-06,0.03659631288820595,11.806032,1.3799558414130746,1.3544911443019672,3.2154975443142138,0.9441689089384767,0.053881177004970464,0.0010260721056945064,0.0001920475768742451,45.0,1.0,5.0,1.0,9.0,9.0,32.0
20260820_163219_e39c714c,25.0,gain_sweep_45,1,0.9730303413034186,8.7912e-06,5728.754925635769,2,2,0.43283606198554375,25.230743999999998,3.939698,7.798994,-0.09424485178074302,0.8566850698243943,0.8618534683733666,0.3370665291021489,5.0178835741551815,3.71407585136016e-05,0.007631755783814918,4.541026595796442,0.8131011242315661,0.902996465932473,4.0656357173377075e-05,1.9888489263199748e-05,4.096e-07,2.1592e-06,3.064e-06,1.7496e-06,9.047999999999998e-07,1.0102759963068806,0.7535814953680634,4.116e-06,0.0388171732680891,11.81292,1.3799558414130746,1.352726492794913,3.1582819392862733,0.9439384232874434,0.05411303916363252,0.001022625405855631,0.00020855239965181374,45.0,1.0,5.0,1.0,9.0,9.0,32.0
20260820_163223_9614b0fa,20.0,gain_sweep_45,0,0.0,0.0,0.0,0,0,0.0,0.0,3.939698,7.718592,-0.09801140414706729,0.922346831213433,0.9275397093345066,0.3560053803729355,3.6992133694928553,4.3017872147476876e-05,0.009887683594124988,4.592513714908258,0.936613951613433,0.9131469323228625,4.683219616299423e-05,2.080613978535414e-05,4.096e-07,2.1712e-06,3.1288e-06,1.7616e-06,9.576e-07,1.0256462756649758,0.7422288621373041,6.78e-06,0.4190202223088241,19.4586,1.159962881187802,1.3303637132144888,3.0105638972944506,0.9467555238791376,0.0513434167974988,0.0010707838969886852,0.00017174600112469216,45.0,1.0,5.0,1.0,9.0,9.0,32.0
20260820_163225_a83b9121,20.0,gain_sweep_45,0,0.0,0.0,0.0,0,0,0.0,0.0,3.939698,7.798994,-0.097397795718537,0.9247187292720281,0.9298338877871167,0.34760852079639143,3.686759662982161,4.3230936289559424e-05,0.009407698953633484,4.501873894190629,0.9447669345243009,0.9094627266258416,4.723985835331029e-05,2.0943171863568765e-05,4.096e-07,2.1688e-06,3.1336e-06,1.7591999999999998e-06,9.648e-07,0.9981285234847149,0.7605639246743215,6.7848e-06,0.411005639179986,19.472376,1.159962881187802,1.3310172747516127,3.0139359599283226,0.9467238195475443,0.051437062824233847,0.0010077893607968438,0.0001753273227440843,45.0,1.0,5.0,1.0,9.0,9.0,32.0
20260820_163226_7e5220bc,20.0,gain_sweep_45,0,0.0,0.0,0.0,0,0,0.0,0.0,4.0201,7.798994,-0.09607409954881443,0.9231427323116882,0.928128620840886,0.3492514206585858,3.71711263577202,4.307251511757917e-05,0.009887683594124988,4.562839720130186,0.9382988816198108,0.9128245645080391,4.691644535920113e-05,2.0854056373629456e-05,4.096e-07,2.1712e-06,3.1408e-06,1.7616e-06,9.696e-07,1.0262662408366172,0.7440506702658943,6.7824e-06,0.4184119554444771,19.465488,1.159962881187802,1.3304481946477802,2.9989139412724337,0.9465254559673287,0.051599052794116744,0.0010591576989190691,0.0001716764920662467,45.0,1.0,5.0,1.0,9.0,9.0,32.0
20260820_163228_81ae61ef,15.0,gain_sweep_45,1,0.9757588618381554,5.2992e-06,5747.1369240364365,3,3,0.4349558079259188,15.208704,3.939698,7.155778,-0.09693469501775943,0.8458294044754294,0.8513657948105771,0.36334980366941677,4.738314624435404,3.62423455466188e-05,0.010559662090813094,4.5807357610169674,0.8305881839245682,0.8662656340821546,4.153073813732269e-05,1.9554436715459307e-05,4.096e-07,2.1904e-06,3.16e-06,1.7807999999999997e-06,9.696e-07,1.028659406364174,0.7391362490904072,5.2296e-06,0.40277536117573115,15.008951999999999,1.339957121372116,1.3471546157740755,3.296759742451442,0.9361919071668314,0.061671349127269834,0.0011559729428144256,0.00019247763349130483,45.0,1.0,5.0,1.0,9.0,9.0,32.0
20260820_163230_fc154628,15.0,gain_sweep_45,1,0.9975428910444675,5.1792e-06,5784.891459450255,2,1,0.6904622708609068,14.864304,3.939698,7.718592,-0.09811174263223577,0.9285944028387312,0.9337630743533147,0.23191188690267195,3.865836716838743,4.3597069012854137e-05,0.008399731208601324,4.575695598015438,0.9485363147234611,0.9135274804157707,4.742833339427661e-05,1.9869167425354893e-05,4.096e-07,2.164e-06,3.1192e-06,1.7543999999999999e-06,9.552000000000002e-07,1.031071068445868,0.7411248003989449,5.22e-06,0.4312507657994106,14.9814,1.339957121372116,1.3442204815488061,3.0025573257216274,0.952884918192196,0.04540560875314038,0.0008909152977711443,0.0001592393004314509,45.0,1.0,5.0,1.0,9.0,9.0,32.0
20260820_163231_c99c775f,15.0,gain_sweep_45,1,0.9975361490744373,5.1792e-06,5782.9993517859275,2,1,0.6866118388827643,14.864304,3.939698,7.63819,-0.09847450484784488,0.925368672369562,0.9305935782649878,0.23230542910722773,3.886578067228686,4.330160600245436e-05,0.009167706633387732,4.573252936743778,0.9439534139593078,0.9117657453247259,4.719918102342773e-05,1.9834966761107326e-05,4.096e-07,2.164e-06,3.1144e-06,1.7543999999999999e-06,9.504000000000003e-07,1.021890580997886,0.7446432693864437,5.2248e-06,0.42951486907980824,14.995176,1.339957121372116,1.3438052499903022,2.9833653911785927,0.9524730037573376,0.045800784497906914,0.0009011889744178596,0.00017495067084785637,45.0,1.0,5.0,1.0,9.0,9.0,32.0
20260820_163234_de787fbe,10.0,gain_sweep_45,0,0.0,0.0,0.0,0,0,0.0,0.0,4.0201,7.959798,-0.09783388221176922,0.9331089997920805,0.9382237867383258,0.4076382149853591,4.018652954269123,4.401460212227857e-05,0.010943649803206298,4.577664544134212,0.9300734386087643,0.9412656841825134,4.650516004793999e-05,1.885239418539799e-05,4.096e-07,2.2024e-06,3.2344e-06,1.7927999999999998e-06,1.032e-06,1.0186458712868773,0.7419207308655886,3.372e-06,0.6181288409854299,9.67764,1.1399635211673225,1.2783964209058811,2.955903987546413,0.9281858691417484,0.06998075865092811,0.001030342863792201,0.00017946688060383893,45.0,1.0,5.0,1.0,9.0,9.0,32.0
20260820_163237_c78a4ae2,10.0,gain_sweep_45,0,0.0,0.0,0.0,0,0,0.0,0.0,4.0201,7.959798,-0.09660280618220216,0.9501766178668554,0.9550747129430096,0.39140659231701924,3.8193123653014123,4.560984483349029e-05,0.007967745032158972,4.556264901443105,0.9573690038917738,0.9478965645490107,4.786998198499492e-05,1.9053616420802486e-05,4.096e-07,2.2024e-06,3.2368e-06,1.7927999999999998e-06,1.0344000000000002e-06,1.0144843936145054,0.7515587703799568,3.3696e-06,0.6161427065763216,9.670752,1.1399635211673225,1.2823378374230523,2.9153184246398807,0.9304859730520216,0.06764616754231165,0.0010914081559877426,0.00017610012461327797,45.0,1.0,5.0,1.0,9.0,9.0,32.0
20260820_163237_e32031ce,10.0,gain_sweep_45,0,0.0,0.0,0.0,0,0,0.0,0.0,4.0201,7.959798,-0.09601621196121723,0.9504574377943165,0.9552949565542145,0.3888970066556075,3.810502352099224,4.563088284242236e-05,0.007199769607372564,4.603494552151435,0.9574288348451904,0.9483402025285312,4.787297362839527e-05,1.9049340667012053e-05,4.096e-07,1.7032e-06,2.2024e-06,1.2936e-06,4.991999999999998e-07,0.7467971743005556,1.3688219564734418,3.3696e-06,0.6157050115381548,9.670752,1.1399635211673225,1.2809279400038496,2.8859764971918604,0.931038156305204,0.0671416990644354,0.0010523856157537328,0.00016615518712876826,45.0,1.0,5.0,1.0,9.0,9.0,32.0
20260820_163240_13738a28,5.0,gain_sweep_45,0,0.0,0.0,0.0,0,0,0.0,0.0,4.0201,7.879396,-0.09359265162714794,1.0477346054416283,1.051906549023498,0.2550619124552054,2.6307741721501756,5.532713980574686e-05,0.00671978496688106,4.5779266692635066,1.1207561099928607,0.973760134149743,5.603959870941903e-05,1.9004456878897565e-05,4.096e-07,1.708e-06,2.3056e-06,1.2984e-06,5.976e-07,0.7483823783595609,1.3637587060808245,1.8552e-06,0.7696312028326309,5.3244240000000005,1.159962881187802,1.2736942285128723,2.625483799698956,0.9352347038552674,0.06330563250468915,0.0008134725180482697,0.00014652032473337826,45.0,1.0,5.0,1.0,9.0,9.0,32.0
20260820_163243_87ef69b5,5.0,gain_sweep_45,0,0.0,0.0,0.0,0,0,0.0,0.0,3.939698,7.798994,-0.09475812172410483,1.0224725034515194,1.0268539925165103,0.2566383414455788,2.736573207123862,5.272314318395e-05,0.006143803398291255,4.61301286877329,1.0931798779051318,0.951251999730445,5.466074298306123e-05,1.909927388288211e-05,4.096e-07,1.6912e-06,2.3152e-06,1.2816e-06,6.239999999999999e-07,0.7541262972706682,1.3774672169598412,1.8503999999999999e-06,0.7558041806619813,5.310648,1.159962881187802,1.2749322667168685,2.7229342576785434,0.932299435500813,0.06614491889919424,0.0008701676124146156,0.00014753781060580526,45.0,1.0,5.0,1.0,9.0,9.0,32.0
20260820_163244_0a9156a2,5.0,gain_sweep_45,0,0.0,0.0,0.0,0,0,0.0,0.0,3.939698,7.718592,-0.09438378199097629,1.0228928970703242,1.0272381307076957,0.2576560299380071,2.682030291315902,5.276259720807553e-05,0.006335797254487857,4.612397212199677,1.0956268225823018,0.9493006372361407,5.478309413203122e-05,1.912815059482397e-05,4.096e-07,1.72e-06,2.3152e-06,1.3104e-06,5.951999999999998e-07,0.7580609250058288,1.3835877390144415,1.8503999999999999e-06,0.7548071124445823,5.310648,1.159962881187802,1.272391502043249,2.707484882283312,0.9327074324814367,0.06574828799026664,0.0008676607672409493,0.0001488884737057122,45.0,1.0,5.0,1.0,9.0,9.0,32.0
20260820_163254_5e327b34,25.0,gain_sweep_60,0,0.0,0.0,0.0,0,0,0.0,0.0,4.180904,8.120602,-0.0994007062494,1.768651356513709,1.7714423844146507,0.12827523485854755,0.03251129224496463,0.00015690542687802722,0.008063741960257272,4.816424826385371,2.1493923886330846,1.282667069154027,0.00010747305845947605,2.603075329727144e-05,-1.4408e-06,4.144e-07,1.6984e-06,1.8552e-06,1.284e-06,11.123250082774513,0.7538321125367902,8.6736e-06,0.3510186755101892,24.893231999999998,1.4799526415154716,1.4422370194243115,1.8187048090409037,0.9350902082147059,0.06256205034928922,0.001903518294024582,0.00021991844307914625,60.0,1.0,5.0,1.0,9.0,9.0,32.0
20260820_163256_5dbb022d,25.0,gain_sweep_60,0,0.0,0.0,0.0,0,0,0.0,0.0,4.180904,8.201004000000001,-0.09914600086397235,1.7157545160825038,1.7186167370722378,0.09384045589967611,0.1393979653140005,0.00014768690027682358,0.007583757319765768,4.739076368650727,2.0694468899036282,1.270252591071798,0.00010347565561020527,2.6008891616021946e-05,-3.188e-06,4.144e-07,1.6816e-06,3.6023999999999996e-06,1.2672e-06,11.081480340922068,0.7509924987446248,8.676e-06,0.3667179232714543,24.900119999999998,1.3799558414130746,1.4247734757533048,1.8497765309629692,0.9317282317005373,0.06591883556797082,0.0018999018794908474,0.00021943940869762493,60.0,1.0,5.0,1.0,9.0,9.0,32.0
20260820_163257_4fc0f65c,25.0,gain_sweep_60,0,0.0,0.0,0.0,0,0,0.0,0.0,4.180904,8.120602,-0.09954349563213975,1.679438727046035,1.682386205787682,0.09186315209541403,0.24089949140923572,0.0001415256959485863,0.007967745032158972,4.713592612921187,2.0245540215953968,1.2454161704774063,0.00010123094036620438,2.5857910115326086e-05,4.168e-07,2.1952e-06,2.9944e-06,1.7784000000000002e-06,7.991999999999999e-07,1.043253741830815,0.7405250516800452,8.6712e-06,0.36024710400061133,24.886343999999998,1.3799558414130746,1.4107876155523325,1.8949847871304415,0.931601059380918,0.06601156611144822,0.0019390623838123687,0.0002052976721766755,60.0,1.0,5.0,1.0,9.0,9.0,32.0
20260820_163259_524a0d4a,20.0,gain_sweep_60,0,0.0,0.0,0.0,0,0,0.0,0.0,4.180904,8.201004000000001,-0.10603848296054524,1.8150558679655642,1.8181506988434157,0.09635660710465825,-0.0697493898435475,0.00016528888726038198,0.007391763463569166,4.667365291146842,2.248565350749584,1.242364083974822,0.0001124318652420404,2.672169657511552e-05,-2.5544e-06,4.144e-07,2.1712e-06,2.9688000000000003e-06,1.7568e-06,11.894484720310784,1.0211735127984314,6.9192e-06,0.36226952942806556,19.858103999999997,1.159962881187802,1.3620752772451052,1.8324083302084062,0.9297785688677386,0.06770143515736674,0.002061500803566195,0.00021650086727519546,60.0,1.0,5.0,1.0,9.0,9.0,32.0
20260820_163302_45c20191,20.0,gain_sweep_60,0,0.0,0.0,0.0,0,0,0.0,0.0,4.180904,8.120602,-0.11045337630795812,1.860149116605193,1.863425524228137,0.135532534936727,-0.11038708100466854,0.00017362328998474035,0.005951809542094653,4.790846512244044,2.3004635801043976,1.2796386538847908,0.00011502685974694805,2.6642701192445402e-05,4.144e-07,2.1856e-06,3.0136e-06,1.7711999999999999e-06,8.28e-07,1.0438863591567595,0.7515006036016328,3.5808e-06,0.026856043737814347,10.276896,1.4399539214745127,1.4249103505078817,1.8435044918789834,0.9328590339002732,0.06437084530385585,0.0022289754022652886,0.0002753285015998851,60.0,1.0,5.0,1.0,9.0,9.0,32.0
20260820_163302_15b0ab8a,20.0,gain_sweep_60,0,0.0,0.0,0.0,0,0,0.0,0.0,4.180904,8.201004000000001,-0.10901776413554763,1.8708897654004604,1.8740633359567396,0.13868481705965832,-0.13720717107792701,0.00017561128874028463,0.007679754247864068,4.682450700879412,2.3237547933925478,1.268793446762114,0.0001161914576772968,2.6643247030420946e-05,4.168e-07,2.1856e-06,3.0112e-06,1.7688e-06,8.256000000000002e-07,1.035935776972597,0.7532306889249035,3.504e-06,0.04349249354992348,10.056479999999999,1.4399539214745127,1.4246972408186829,1.833200557167793,0.9313509530407778,0.06592464526349542,0.002190893639716533,0.0002775922761782051,60.0,1.0,5.0,1.0,9.0,9.0,32.0
20260820_163304_4fdb9514,15.0,gain_sweep_60,0,0.0,0.0,0.0,0,0,0.0,0.0,4.180904,8.120602,-0.11022182595756937,1.8936283994377794,1.8968335103731975,0.09439642485624654,-0.42592614568839027,0.00017990462506752106,0.008495728136699625,4.822292656321596,2.414384074343825,1.1638825659759253,0.0001207230667317102,2.5912835723145806e-05,4.144e-07,2.176e-06,3.6184e-06,1.7616e-06,1.4424e-06,1.0242206032802572,1.050376667414643,1.416e-06,0.43590247548921046,4.06392,1.339957121372116,1.45491331366141,1.719257810219762,0.9152087799569002,0.08254899331419908,0.0018727432554479697,0.00018454623769167922,60.0,1.0,5.0,1.0,9.0,9.0,32.0
20260820_163306_b47ea34b,15.0,gain_sweep_60,0,0.0,0.0,0.0,0,0,0.0,0.0,4.180904,8.120602,-0.11315479706249397,1.8959727755936278,1.8993464070280752,0.10797355960884833,-0.4755410903565638,0.00018038161072136117,0.006863780359028511,4.672012347427627,2.422792373197245,1.1541828719621614,0.00012114349512765936,2.6657552800174237e-05,-3.2864e-06,4.144e-07,2.1712e-06,3.7008e-06,1.7568e-06,9.694391620328195,1.0312158057840197,1.3896e-06,0.41499091853948034,3.988152,1.339957121372116,1.4353578004391114,1.7139055212823524,0.9217852590809065,0.07602644295468608,0.0018145814950319974,0.00018481187055935722,60.0,1.0,5.0,1.0,9.0,9.0,32.0
20260820_163307_484b0a96,15.0,gain_sweep_60,0,0.0,0.0,0.0,0,0,0.0,0.0,4.180904,8.120602,-0.11097822376883938,1.9070291570404325,1.9102555776526946,0.10651786929023184,-0.4856840110667373,0.0001824596571198566,0.006383795718537007,4.720843429509627,2.4366708746183163,1.1611415155515206,0.0001218374424043152,2.668217174797824e-05,-3.2672e-06,4.144e-07,2.1712e-06,3.6815999999999996e-06,1.7568e-06,10.152874548437373,1.0076228139047438,1.3944e-06,0.4154254079631612,4.001928,1.339957121372116,1.4371823916770738,1.7243811515551153,0.9213610622023279,0.07647691702229757,0.0017925420806585574,0.00017714084043950158,60.0,1.0,5.0,1.0,9.0,9.0,32.0
20260820_163309_474082ba,10.0,gain_sweep_60,0,0.0,0.0,0.0,0,0,0.0,0.0,4.180904,8.120602,-0.10887497475280788,1.836594403615508,1.8398186768046543,0.15598925317359685,-0.0510985254916001,0.0001692520540683831,0.00671978496688106,4.826268152095566,2.254193200170107,1.2948632234108146,0.00011271326671762564,2.5528329468222856e-05,4.144e-07,2.1688e-06,3.0712e-06,1.7543999999999999e-06,9.024e-07,1.023538699397285,0.7323955028455793,3.0288e-06,0.4265446394416411,8.692656,1.4399539214745127,1.413048470341393,1.7755668195193726,0.9142750378978107,0.08276407441935368,0.002513711894234697,0.0002427780966001472,60.0,1.0,5.0,1.0,9.0,9.0,32.0
20260820_163312_de998de5,10.0,gain_sweep_60,0,0.0,0.0,0.0,0,0,0.0,0.0,4.180904,8.201004000000001,-0.10882866468273011,1.91846497454686,1.921549254330919,0.09252451806288332,-0.3040939028582659,0.00018462348460344445,0.006335797254487857,4.807470632179093,2.417605844158665,1.2358552590819505,0.00012088416037728391,2.6135716450172965e-05,4.144e-07,2.188e-06,3.0328e-06,1.7736e-06,8.447999999999999e-07,1.0367157543402679,0.7472216304842344,1.7184e-06,0.3627202484208261,4.931808,1.4399539214745127,1.4618031206566406,1.7711849800513255,0.8984615295568222,0.09881914265847898,0.0022792943316209476,0.0002348348940416414,60.0,1.0,5.0,1.0,9.0,9.0,32.0
20260820_163312_a22229db,10.0,gain_sweep_60,0,0.0,0.0,0.0,0,0,0.0,0.0,4.180904,8.120602,-0.10874762206009406,1.9138591698615999,1.9169462609491843,0.09538524414404412,-0.29558547963085813,0.0001837400278611007,0.00671978496688106,4.775302547206389,2.409720537141815,1.2369309202571759,0.00012048988240995018,2.6130467857595153e-05,4.12e-07,2.1904e-06,3.0184e-06,1.7783999999999998e-06,8.280000000000004e-07,1.0336510861882842,0.7443401663568204,1.7184e-06,0.3607654039507645,4.931808,1.4399539214745127,1.4582710643497852,1.7763029251942193,0.8982523804799183,0.09900266826052463,0.00230258055290765,0.00023440642692381365,60.0,1.0,5.0,1.0,9.0,9.0,32.0
20260820_163314_daa5eb53,5.0,gain_sweep_60,0,0.0,0.0,0.0,0,0,0.0,0.0,4.180904,8.120602,-0.11619196582509357,2.121277248853037,2.124457045794009,0.14323853037427256,-0.6389276677959268,0.0002256731082795735,0.005327829509455697,4.907033367140723,2.7535537223090394,1.1962037605366738,0.00013768209180140768,2.696164062229768e-05,4.144e-07,2.164e-06,3.3784e-06,1.7496e-06,1.2144000000000002e-06,1.0271236359741873,1.03488307871849,1.2624e-06,0.5773187075997803,3.623088,1.159962881187802,1.379903032437809,1.5693481050269555,0.9177858275780614,0.07957012582070537,0.0022850230083050925,0.00020317298742424675,60.0,1.0,5.0,1.0,9.0,9.0,32.0
20260820_163317_ddaf0445,5.0,gain_sweep_60,0,0.0,0.0,0.0,0,0,0.0,0.0,4.180904,8.201004000000001,-0.11051126389555534,2.1234421872446188,2.1263159365480013,0.12932862386027746,-0.6170216653372731,0.00022606820705203945,0.0060958049342421045,5.017421466411299,2.7430199867861633,1.2271118381184687,0.00013715538817128702,2.7015461880349835e-05,4.144e-07,1.6984e-06,2.212e-06,1.284e-06,5.136000000000003e-07,0.7431430926244823,1.411581320964663,1.2264e-06,0.5457586203619873,3.519768,1.159962881187802,1.405685924542604,1.593704099026261,0.8952889025560805,0.1021833532434751,0.0021268206009783675,0.00023153375947094874,60.0,1.0,5.0,1.0,9.0,9.0,32.0
20260820_163317_6b2d2f67,5.0,gain_sweep_60,0,0.0,0.0,0.0,0,0,0.0,0.0,4.180904,8.201004000000001,-0.10987450043198614,2.100474110529285,2.103345880935651,0.12633143755464937,-0.5904548314896871,0.00022121027324468025,0.005039838725160795,4.985571672095264,2.705092017153098,1.2322652327609103,0.00013525892900488235,2.678325725984588e-05,4.12e-07,1.696e-06,2.2192e-06,1.284e-06,5.231999999999999e-07,0.7387191357158616,1.4152716212676568,1.2192e-06,0.5464484285350393,3.499104,1.159962881187802,1.4043228568429902,1.5876249156134286,0.8934030411804337,0.10411441081208081,0.002095685447113214,0.0002240056099072211,60.0,1.0,5.0,1.0,9.0,9.0,32.0
20260820_163335_850320e1,25.0,lp_sweep_10,0,0.0,0.0,0.0,0,0,0.0,0.0,4.180904,8.120602,-0.10895215820293751,0.5842325539895499,0.5943048459488028,0.3808716939485742,23.199792405681084,1.766047761311138e-05,0.008255735816453873,5.969922325211432,0.421475072442331,0.7189796760777508,2.1074427982232457e-05,1.5415581806086907e-05,-1.616e-07,4.048e-07,1.6792e-06,5.664e-07,1.2744e-06,1.4280312837371882,0.8718832291326032,1.2816e-06,0.5737782460500994,3.6781919999999997,1.039966721064926,1.6297771752906662,4.8510351470268995,0.9017942756215646,0.0794257412779946,0.011321273678177948,0.004898446152251763,33.0,1.0,10.0,1.0,9.0,9.0,32.0
20260820_163337_ac1bea1a,25.0,lp_sweep_10,0,0.0,0.0,0.0,0,0,0.0,0.0,4.180904,8.120602,-0.10679102159930882,0.5917210262475622,0.6012803798542675,0.3264957758066223,22.835121454082536,1.8077483220836927e-05,0.011519631371796103,5.995579609408785,0.4288956631807828,0.7264741087767781,2.144546939210023e-05,1.5526148867671737e-05,-1.736e-07,4.048e-07,1.684e-06,5.784e-07,1.2792e-06,1.4350891157348553,0.8708991753435937,1.2768e-06,0.5694816092983948,3.664416,1.039966721064926,1.6260965714957045,4.848118754861985,0.9023054929316915,0.07915467062429946,0.011193866219926938,0.004778990456515051,33.0,1.0,10.0,1.0,9.0,9.0,32.0
20260820_163338_1d5a6038,25.0,lp_sweep_10,0,0.0,0.0,0.0,0,0,0.0,0.0,4.180904,8.120602,-0.10667524642411443,0.592579765963066,0.6021049636305016,0.31638039606236507,22.833037171569906,1.812709941004395e-05,0.011519631371796103,5.911092057969353,0.4293891805671184,0.7275640520261003,2.1470146051044827e-05,1.5553489112746444e-05,-1.664e-07,4.048e-07,1.6744e-06,5.712e-07,1.2696e-06,1.4134705190062173,0.8787798356006428,1.2744e-06,0.5684272834601809,3.657528,1.039966721064926,1.6184949174940328,4.717821420564398,0.9024492628497334,0.07897390346440183,0.011388173399369388,0.0047062649707057015,33.0,1.0,10.0,1.0,9.0,9.0,32.0
20260820_163340_a8f22a0f,20.0,lp_sweep_10,0,0.0,0.0,0.0,0,0,0.0,0.0,4.180904,8.120602,-0.10931492041854661,0.555705679538282,0.5663555015158032,0.5266284518906573,26.47340738048366,1.60384409185474e-05,0.01027167130651819,5.931977808809442,0.40319551920053004,0.6834177767953183,2.0160421072857222e-05,1.5620452801122826e-05,-1.664e-07,4.048e-07,1.684e-06,5.712e-07,1.2792e-06,1.4241512644266754,0.8699648117342902,1.7328e-06,0.5262717740218416,4.973135999999999,1.1399635211673225,1.7151277818841044,5.261275445722013,0.8847637107926232,0.0934692241242284,0.012272406029989863,0.005880002272173532,33.0,1.0,10.0,1.0,9.0,9.0,32.0
20260820_163342_cd31544e,20.0,lp_sweep_10,0,0.0,0.0,0.0,0,0,0.0,0.0,4.180904,8.120602,-0.10683733166938657,0.6083549097045572,0.6176648861639089,0.15212231916374278,20.442116478042383,1.9076105995852285e-05,0.011999616012287606,5.962097255027465,0.4718109365445238,0.7273620829717227,2.3591301724724658e-05,1.639394570402185e-05,-1.664e-07,4.024e-07,1.672e-06,5.688e-07,1.2696e-06,1.4303637583333468,0.8839696175332442,1.2576e-06,0.5094070031623033,3.609312,1.1399635211673225,1.5800271667591645,4.75884511269974,0.9028805858570856,0.07977941385303473,0.010597547257356172,0.004394315086507476,33.0,1.0,10.0,1.0,9.0,9.0,32.0
20260820_163343_5c82183d,20.0,lp_sweep_10,0,0.0,0.0,0.0,0,0,0.0,0.0,4.180904,8.120602,-0.10737761582029375,0.6080664133531973,0.617474465405228,0.154373681989797,20.514347137773818,1.9064345810918288e-05,0.012095612940385908,5.8801619309768824,0.4685965469474921,0.729035126104309,2.343057710184972e-05,1.6350705707190843e-05,-1.664e-07,4.024e-07,1.6672e-06,5.688e-07,1.2648000000000002e-06,1.4093922155238277,0.8981521543633781,1.248e-06,0.4998748086013174,3.5817599999999996,1.1399635211673225,1.555498257430252,4.579262968125316,0.9011453258658209,0.08180552219185076,0.010530427376797892,0.004340495812803554,33.0,1.0,10.0,1.0,9.0,9.0,32.0
20260820_163345_8db7382a,15.0,lp_sweep_10,1,0.9977538969325886,5.244e-06,5756.345646639972,2,2,0.37201480924423885,15.05028,4.180904,8.120602,-0.10873218537006817,0.5485998969366455,0.559271432360217,0.4316367273659922,28.362721760828936,1.5639727207968526e-05,0.011423634443697801,5.968432110974656,0.3866949179032862,0.6813811402086011,1.9335364607032954e-05,1.483246919216622e-05,-1.664e-07,4.048e-07,1.6912e-06,5.712e-07,1.2864e-06,1.4295677259204382,0.8598458037611455,1.74e-06,0.5413918845785026,4.9938,1.1399635211673225,1.755807456688347,5.355146592904352,0.8790761423561351,0.09795523245663816,0.013038998400102744,0.006137345543060111,33.0,1.0,10.0,1.0,9.0,9.0,32.0
20260820_163348_b77f0ae1,15.0,lp_sweep_10,1,0.9880685860344617,5.2824e-06,5606.591034581839,2,3,0.3303977659522514,15.160487999999997,4.180904,8.120602,-0.10661349966401076,0.6159015677234737,0.6250609405768695,0.10388918029802649,19.54942899466684,1.9535684093629134e-05,0.016031486992416244,5.884643197474384,0.4896031819624207,0.7282829555148642,2.4480942463212174e-05,1.58481123056599e-05,-1.736e-07,4e-07,1.6744e-06,5.736e-07,1.2744e-06,1.4124296744224045,0.9024374664683265,1.2552e-06,0.5185095302037466,3.6024240000000005,1.1399635211673225,1.5697885990158467,4.6271229119062,0.903034206139366,0.08051765289152885,0.010077678490459764,0.004157515416120591,33.0,1.0,10.0,1.0,9.0,9.0,32.0
20260820_163348_d3b29bb7,15.0,lp_sweep_10,0,0.0,0.0,0.0,0,0,0.0,0.0,4.180904,8.120602,-0.10370368359412496,0.5707987988046852,0.5801428468126292,-0.4690639626872701,30.838284720781395,1.6828824640549418e-05,0.005855812613996352,6.013600557336755,0.32476664318932114,0.7462962662993118,1.6238851786095158e-05,1.2552772940557292e-05,-1.664e-07,4.072e-07,1.684e-06,5.736e-07,1.2768000000000002e-06,1.440177344442625,0.8597268462386342,1.2288e-06,0.524074812258524,3.526656,1.0199673610444466,1.6651797622655329,4.742590883778609,0.829734412163974,0.14817316861775198,0.014049813378007306,0.005419421116080468,33.0,1.0,10.0,1.0,9.0,9.0,32.0
20260820_163352_d54e8e22,10.0,lp_sweep_10,0,0.0,0.0,0.0,0,0,0.0,0.0,4.180904,8.120602,-0.10754741941057885,0.6024710416332478,0.6119949374206666,0.5412975559020589,19.35937465714217,1.872748943191177e-05,0.010847652875107996,5.996422234771125,0.4714479560765038,0.7178525531311801,2.357315212055491e-05,1.5099721792506561e-05,-1.736e-07,4.048e-07,1.6792e-06,5.784e-07,1.2744e-06,1.4337613422916113,0.8757071111030863,1.2912e-06,0.5341766645727705,3.705744,1.1399635211673225,1.5656538597852108,4.492335654658725,0.905201948193725,0.07678476390524606,0.010771296695629904,0.0048984688471293385,33.0,1.0,10.0,1.0,9.0,9.0,32.0
20260820_163354_386cb798,10.0,lp_sweep_10,0,0.0,0.0,0.0,0,0,0.0,0.0,4.180904,8.120602,-0.10687206422194488,0.640506186597071,0.6493610807402777,0.2210174840087464,16.451089412586555,2.108416533071016e-05,0.011615628299894404,5.975204565871533,0.5187954447286997,0.7502182159787258,2.594060230914655e-05,1.5430569935676717e-05,-1.736e-07,4.024e-07,1.672e-06,5.76e-07,1.2696e-06,1.440709444777308,0.882199971592695,1.272e-06,0.5205839569944897,3.65064,1.1399635211673225,1.5140362094913558,4.402867869951321,0.9114679230427984,0.07310000157712732,0.009444864642337444,0.0039515810024196765,33.0,1.0,10.0,1.0,9.0,9.0,32.0
20260820_163355_9c6c7113,10.0,lp_sweep_10,0,0.0,0.0,0.0,0,0,0.0,0.0,4.180904,8.120602,-0.1079410550062398,0.6438986626454074,0.6528834192353213,0.17923237390210253,16.228278645044895,2.1313519966434798e-05,0.008831717385043679,5.8661311327390875,0.5240657456539729,0.7525151395105619,2.6204125787891694e-05,1.5459182617885744e-05,-1.76e-07,4.024e-07,1.6768e-06,5.784e-07,1.2744e-06,1.4070048599364402,0.9010383263513718,1.2696e-06,0.5197110813810485,3.643752,1.1399635211673225,1.510487069081344,4.406001304027271,0.9117095021481234,0.07312700228065962,0.009374111394490741,0.0038039444954790997,33.0,1.0,10.0,1.0,9.0,9.0,32.0
20260820_163358_8e19c0c3,5.0,lp_sweep_10,0,0.0,0.0,0.0,0,0,0.0,0.0,4.180904,8.120602,-0.10846204329461458,0.6586855403923226,0.6675557324730039,0.24803679565513692,15.83512944412805,2.228224580692797e-05,0.015455505423826437,5.886351686266977,0.5497255362338087,0.759849037189721,2.7487156372548407e-05,1.576516789682975e-05,-1.664e-07,4.024e-07,1.6672e-06,5.688e-07,1.2648000000000002e-06,1.4102453869978469,0.8867459942873778,1.2672e-06,0.6208425035130766,3.6368639999999997,1.159962881187802,1.5210347185671154,4.233438837731224,0.9121840250545991,0.07331602237595854,0.008782386251924958,0.0037508698716712365,33.0,1.0,10.0,1.0,9.0,9.0,32.0
20260820_163401_50c964cf,5.0,lp_sweep_10,0,0.0,0.0,0.0,0,0,0.0,0.0,4.180904,8.120602,-0.10657104876643947,0.6593231728181762,0.6678805541788183,0.1999550586273997,16.239545169967663,2.230393543560571e-05,0.01468752999904003,5.8397844155363625,0.5537111256435749,0.7577838503163521,2.7686442219979777e-05,1.58751538820669e-05,-1.664e-07,4e-07,1.6696e-06,5.664e-07,1.2696e-06,1.403329343935285,0.8974494014822919,1.26e-06,0.6232376265390779,3.6162,1.159962881187802,1.5065899304508414,4.199106552089514,0.9086506643715068,0.07687191902682422,0.008890687975150403,0.003697450599687117,33.0,1.0,10.0,1.0,9.0,9.0,32.0
20260820_163401_fab12536,5.0,lp_sweep_10,0,0.0,0.0,0.0,0,0,0.0,0.0,4.180904,8.120602,-0.10519332418162618,0.6497251365069487,0.6581856793195625,0.21527516244167091,16.684233644335954,2.1661112556489236e-05,0.01334357300566382,5.8783584558715045,0.5466358758857047,0.7460577398047888,2.7332668411686655e-05,1.5912316755230975e-05,-1.736e-07,4e-07,1.6672e-06,5.736e-07,1.2672000000000001e-06,1.4094866632235796,0.8966707166283215,1.2624e-06,0.6077509909905935,3.623088,1.159962881187802,1.5131340828312463,4.280366824031827,0.9059208763543395,0.0790772578061325,0.009230962672062196,0.0037743239499686844,33.0,1.0,10.0,1.0,9.0,9.0,32.0
20260820_163412_ce772185,25.0,lp_sweep_15,1,0.9962780515804605,8.7984e-06,5738.999596369119,3,1,0.42653382828233294,25.251407999999998,4.180904,8.120602,-0.11127923922434482,0.5859066498660292,0.5963804754010503,-0.05535582574168602,25.23769511453422,1.7784052643453444e-05,0.008447729672650475,5.999128010300491,0.4038321778427544,0.7320723900969153,2.0192255023622268e-05,1.4738942068714095e-05,-1.88e-07,4e-07,1.6912e-06,5.879999999999999e-07,1.2912e-06,1.3276007553916194,0.8779099717269646,1.7375999999999999e-06,0.5358709818469023,4.986911999999999,1.1399635211673225,1.7995074650702005,5.283435807507562,0.8847647748019895,0.09121744691704047,0.013078217003396323,0.006994904143560013,33.0,1.0,15.0,1.0,9.0,9.0,32.0
20260820_163415_e6b09f09,25.0,lp_sweep_15,1,0.9965851759912229,8.82e-06,5730.327210271421,3,1,0.401027391032466,25.3134,4.180904,8.120602,-0.10937666717865027,0.5907292914465847,0.6007697987549752,0.1566883886484487,23.230728803962617,1.804679503376642e-05,0.008063741960257272,5.972219318868579,0.4171290589674553,0.7320766943255371,2.085712035486711e-05,1.4992842874395615e-05,-1.856e-07,4e-07,1.6792e-06,5.856e-07,1.2792e-06,1.3191969960331025,0.8838186655150466,1.3008e-06,0.5619891980008,3.7332959999999997,1.2599596812901985,1.7779511586129813,5.188018754679003,0.8901168318821795,0.08675258710700111,0.01272993549287668,0.0066581157663020965,33.0,1.0,15.0,1.0,9.0,9.0,32.0
20260820_163415_6d033880,25.0,lp_sweep_15,1,0.9965231014147024,8.64e-06,5737.439886795296,3,1,0.4328656930862474,24.7968,4.180904,8.120602,-0.11027971354516655,0.6074078572636914,0.617337768393667,0.06018653841385247,22.033987497013676,1.9055905783736105e-05,0.008447729672650475,5.9402322556748395,0.43224506580174693,0.7505075310696642,2.161294488219263e-05,1.5008699515007111e-05,-1.856e-07,4.024e-07,1.5376e-06,5.88e-07,1.1352e-06,1.3064339505735376,0.8835521904370882,1.3056e-06,0.5690136079132443,3.747072,1.2599596812901985,1.7785854504866476,5.07870058349334,0.8943679933420344,0.08301627586824684,0.012413978293559072,0.006521292124617872,33.0,1.0,15.0,1.0,9.0,9.0,32.0
20260820_163419_3ddd18a8,20.0,lp_sweep_15,0,0.0,0.0,0.0,0,0,0.0,0.0,4.180904,8.120602,-0.10923387779591053,0.5983892580994254,0.6082776868068669,0.2805505996591542,21.38253531603044,1.8500679216146467e-05,0.009791686666026688,5.999870845782894,0.453539056155233,0.7227960904509463,2.2677678470251497e-05,1.604409453654465e-05,-1.856e-07,4.024e-07,1.672e-06,5.88e-07,1.2696e-06,1.3423932011002704,0.8884898490333786,1.272e-06,0.5293908933536156,3.65064,1.1399635211673225,1.6244151580784,4.827791476347913,0.9026577309691959,0.0770674538358397,0.012007338842427166,0.005690645537587305,33.0,1.0,15.0,1.0,9.0,9.0,32.0
20260820_163421_b10c2ebe,20.0,lp_sweep_15,0,0.0,0.0,0.0,0,0,0.0,0.0,4.180904,8.120602,-0.10552521301718344,0.6192081478109269,0.6281355752524773,0.24675552485554245,20.551754411584778,1.9728346331769468e-05,0.009311702025535183,5.868368210298685,0.4663446617764051,0.7486982056398249,2.33179792402791e-05,1.5897843259316165e-05,-1.856e-07,4e-07,1.66e-06,5.856e-07,1.26e-06,1.3052605719815726,0.9205269870151286,1.7448e-06,0.4400181350508484,5.007575999999999,1.159962881187802,1.5428939869556797,4.520716666252476,0.890690045817904,0.09053516966791861,0.011217853291779049,0.005316667614575428,33.0,1.0,15.0,1.0,9.0,9.0,32.0
20260820_163422_7ff8095d,20.0,lp_sweep_15,0,0.0,0.0,0.0,0,0,0.0,0.0,4.180904,8.120602,-0.10515473245656137,0.6210298608041707,0.629869514874675,0.28774865296403673,20.4954642566271,1.983741506539215e-05,0.008351732744552174,5.848631376577019,0.4685659053106546,0.7502768830878616,2.3429044970981226e-05,1.5887309894025448e-05,-1.832e-07,4e-07,1.6576e-06,5.832e-07,1.2576e-06,1.3156844931136742,0.920594917348641,1.7496e-06,0.4480511189202996,5.021351999999999,1.159962881187802,1.5421829136580636,4.517361231888124,0.8891512894098149,0.09221889832724066,0.01116163931367881,0.0051781041401814665,33.0,1.0,15.0,1.0,9.0,9.0,32.0
20260820_163426_f939e64f,15.0,lp_sweep_15,1,0.9901465283061635,5.2488e-06,5773.765688768356,3,2,0.3718887362151716,15.064055999999999,4.180904,8.120602,-0.1113178309494096,0.5796507552162,0.5902428801010583,0.3448340692780062,23.282654456285705,1.741989029415163e-05,0.01583949313621964,5.947533385023265,0.4366071209014427,0.7027310945898189,2.1831054616465577e-05,1.5574665467932048e-05,-1.832e-07,4.024e-07,1.5328e-06,5.856e-07,1.1304e-06,1.3313875464468887,0.8686403049695991,1.2984e-06,0.5342531048919489,3.7264079999999997,1.1399635211673225,1.7432179003045847,5.134546405719785,0.8943915188746642,0.08271852501387207,0.012441898067815125,0.006946973611377591,33.0,1.0,15.0,1.0,9.0,9.0,32.0
20260820_163429_4548b000,15.0,lp_sweep_15,1,0.982744163351978,5.3568e-06,5605.22397823362,2,3,0.3272944600821905,15.374016000000001,4.180904,8.120602,-0.10540557866948257,0.6256831629453342,0.6344996110384357,0.041393135281430425,19.225302708604485,2.0130131964006558e-05,0.016223480848612845,5.899104060533881,0.4967598595975204,0.7398431907882428,2.4838787795651378e-05,1.5818335765229276e-05,-1.856e-07,4e-07,1.6648e-06,5.856e-07,1.2648e-06,1.3254858133888894,0.9165381633007427,1.2216e-06,0.5039878187409916,3.5059920000000004,1.1399635211673225,1.5718499221695292,4.504986347773339,0.9000126339550046,0.08148677265764352,0.011094783373515401,0.00510773665734107,33.0,1.0,15.0,1.0,9.0,9.0,32.0
20260820_163429_bc0bf515,15.0,lp_sweep_15,1,0.9816245348403804,5.3568e-06,5618.2720395770575,2,3,0.32384716750466075,15.374016000000001,4.180904,8.120602,-0.10559853729480656,0.625129671695885,0.6339859284821766,0.0780215266373647,19.401693552819854,2.0097550976722398e-05,0.015263511567629836,5.869977106572875,0.49340192256521676,0.7411808285818396,2.4670885571336944e-05,1.5734318248453312e-05,-1.856e-07,4e-07,1.6624e-06,5.856e-07,1.2624e-06,1.3154224645633688,0.9191885331788306,1.2264e-06,0.5000796385301907,3.519768,1.1399635211673225,1.562723834786676,4.498206089798198,0.8983279528459619,0.08329762456532241,0.01105755937412431,0.005054134632395225,33.0,1.0,15.0,1.0,9.0,9.0,32.0
20260820_163433_528964db,10.0,lp_sweep_15,0,0.0,0.0,0.0,0,0,0.0,0.0,4.180904,8.120602,-0.10907565172314485,0.5903588491100527,0.6003507878910251,0.37936196076839107,21.226509844864584,1.8021630099778366e-05,0.0112316405875012,5.919399963114126,0.459328536214513,0.7057130471179816,2.2967161736383593e-05,1.5163576371623115e-05,-1.856e-07,4.024e-07,1.6768e-06,5.88e-07,1.2744e-06,1.3155947360647045,0.8765504924204703,1.7304e-06,0.5224902446597107,4.966248,1.1399635211673225,1.674102554343639,4.9870534538342275,0.8948805143570947,0.0829949746368562,0.012307593706792685,0.006412442422496179,33.0,1.0,15.0,1.0,9.0,9.0,32.0
20260820_163435_7b61397a,10.0,lp_sweep_15,0,0.0,0.0,0.0,0,0,0.0,0.0,4.180904,8.120602,-0.10508526735144474,0.6577174914049938,0.6660594657494199,0.14227202124040916,15.497069275061016,2.2182470412059195e-05,0.010463665162714793,5.791469265999058,0.5399464929303132,0.7646863419519032,2.6998188560904346e-05,1.5667427653252777e-05,-1.856e-07,4e-07,1.6648e-06,5.856e-07,1.2648e-06,1.2861259147247648,0.9251274421630814,1.2648e-06,0.4795501398958415,3.629976,1.159962881187802,1.5001351914279994,4.329620891365824,0.9089894426374064,0.07433158148697838,0.009942815100446195,0.004636437052499333,33.0,1.0,15.0,1.0,9.0,9.0,32.0
20260820_163436_e9a32c68,10.0,lp_sweep_15,0,0.0,0.0,0.0,0,0,0.0,0.0,4.180904,8.120602,-0.10193232341365077,0.6683240909943354,0.6760527266122888,0.18587259423494798,14.958268317631749,2.2853095733658156e-05,0.010751655947009695,5.879696855470908,0.552105589575412,0.7739130711343439,2.760616284771392e-05,1.5746824452067666e-05,-1.832e-07,4e-07,1.6552e-06,5.832e-07,1.2552e-06,1.3175378580736692,0.9166189963341508,1.2624e-06,0.47194192988610484,3.623088,1.159962881187802,1.4928866851008329,4.264551802934366,0.9070830993569438,0.0766165534301299,0.009737820277895519,0.00451719520780271,33.0,1.0,15.0,1.0,9.0,9.0,32.0
20260820_163440_f6cb9089,5.0,lp_sweep_15,0,0.0,0.0,0.0,0,0,0.0,0.0,4.180904,8.120602,-0.10904477834309304,0.6616021750999075,0.6705283005070128,0.24422350799982354,14.097296240132476,2.2481129462163995e-05,0.017567437841989057,5.9160865299354235,0.5893742866541897,0.73486922449034,2.946965733156813e-05,1.6352573251727627e-05,-1.856e-07,4.024e-07,1.672e-06,5.88e-07,1.2696e-06,1.3074328583018973,0.8959326673093019,1.2768e-06,0.6016991835875036,3.664416,1.159962881187802,1.5395571473223175,4.347469409590859,0.919780381249693,0.0634234427007506,0.009940066061174055,0.00477220391518003,33.0,1.0,15.0,1.0,9.0,9.0,32.0
20260820_163442_97ed5396,5.0,lp_sweep_15,0,0.0,0.0,0.0,0,0,0.0,0.0,4.180904,8.120602,-0.1061426806182202,0.6798641595836705,0.6880999521401175,0.035193205477197745,14.904490610382332,2.3674834777232217e-05,0.01449553614284343,5.856299695730659,0.5904449397928125,0.7662515674652403,2.9523191701544296e-05,1.601415813192507e-05,-1.856e-07,3.976e-07,1.6576e-06,5.832e-07,1.26e-06,1.2958922599022884,0.9226182558854069,1.224e-06,0.5986569374536976,3.5128800000000004,1.159962881187802,1.501919034977879,4.165810039420242,0.9109394827144971,0.07318880607262142,0.009393365749644146,0.004474997373613266,33.0,1.0,15.0,1.0,9.0,9.0,32.0
20260820_163443_f54d9c78,5.0,lp_sweep_15,0,0.0,0.0,0.0,0,0,0.0,0.0,4.180904,8.120602,-0.10381945876931938,0.6809987334023269,0.6888670081479645,0.04597462006954652,15.11271659792287,2.3727647006144257e-05,0.015647499280023038,5.869460331448485,0.5879599030806312,0.7698475484639521,2.9398935889876487e-05,1.595511889044705e-05,-1.832e-07,4e-07,1.66e-06,5.832e-07,1.26e-06,1.3201780191776216,0.9187589758171123,1.2168e-06,0.5915801084949289,3.492216,1.159962881187802,1.4984811377750156,4.192233216885187,0.9087600435866227,0.07545380027329764,0.009354170471298696,0.004451227626909461,33.0,1.0,15.0,1.0,9.0,9.0,32.0
20260820_163450_5240b8d8,25.0,lp_sweep_22_5,1,0.9952399053279062,8.7552e-06,5745.743421830611,3,1,0.5067877268507142,25.127424,4.180904,8.120602,-0.11297341595468943,0.651247661313149,0.6609739095292018,-0.3207566420138401,20.806616023781107,2.1845024472330397e-05,0.007391763463569166,6.092077494135713,0.45275561932494945,0.8099846468349324,2.263850537523839e-05,1.4491318310199187e-05,-1.976e-07,4.24e-07,1.5376e-06,6.216e-07,1.1135999999999998e-06,1.2493687108330893,0.9019033504371016,8.7408e-06,0.11430302877089045,25.086095999999998,1.2399603212697194,1.790516651015853,5.042685006908962,0.9024210985698905,0.07422912293966727,0.011903443888322039,0.00715249890766479,33.0,1.0,22.5,1.0,9.0,9.0,32.0
20260820_163453_21bec666,25.0,lp_sweep_22_5,0,0.0,0.0,0.0,0,0,0.0,0.0,4.180904,8.120602,-0.11345581251799942,0.6051536579675076,0.6156973048061641,-0.00837867352294547,22.143438352293465,1.8954765090352562e-05,0.00892771431314198,6.0755894295254,0.4306763976487014,0.7482356621752532,2.153450896467131e-05,1.5027403948715154e-05,-1.976e-07,4.24e-07,1.5256e-06,6.216e-07,1.1016000000000002e-06,1.2281767138390844,0.8948000726424228,1.2984e-06,0.5779273453245972,3.7264079999999997,1.2599596812901985,1.7963057664080075,5.293907580156171,0.903058695941003,0.07182380295024582,0.012574449396118754,0.007855048770300624,33.0,1.0,22.5,1.0,9.0,9.0,32.0
20260820_163454_052fec32,25.0,lp_sweep_22_5,0,0.0,0.0,0.0,0,0,0.0,0.0,4.180904,8.120602,-0.11190056599788807,0.6047373143379956,0.6150032162707603,-0.007734207245528593,22.18688714515123,1.891205296749861e-05,0.009599692809830085,6.120255654051035,0.4294342963282387,0.7480403291252701,2.1472401911286062e-05,1.4977218882376204e-05,-1.976e-07,4.24e-07,1.5256e-06,6.216e-07,1.1016000000000002e-06,1.2388088186486772,0.8967231248300893,1.296e-06,0.5799251870203015,3.71952,1.2599596812901985,1.8024201567700329,5.4010728069435325,0.9031284680194458,0.07149826965908976,0.012636751976629508,0.007978628308542825,33.0,1.0,22.5,1.0,9.0,9.0,32.0
20260820_163457_13830a4f,20.0,lp_sweep_22_5,0,0.0,0.0,0.0,0,0,0.0,0.0,4.180904,8.120602,-0.11383401142363443,0.5730721473905313,0.5842686610383881,0.20484840625766942,25.79305354062128,1.7069039605368778e-05,0.011615628299894404,6.017769988904984,0.41609394179577014,0.704777098294982,2.080536284009538e-05,1.555440345934756e-05,-1.976e-07,4.24e-07,1.528e-06,6.216e-07,1.104e-06,1.221147972904052,0.9101408897644043,1.728e-06,0.5371467192586981,4.95936,1.1399635211673225,1.7928022308444977,5.644547423312337,0.8927756463909765,0.07985815247193977,0.013644759170482978,0.008549531380834256,33.0,1.0,22.5,1.0,9.0,9.0,32.0
20260820_163500_cfcef431,20.0,lp_sweep_22_5,0,0.0,0.0,0.0,0,0,0.0,0.0,4.180904,8.120602,-0.10747795430546221,0.633016702257697,0.642076051569358,-0.10908986272818681,19.968670496049665,2.0613742418594444e-05,0.010943649803206298,6.005758569020923,0.4846083750979968,0.7603820992940304,2.42311941283e-05,1.6075402804089004e-05,-1.976e-07,4.216e-07,1.6648e-06,6.192e-07,1.2431999999999998e-06,1.2399972669679842,0.9197459814672687,6.8448e-06,0.14716554839399384,19.644576,1.1399635211673225,1.5718029797471789,4.647957081575555,0.9115522795116919,0.06800149435585068,0.010899451682690747,0.006410379478300211,33.0,1.0,22.5,1.0,9.0,9.0,32.0
20260820_163500_9d75a4d7,20.0,lp_sweep_22_5,0,0.0,0.0,0.0,0,0,0.0,0.0,4.180904,8.120602,-0.10452568733800519,0.6342644596529541,0.6428195890701653,-0.08684658841251512,19.974134596435135,2.0661512351855357e-05,0.009887683594124988,6.040397829209387,0.48257011943924333,0.7633399256366953,2.4129278084153268e-05,1.597413369631212e-05,-1.976e-07,4.24e-07,1.6648e-06,6.216e-07,1.2408e-06,1.2293160172735866,0.9120822492241383,6.8352e-06,0.1451456755719149,19.617024,1.1399635211673225,1.5684963013689666,4.644446286295944,0.9100455338439236,0.06947096289366775,0.010990346064905739,0.006419192537744552,33.0,1.0,22.5,1.0,9.0,9.0,32.0
20260820_163504_6c20116c,15.0,lp_sweep_22_5,1,0.9979975868981189,4.9632e-06,5776.388601525286,2,1,0.38441723677472794,14.244384,4.180904,8.120602,-0.11280747153691081,0.559318490688798,0.5705810193661772,0.13374477368921836,28.848672144161004,1.6278655883366755e-05,0.014207545358548526,6.028779807023556,0.3868645867990392,0.6991482198783414,1.934384832329084e-05,1.4446819676353009e-05,-1.976e-07,4.24e-07,1.5256e-06,6.216e-07,1.1016000000000002e-06,1.22305498159283,0.9032614530955392,1.7352e-06,0.5489836388121115,4.980023999999999,1.1399635211673225,1.8016570063138764,5.635845384560635,0.886388202888926,0.08500270149350343,0.014575756125768132,0.008968569747705641,33.0,1.0,22.5,1.0,9.0,9.0,32.0
20260820_163507_b31b056b,15.0,lp_sweep_22_5,0,0.0,0.0,0.0,0,0,0.0,0.0,4.180904,8.120602,-0.10510456321397713,0.6288747165258142,0.6375973480919005,0.24058853757697188,20.912150119048757,2.0327169363296476e-05,0.014399539214745127,6.0709078884391054,0.47763118784937864,0.7575950983161012,2.3882323602369493e-05,1.54698430731439e-05,-1.976e-07,4.24e-07,1.6552e-06,6.216e-07,1.2312000000000002e-06,1.240446412108256,0.9167439021711097,1.7375999999999999e-06,0.4654322259853253,4.986911999999999,1.1399635211673225,1.5603710126472958,4.733286271251688,0.8998295529058682,0.0795565133722529,0.011114917609052642,0.006338742506740663,33.0,1.0,22.5,1.0,9.0,9.0,32.0
20260820_163507_10244224,15.0,lp_sweep_22_5,0,0.0,0.0,0.0,0,0,0.0,0.0,4.180904,8.120602,-0.10595744033790919,0.6284050380346388,0.6372753494293323,0.2600475145559095,20.96901828683019,2.030664334130746e-05,0.014735528463089181,6.0049415197036815,0.47757027420934023,0.7569700619070004,2.3879277822905746e-05,1.5545616700273626e-05,-1.976e-07,4.24e-07,1.6528e-06,6.216e-07,1.2288e-06,1.2240965881118437,0.9256395959202395,1.7424e-06,0.4658682889480445,5.000688,1.1399635211673225,1.5642011460950762,4.764140527169683,0.8987802457693035,0.08031445068990967,0.011323280947589756,0.006481162672991855,33.0,1.0,22.5,1.0,9.0,9.0,32.0
20260820_163511_e3884d1c,10.0,lp_sweep_22_5,0,0.0,0.0,0.0,0,0,0.0,0.0,4.180904,8.120602,-0.11164200143995393,0.590848351181497,0.6013033432298646,0.11336356563569738,22.979120071300756,1.8078864034107542e-05,0.0113276375155995,6.050189895142186,0.44744083287114794,0.7145127840644893,2.2372757548889994e-05,1.4977748900926578e-05,-1.976e-07,4.24e-07,1.5256e-06,6.216e-07,1.1016000000000002e-06,1.2279495068609207,0.899009095318068,1.7328e-06,0.5418551897842621,4.973135999999999,1.1399635211673225,1.74390218288873,5.365223265255689,0.8961652832505754,0.0778641205702638,0.012944145491546218,0.008173914907135744,33.0,1.0,22.5,1.0,9.0,9.0,32.0
20260820_163513_ceba17bf,10.0,lp_sweep_22_5,0,0.0,0.0,0.0,0,0,0.0,0.0,4.180904,8.120602,-0.10750496851300757,0.6576663398830251,0.6663950276451029,0.0937985010387575,16.170887413953228,2.2204827175238467e-05,0.012095612940385908,6.02048827925614,0.531039253076525,0.7711432961643673,2.6552812316631172e-05,1.5677771437874375e-05,-1.976e-07,4.24e-07,1.6624e-06,6.216e-07,1.2383999999999999e-06,1.2249646356647652,0.9148371854331303,6.8928e-06,0.09229368997735254,19.782336,1.159962881187802,1.5107718065272107,4.512819512137048,0.9178131246766053,0.0633543405742312,0.01002104384975597,0.005878851380163996,33.0,1.0,22.5,1.0,9.0,9.0,32.0
20260820_163514_227ebb9a,10.0,lp_sweep_22_5,0,0.0,0.0,0.0,0,0,0.0,0.0,4.180904,8.120602,-0.10636651262359605,0.6654184481662913,0.6738661188750632,0.11715580733106254,16.033201603663866,2.270550386126091e-05,0.010655659018911395,5.956910962766482,0.5372115613058447,0.7799592127240408,2.6861437603790324e-05,1.566619107977341e-05,-2e-07,4.216e-07,1.6576e-06,6.216e-07,1.2360000000000001e-06,1.2210622162811184,0.9273301033948131,1.7256e-06,0.4704247640464738,4.952472,1.159962881187802,1.501276241002925,4.478011976829621,0.9154035390669313,0.06604903019255079,0.009806391186314524,0.005884368874355218,33.0,1.0,22.5,1.0,9.0,9.0,32.0
20260820_163518_24db43f8,5.0,lp_sweep_22_5,0,0.0,0.0,0.0,0,0,0.0,0.0,4.180904,8.120602,-0.11330144561774025,0.7001924202946239,0.7093001078648677,-0.30842236105699805,13.342763249777434,2.5156137121484476e-05,0.012863588365172315,6.086807763034446,0.6250634224598455,0.7763655844451367,3.125417122446821e-05,1.572876208701802e-05,-1.976e-07,4.24e-07,1.5472e-06,6.216e-07,1.1232e-06,1.2369398904787647,0.8985882750301233,1.7832e-06,0.5895338221993816,5.117784,1.1399635211673225,1.6723957158965277,4.668928961828087,0.9164713951649026,0.06260243366622277,0.01103753184778002,0.006076719290578887,33.0,1.0,22.5,1.0,9.0,9.0,32.0
20260820_163520_ceb43547,5.0,lp_sweep_22_5,0,0.0,0.0,0.0,0,0,0.0,0.0,4.180904,8.120602,-0.11214755303830277,0.6867869619210231,0.6958831832406843,-0.11298909225512407,13.24616779802263,2.4213445041306938e-05,0.01689545934530095,6.077504815600515,0.6059747074000222,0.7673253730980354,3.0299704929532955e-05,1.584381777332032e-05,-1.976e-07,4.24e-07,1.5328e-06,6.216e-07,1.1087999999999999e-06,1.2477309505973229,0.9005252534607339,1.7352e-06,0.597117242564745,4.980023999999999,1.159962881187802,1.6897197022046997,4.748516340992837,0.9172778286582266,0.062049754626909356,0.010530528910414134,0.006284130578653291,33.0,1.0,22.5,1.0,9.0,9.0,32.0
20260820_163521_7db04ac2,5.0,lp_sweep_22_5,0,0.0,0.0,0.0,0,0,0.0,0.0,4.180904,8.0402,-0.10425168609004509,0.588979824638332,0.5981351418229977,-0.6146154213091171,29.898154928778816,1.788885481921749e-05,0.006239800326389555,6.073862642924483,0.3299415225057122,0.7719145709103904,1.6497604031721618e-05,1.2218686271354988e-05,-1.976e-07,4.264e-07,1.6816e-06,6.24e-07,1.2551999999999999e-06,1.238422993589604,0.8937640398265578,1.8792e-06,0.5069600400937312,5.393304,1.0799654411058845,1.7006809577018287,4.852520484342239,0.8601055376819833,0.11256266725448824,0.015386860662649575,0.008202779009530384,33.0,1.0,22.5,1.0,9.0,9.0,32.0
20260820_163529_68f556bd,25.0,lp_sweep_35,0,0.0,0.0,0.0,0,0,0.0,0.0,4.180904,8.120602,-0.10783685734856484,0.6180202631052898,0.6273578192798319,-0.05385443404919754,22.21711925901978,1.967952139511077e-05,0.011039646731304599,6.025095851780892,0.4423255147782706,0.7615172883439106,2.2116983459737177e-05,1.5212627304738237e-05,-2.048e-07,4.336e-07,1.924e-06,6.384e-07,1.4904000000000002e-06,1.1621766895529417,0.9608114140672078,1.236e-06,0.5897711420316581,3.5473199999999996,1.039966721064926,1.689672790251485,5.031664836151429,0.9169494306349533,0.06021552376104322,0.011712313249696845,0.007029833583408782,33.0,1.0,35.0,1.0,9.0,9.0,32.0
20260820_163532_7edf139a,25.0,lp_sweep_35,0,0.0,0.0,0.0,0,0,0.0,0.0,4.180904,8.120602,-0.10778668810598059,0.6167834138516037,0.6261307768631843,-0.11214557242672307,22.49416581473952,1.960261475036431e-05,0.01007967745032159,6.052527182870911,0.44408475032764744,0.758483510640104,2.2204948051982896e-05,1.533224704029069e-05,-2.048e-07,4.312e-07,1.9216e-06,6.36e-07,1.4904e-06,1.1751276200399812,0.9560257404227773,1.224e-06,0.5799819275572263,3.5128800000000004,1.039966721064926,1.6676760919633906,4.960104456996055,0.9163780400773021,0.060387428860390016,0.0120018678329837,0.007193516970839134,33.0,1.0,35.0,1.0,9.0,9.0,32.0
20260820_163532_4f68d307,25.0,lp_sweep_35,0,0.0,0.0,0.0,0,0,0.0,0.0,4.180904,8.120602,-0.11041864375539982,0.6165069401943404,0.6263170795983212,-0.13107095509107441,22.578091415953043,1.9614281846763205e-05,0.010559662090813094,6.045610491676566,0.44588469905451644,0.75735385123362,2.2294948368244308e-05,1.538836145270289e-05,-2.048e-07,4.336e-07,1.924e-06,6.384e-07,1.4904000000000002e-06,1.1651689374819747,0.9580785606036452,1.2192e-06,0.5781012443555603,3.499104,1.039966721064926,1.6586403063530453,4.898949279761622,0.9163030401168547,0.06054508716725577,0.012098944350362628,0.007096472257447492,33.0,1.0,35.0,1.0,9.0,9.0,32.0
20260820_163537_1e9b34d8,20.0,lp_sweep_35,0,0.0,0.0,0.0,0,0,0.0,0.0,4.180904,8.120602,-0.11411959018911394,0.5898595347591354,0.6007974297641385,0.06062051557622214,23.97986399416181,1.8048455112642323e-05,0.00902371124124028,6.0432139663375715,0.4301507859641666,0.7238254289100663,2.1508227539465874e-05,1.555482804333825e-05,-2.048e-07,4.312e-07,1.5232e-06,6.36e-07,1.092e-06,1.1734263529956475,0.9444042323044161,1.7304e-06,0.5107475037126181,4.966248,1.1399635211673225,1.8260760891718344,5.589903643921301,0.8975655412088326,0.07453005254313737,0.013640212265891676,0.008721481604890028,33.0,1.0,35.0,1.0,9.0,9.0,32.0
20260820_163539_f0c48458,20.0,lp_sweep_35,0,0.0,0.0,0.0,0,0,0.0,0.0,4.180904,8.120602,-0.10688750091197081,0.629736551915337,0.6387433464776164,-0.15759502700780373,20.816796154880922,2.040030592237149e-05,0.010751655947009695,6.0837013902082155,0.4711657983784658,0.7632954591915343,2.3559043784200694e-05,1.5699705008483928e-05,-2.048e-07,4.312e-07,1.9264e-06,6.36e-07,1.4951999999999999e-06,1.187855363022584,0.9452698164520665,6.8472e-06,0.13286090231681164,19.651464,1.1399635211673225,1.6040397782692952,4.85972143510199,0.9169094859861058,0.06121292264493529,0.011244183495631645,0.0068439409175417186,33.0,1.0,35.0,1.0,9.0,9.0,32.0
20260820_163540_5bbcdcb9,20.0,lp_sweep_35,0,0.0,0.0,0.0,0,0,0.0,0.0,4.180904,8.120602,-0.10690679677450321,0.6318644005051228,0.6408445083031321,-0.11917168892496043,20.754386613996736,2.0534741281808272e-05,0.010943649803206298,6.105003426029194,0.47065231982938766,0.7671207332415565,2.353336903518111e-05,1.5705377605845812e-05,-2.048e-07,4.312e-07,1.9312e-06,6.36e-07,1.4999999999999998e-06,1.1797789786092274,0.9274521981352151,6.8208e-06,0.13371632604745787,19.575696,1.1399635211673225,1.583680935528091,4.7865496664548886,0.9153846385610177,0.06302720267785257,0.011197304526611447,0.0066786167849170715,33.0,1.0,35.0,1.0,9.0,9.0,32.0
20260820_163543_7fe161af,15.0,lp_sweep_35,1,0.998379905186952,5.1888e-06,5749.865881354024,2,2,0.3849819333419225,14.891856,4.180904,8.120602,-0.11319724796006526,0.5723268855090538,0.5834138161050233,0.22472080206510162,26.888604144010582,1.7019128635800614e-05,0.01343956993376212,6.103102427465375,0.40237589441351446,0.7114072449371089,2.0119438522106785e-05,1.4586435453640713e-05,-2.048e-07,4.336e-07,1.516e-06,6.384e-07,1.0824e-06,1.1862796056827731,0.9272810278655782,1.7256e-06,0.5428322151321666,4.952472,1.1399635211673225,1.77610014762874,5.580045830086182,0.8962485076362301,0.07594603242655365,0.01353010396588701,0.00892864888533252,33.0,1.0,35.0,1.0,9.0,9.0,32.0
20260820_163546_7f67354e,15.0,lp_sweep_35,0,0.0,0.0,0.0,0,0,0.0,0.0,4.180904,8.120602,-0.10688364173946434,0.6192958526154837,0.6284516416863186,0.22413582676470953,21.746726112788558,1.9748205219256954e-05,0.02131131803782279,6.0962705973543745,0.4540607556453678,0.756555953974382,2.2703764279477422e-05,1.5232332963079775e-05,-2.048e-07,4.312e-07,1.4944e-06,6.36e-07,1.0632e-06,1.1909385244966122,0.9190692053569601,9.8664e-06,0.08141231119744136,28.316567999999997,1.1399635211673225,1.5817861283819756,5.039457817506932,0.9087457822708586,0.0691681709176291,0.011143042949350606,0.0070421308186429995,33.0,1.0,35.0,1.0,9.0,9.0,32.0
20260820_163546_94218cd2,15.0,lp_sweep_35,0,0.0,0.0,0.0,0,0,0.0,0.0,4.180904,8.120602,-0.10611566641067487,0.6252838080652715,0.6342242310779279,0.24064200975016037,21.556246476458405,2.0112662348919906e-05,0.018335413266775465,6.070670089324788,0.4604232798463034,0.7624301951346752,2.3021900669562923e-05,1.52843613196456e-05,-2.048e-07,4.312e-07,1.492e-06,6.36e-07,1.0608e-06,1.1784280529175206,0.918910402275555,9.876e-06,0.0838343949911279,28.34412,1.1399635211673225,1.5690993134392963,4.900837784402293,0.9065647298687783,0.07176737837279783,0.011059595314568776,0.006834530504426641,33.0,1.0,35.0,1.0,9.0,9.0,32.0
20260820_163550_a144d4cb,10.0,lp_sweep_35,1,0.9997506726234993,3.384e-06,5752.5703214864025,2,2,0.4130778769861007,9.71208,4.180904,8.120602,-0.11208580627819908,0.5971395257313181,0.6075679724604133,0.0700046158480196,22.714547964512526,1.8457532680128732e-05,0.012959585293270615,6.094632891713203,0.45048832082806006,0.7230790755277512,2.252513682271633e-05,1.4807476164922681e-05,-2.048e-07,4.312e-07,1.5232e-06,6.36e-07,1.092e-06,1.1782294149094754,0.9351940153095718,1.7375999999999999e-06,0.5443033632447374,4.986911999999999,1.1399635211673225,1.7616969367626636,5.414118913878232,0.9014326067694498,0.0715500154684821,0.013215827993636164,0.008405653030262025,33.0,1.0,35.0,1.0,9.0,9.0,32.0
20260820_163553_cb34a76e,10.0,lp_sweep_35,0,0.0,0.0,0.0,0,0,0.0,0.0,4.180904,8.120602,-0.10690293760199675,0.6569124487129048,0.6655540574152646,-0.02178124611844258,16.52655999352192,2.2148818906621413e-05,0.0111356436594029,5.991676814693494,0.5279159642581287,0.7719213061624924,2.639664287844925e-05,1.5278804831196407e-05,-2.048e-07,4.336e-07,1.9288e-06,6.384e-07,1.4952e-06,1.1688447744700639,0.9705530386088763,1.2408e-06,0.5322179653421043,3.561096,1.1399635211673225,1.5645114316246016,4.696494470578098,0.9254804594334978,0.05440411142976627,0.01033274596156518,0.006248519365927545,33.0,1.0,35.0,1.0,9.0,9.0,32.0
20260820_163553_a1d5d27c,10.0,lp_sweep_35,0,0.0,0.0,0.0,0,0,0.0,0.0,4.180904,8.120602,-0.10494633714121147,0.661085738899937,0.6693639427517983,-0.0412342186494145,16.31861834968431,2.2403121269752207e-05,0.010943649803206298,6.070804022811154,0.5314350917394975,0.7763517961064703,2.657260488312166e-05,1.5291164668754862e-05,-2.048e-07,4.312e-07,1.9288e-06,6.36e-07,1.4976e-06,1.18536694187454,0.9435889608569141,6.936e-06,0.10561080520118805,19.90632,1.1399635211673225,1.5527336938731382,4.624366263417034,0.9256003621883394,0.054449965020193954,0.010119050115100463,0.00631109069587553,33.0,1.0,35.0,1.0,9.0,9.0,32.0
20260820_163557_4352bafe,5.0,lp_sweep_35,0,0.0,0.0,0.0,0,0,0.0,0.0,4.180904,8.120602,-0.11164971978496689,0.6971928923305903,0.7060761920956942,-0.028196545116767568,12.794617844332896,2.4927977121960255e-05,0.014975520783334932,6.0307398415209725,0.6020205429077327,0.7888329532953561,3.0101990378255285e-05,1.551984089697595e-05,-2.048e-07,4.312e-07,1.5232e-06,6.36e-07,1.092e-06,1.174943680765582,0.9462614475168419,1.3032e-06,0.623895866968205,3.740184,1.159962881187802,1.6866929730929991,4.7192525250607416,0.9228390259217354,0.05654964801027055,0.010193333524127175,0.006393297311519502,33.0,1.0,35.0,1.0,9.0,9.0,32.0
20260820_163600_cbd0ef6a,5.0,lp_sweep_35,0,0.0,0.0,0.0,0,0,0.0,0.0,4.180904,8.120602,-0.10607321551310359,0.7113372669820176,0.7192024989158029,-0.1408802804784011,14.698437930082942,2.5863439325911892e-05,0.01583949313621964,6.150395641594278,0.5996522187666026,0.8146975331503497,2.9983570381880156e-05,1.556185069019787e-05,-2.048e-07,4.312e-07,1.9264e-06,6.36e-07,1.4951999999999999e-06,1.2146381796682604,0.9327917914483269,9.36e-06,0.0888894662088147,26.8632,1.159962881187802,1.529812912057911,4.323566473829938,0.9307083294820748,0.05141624757096139,0.009513322700332984,0.005326696577507093,33.0,1.0,35.0,1.0,9.0,9.0,32.0
20260820_163600_9bb5ac25,5.0,lp_sweep_35,0,0.0,0.0,0.0,0,0,0.0,0.0,4.180904,8.120602,-0.10386190966689067,0.7095577760338581,0.7171189119035755,-0.14452166742750092,14.846121072770604,2.57137995057425e-05,0.015071517711433235,6.077646434057602,0.5965571106063583,0.8135818640322247,2.9828810021694884e-05,1.5545326062879063e-05,-2.048e-07,4.312e-07,1.9288e-06,6.36e-07,1.4976e-06,1.1959548182061726,0.9480889227878634,9.3672e-06,0.08882373523566997,26.883864,1.159962881187802,1.5282656363681595,4.279230763078009,0.9298165439717998,0.05193157378073549,0.009764105765579362,0.005473140477029527,33.0,1.0,35.0,1.0,9.0,9.0,32.0
